step,parent_beam_id,beam_id,beam_rank,token_id,token,token_probability,token_log_probability,previous_log_probability,cumulative_log_probability,is_eos,carried_forward,survived,on_final_path
1,0,1,0,108,"

",0.5184987126029478,-0.6568177342414856,0.0,-0.6568177342414856,False,False,True,False
1,0,2,1,107,"
",0.09010157133346523,-2.406817674636841,0.0,-2.406817674636841,False,False,True,False
1,0,3,2,669, The,0.06192584397971066,-2.781817674636841,0.0,-2.781817674636841,False,False,True,True
1,0,4,3,6890, Use,0.02010437804126127,-3.906817674636841,0.0,-3.906817674636841,False,False,False,False
1,0,5,4,15642, Write,0.015657301628705784,-4.15681791305542,0.0,-4.15681791305542,False,False,False,False
1,0,6,5,9996, Make,0.013817520190165595,-4.28181791305542,0.0,-4.28181791305542,False,False,False,False
1,0,7,6,258882,<image|>,0.013817520190165595,-4.28181791305542,0.0,-4.28181791305542,False,False,False,False
1,0,8,7,12213, Include,0.012193918769221247,-4.40681791305542,0.0,-4.40681791305542,False,False,False,False
1,0,9,8,1030, It,0.010761095544205913,-4.53181791305542,0.0,-4.53181791305542,False,False,False,False
1,0,10,9,1599, You,0.010761095544205913,-4.53181791305542,0.0,-4.53181791305542,False,False,False,False
2,1,11,0,258882,<image|>,0.4188566414886871,-0.8702265620231628,-0.6568177342414856,-1.5270442962646484,False,False,True,False
2,1,12,1,6974,Write,0.17460541511943697,-1.7452266216278076,-0.6568177342414856,-2.4020442962646484,False,False,True,False
2,3,13,2,3925, story,0.4571935820956594,-0.7826483845710754,-2.781817674636841,-3.5644659996032715,False,False,True,True
2,2,14,3,258882,<image|>,0.22978414513788575,-1.4706149101257324,-2.406817674636841,-3.8774325847625732,False,False,True,False
2,2,15,4,6974,Write,0.22978414513788575,-1.4706149101257324,-2.406817674636841,-3.8774325847625732,False,False,True,False
2,1,16,5,6924,Create,0.038959734238383045,-3.2452266216278076,-0.6568177342414856,-3.9020442962646484,False,False,True,False
2,1,17,6,43204,Generate,0.03438184479089205,-3.3702266216278076,-0.6568177342414856,-4.027044296264648,False,False,True,False
2,3,18,7,258882,<image|>,0.2773019414933456,-1.2826483249664307,-2.781817674636841,-4.0644659996032715,False,False,True,False
2,1,19,8,818,The,0.01433248867693544,-4.2452263832092285,-0.6568177342414856,-4.902044296264648,False,False,False,False
2,1,20,9,236776,A,0.012648376863724312,-4.3702263832092285,-0.6568177342414856,-5.027044296264648,False,False,False,False
3,11,21,0,258882,<image|>,0.46905085812336095,-0.7570440769195557,-1.5270442962646484,-2.284088373184204,False,False,True,False
3,12,22,1,496, a,0.8162013400459799,-0.2030942142009735,-2.4020442962646484,-2.6051385402679443,False,False,True,False
3,11,23,2,6974,Write,0.1725541675674075,-1.7570440769195557,-1.5270442962646484,-3.284088373184204,False,False,True,False
3,13,24,3,1374, should,0.8038218810912393,-0.21837757527828217,-3.5644659996032715,-3.782843589782715,False,False,True,True
3,16,25,4,496, a,0.8966910018590132,-0.10904395580291748,-3.9020442962646484,-4.0110883712768555,False,False,False,False
3,15,26,5,496, a,0.8282283315192079,-0.1884663999080658,-3.8774325847625732,-4.065898895263672,False,False,False,False
3,17,27,6,496, a,0.7843321454079882,-0.24292269349098206,-4.027044296264648,-4.269967079162598,False,False,True,False
3,14,28,7,258882,<image|>,0.6699403051762488,-0.4005666673183441,-3.8774325847625732,-4.277999401092529,False,False,True,False
3,18,29,8,258882,<image|>,0.6661177035295136,-0.40628889203071594,-4.0644659996032715,-4.470755100250244,False,False,True,False
3,12,30,9,614, an,0.08602698576339682,-2.453094244003296,-2.4020442962646484,-4.855138778686523,False,False,False,False
4,21,31,0,258882,<image|>,0.36818299664325094,-0.9991751909255981,-2.284088373184204,-3.283263683319092,False,False,True,False
4,23,32,1,496, a,0.8141856011001564,-0.20556692779064178,-3.284088373184204,-3.4896552562713623,False,False,True,False
4,24,33,2,577, be,0.5267367442064202,-0.6410543918609619,-3.782843589782715,-4.423897743225098,False,False,True,True
4,28,34,3,258882,<image|>,0.8550450035788482,-0.1566011756658554,-4.277999401092529,-4.434600353240967,False,False,False,False
4,22,35,4,258882,<image|>,0.15223651812508177,-1.8823199272155762,-2.6051385402679443,-4.487458229064941,False,False,True,False
4,21,36,5,6974,Write,0.09309125115080115,-2.3741750717163086,-2.284088373184204,-4.658263206481934,False,False,True,False
4,22,37,6,3925, story,0.1185619195278778,-2.132319927215576,-2.6051385402679443,-4.737458229064941,False,False,True,False
4,22,38,7,12274, funny,0.1185619195278778,-2.132319927215576,-2.6051385402679443,-4.737458229064941,False,False,True,False
4,27,39,8,258882,<image|>,0.5243420461726144,-0.645611047744751,-4.269967079162598,-4.9155778884887695,False,False,True,False
4,29,40,9,258882,<image|>,0.6402266376690128,-0.4459330439567566,-4.470755100250244,-4.916687965393066,False,False,False,False
5,36,41,0,496, a,0.7978996625965353,-0.225772425532341,-4.658263206481934,-4.884035587310791,False,False,True,False
5,38,42,1,3925, story,0.8275999771248028,-0.18922536075115204,-4.737458229064941,-4.92668342590332,False,False,True,False
5,37,43,2,1003, about,0.735420535254959,-0.3073127865791321,-4.737458229064941,-5.044771194458008,False,False,True,False
5,33,44,3,258882,<image|>,0.49436687781912975,-0.7044773697853088,-4.423897743225098,-5.128375053405762,False,False,True,True
5,35,45,4,258882,<image|>,0.45929997872510836,-0.7780517339706421,-4.487458229064941,-5.265510082244873,False,False,True,False
5,31,46,5,6974,Write,0.1314359835502514,-2.029235363006592,-3.283263683319092,-5.312499046325684,False,False,True,False
5,31,47,6,108,"

",0.1314359835502514,-2.029235363006592,-3.283263683319092,-5.312499046325684,False,False,True,False
5,39,48,7,258882,<image|>,0.5229646538202921,-0.648241400718689,-4.9155778884887695,-5.563819408416748,False,False,True,False
5,32,49,8,3925, story,0.12521595443052902,-2.0777153968811035,-3.4896552562713623,-5.567370414733887,False,False,True,False
5,32,50,9,258882,<image|>,0.12521595443052902,-2.0777153968811035,-3.4896552562713623,-5.567370414733887,False,False,True,False
6,42,51,0,1003, about,0.904926787274624,-0.0999012365937233,-4.92668342590332,-5.026584625244141,False,False,True,False
6,44,52,1,258882,<image|>,0.9096666133564816,-0.09467710554599762,-5.128375053405762,-5.223052024841309,False,False,True,True
6,43,53,2,496, a,0.746860704628754,-0.29187658429145813,-5.044771194458008,-5.336647987365723,False,False,True,False
6,45,54,3,258882,<image|>,0.7902254999697571,-0.23543693125247955,-5.265510082244873,-5.500946998596191,False,False,True,False
6,46,55,4,496, a,0.8157226609987934,-0.2036808580160141,-5.312499046325684,-5.516180038452148,False,False,True,False
6,49,56,5,1003, about,0.7381813590619963,-0.30356574058532715,-5.567370414733887,-5.870936393737793,False,False,True,False
6,48,57,6,258882,<image|>,0.5524848917528179,-0.5933291912078857,-5.563819408416748,-6.157148361206055,False,False,True,False
6,50,58,7,258882,<image|>,0.44220300453391653,-0.8159862160682678,-5.567370414733887,-6.38335657119751,False,False,True,False
6,47,59,8,258882,<image|>,0.24880801505968866,-1.3910737037658691,-5.312499046325684,-6.703572750091553,False,False,False,False
6,41,60,9,3925, story,0.15070928998185376,-1.8924025297164917,-4.884035587310791,-6.776438236236572,False,False,True,False
7,51,61,0,496, a,0.8592226578961492,-0.15172718465328217,-5.026584625244141,-5.178311824798584,False,False,True,False
7,52,62,1,258882,<image|>,0.9650933738258283,-0.03553042188286781,-5.223052024841309,-5.258582592010498,False,False,True,True
7,54,63,2,258882,<image|>,0.6689060784201473,-0.40211161971092224,-5.500946998596191,-5.9030585289001465,False,False,True,False
7,56,64,3,496, a,0.7507214483299304,-0.2867206037044525,-5.870936393737793,-6.157657146453857,False,False,True,False
7,58,65,4,258882,<image|>,0.7598636261648221,-0.2746163010597229,-6.38335657119751,-6.657972812652588,False,False,True,False
7,53,66,5,60349, teddy,0.2198686208264554,-1.5147250890731812,-5.336647987365723,-6.851373195648193,False,False,True,False
7,60,67,6,1003, about,0.7187361245361014,-0.3302609920501709,-6.776438236236572,-7.106698989868164,False,False,True,False
7,57,68,7,258882,<image|>,0.37355534108684935,-0.9846891164779663,-6.157148361206055,-7.1418375968933105,False,False,False,False
7,54,69,8,108,"

",0.19164479440485066,-1.6521116495132446,-5.500946998596191,-7.1530585289001465,False,False,True,False
7,55,70,9,12274, funny,0.1591981738579133,-1.8376054763793945,-5.516180038452148,-7.353785514831543,False,False,True,False
8,62,71,0,258882,<image|>,0.8974469466041696,-0.1082012727856636,-5.258582592010498,-5.36678409576416,False,False,True,True
8,61,72,1,60349, teddy,0.5094930860855406,-0.6743389964103699,-5.178311824798584,-5.8526506423950195,False,False,True,False
8,63,73,2,258882,<image|>,0.5861121181964799,-0.534244179725647,-5.9030585289001465,-6.437302589416504,False,False,True,False
8,66,74,3,10591, bear,0.9878317557435425,-0.012242883443832397,-6.851373195648193,-6.863615989685059,False,False,True,False
8,65,75,4,258882,<image|>,0.6511230650413037,-0.4290566146373749,-6.657972812652588,-7.087029457092285,False,False,True,False
8,67,76,5,496, a,0.7360346934466785,-0.30647802352905273,-7.106698989868164,-7.413177013397217,False,False,False,False
8,63,77,6,108,"

",0.2156185985059314,-1.534244179725647,-5.9030585289001465,-7.437302589416504,False,False,True,False
8,70,78,7,3925, story,0.8816285076709517,-0.12598450481891632,-7.353785514831543,-7.479770183563232,False,False,True,False
8,64,79,8,60349, teddy,0.2313393562809414,-1.463869571685791,-6.157657146453857,-7.621526718139648,False,False,True,False
8,69,80,9,258882,<image|>,0.5996870080867814,-0.5113474130630493,-7.1530585289001465,-7.664405822753906,False,False,False,False
9,71,81,0,258882,<image|>,0.8736815495286434,-0.1350393295288086,-5.36678409576416,-5.501823425292969,False,False,True,True
9,72,82,1,10591, bear,0.9938721582099443,-0.00614669406786561,-5.8526506423950195,-5.858797550201416,False,False,True,False
9,73,83,2,108,"

",0.36133239875615986,-1.0179569721221924,-6.437302589416504,-7.455259323120117,False,False,True,False
9,78,84,3,1003, about,0.9239454618518884,-0.07910223305225372,-7.479770183563232,-7.558872222900391,False,False,True,False
9,79,85,4,10591, bear,0.9896066972796699,-0.010447690263390541,-7.621526718139648,-7.631974220275879,False,False,True,False
9,73,86,5,258882,<image|>,0.2814059551003664,-1.2679569721221924,-6.437302589416504,-7.705259323120117,False,False,True,False
9,75,87,6,258882,<image|>,0.4812243138295211,-0.7314217686653137,-7.087029457092285,-7.818451404571533,False,False,True,False
9,74,88,7,528, in,0.3657523490007071,-1.0057988166809082,-6.863615989685059,-7.869414806365967,False,False,True,False
9,77,89,8,258882,<image|>,0.5811513595457735,-0.5427440404891968,-7.437302589416504,-7.98004674911499,False,False,True,False
9,75,90,9,108,"

",0.2918773179340221,-1.231421709060669,-7.087029457092285,-8.318450927734375,False,False,False,False
10,81,91,0,258882,<image|>,0.8824306410704064,-0.1250750869512558,-5.501823425292969,-5.626898288726807,False,False,True,True
10,82,92,1,528, in,0.5012459448233803,-0.6906583905220032,-5.858797550201416,-6.5494561195373535,False,False,True,False
10,82,93,2,236761,.,0.18439808906205898,-1.6906583309173584,-5.858797550201416,-7.549455642700195,False,False,True,False
10,84,94,3,496, a,0.9004358439827184,-0.10487636178731918,-7.558872222900391,-7.663748741149902,False,False,True,False
10,88,95,4,1003, about,0.7585419057561752,-0.2763572335243225,-7.869414806365967,-8.145771980285645,False,False,True,False
10,83,96,5,258882,<image|>,0.42739512743109864,-0.8500463366508484,-7.455259323120117,-8.305305480957031,False,False,True,False
10,86,97,6,108,"

",0.5461033201206665,-0.6049470901489258,-7.705259323120117,-8.310206413269043,False,False,False,False
10,87,98,7,108,"

",0.47965506710875505,-0.7346880435943604,-7.818451404571533,-8.553139686584473,False,False,True,False
10,85,99,8,528, in,0.38891207878923084,-0.9444019794464111,-7.631974220275879,-8.576375961303711,False,False,True,False
10,89,100,9,258882,<image|>,0.49567361691007084,-0.7018375992774963,-7.98004674911499,-8.681884765625,False,False,False,False
11,91,101,0,258882,<image|>,0.8908663728707109,-0.11556083709001541,-5.626898288726807,-5.742459297180176,False,False,True,True
11,92,102,1,1003, about,0.8227144517362598,-0.1951460987329483,-6.5494561195373535,-6.744602203369141,False,False,True,False
11,94,103,2,60349, teddy,0.7250097630046933,-0.32157015800476074,-7.663748741149902,-7.985319137573242,False,False,True,False
11,95,104,3,236743, ,0.994950175623869,-0.00506261782720685,-8.145771980285645,-8.150835037231445,False,False,True,False
11,93,105,4,108,"

",0.4227133047840273,-0.8610610961914062,-7.549455642700195,-8.410516738891602,False,False,True,False
11,99,106,5,1003, about,0.7578425856142591,-0.2772795855998993,-8.576375961303711,-8.853655815124512,False,False,True,False
11,93,107,6,258882,<image|>,0.2563885796199636,-1.3610610961914062,-7.549455642700195,-8.910516738891602,False,False,False,False
11,96,108,7,258882,<image|>,0.5400184418103505,-0.6161519885063171,-8.305305480957031,-8.921457290649414,False,False,True,False
11,92,109,8,236743, ,0.08671346654097248,-2.445146083831787,-6.5494561195373535,-8.99460220336914,False,False,True,False
11,98,110,9,258882,<image|>,0.4066069906455411,-0.899908185005188,-8.553139686584473,-9.453047752380371,False,False,False,False
12,101,111,0,258882,<image|>,0.9157239179844749,-0.08804035931825638,-5.742459297180176,-5.830499649047852,False,False,True,True
12,102,112,1,236743, ,0.9779394339330959,-0.022307539358735085,-6.744602203369141,-6.766909599304199,False,False,True,False
12,103,113,2,10591, bear,0.9852314083339374,-0.014878733083605766,-7.985319137573242,-8.000197410583496,False,False,True,False
12,104,114,3,236770,1,0.8702586851959172,-0.13896477222442627,-8.150835037231445,-8.289799690246582,False,False,True,False
12,106,115,4,236743, ,0.994234026374718,-0.005782661028206348,-8.853655815124512,-8.8594388961792,False,False,True,False
12,109,116,5,236770,1,0.6993475471707706,-0.3576074540615082,-8.99460220336914,-9.35221004486084,False,False,True,False
12,105,117,6,258882,<image|>,0.37432268937029606,-0.9826370477676392,-8.410516738891602,-9.39315414428711,False,False,False,False
12,108,118,7,108,"

",0.5399201819855575,-0.6163339614868164,-8.921457290649414,-9.53779125213623,False,False,True,False
12,105,119,8,6974,Write,0.2915228036029808,-1.2326370477676392,-8.410516738891602,-9.64315414428711,False,False,True,False
12,101,120,9,108,"

",0.019005243734478004,-3.963040351867676,-5.742459297180176,-9.705499649047852,False,False,True,False
13,111,121,0,258882,<image|>,0.9500909922454946,-0.05119751766324043,-5.830499649047852,-5.881697177886963,False,False,True,True
13,112,122,1,236770,1,0.7642851508657715,-0.2688143253326416,-6.766909599304199,-7.035723686218262,False,False,True,False
13,113,123,2,528, in,0.7355416160544415,-0.30714815855026245,-8.000197410583496,-8.307345390319824,False,False,True,False
13,114,124,3,236771,0,0.9694949065367239,-0.030980058014392853,-8.289799690246582,-8.320779800415039,False,False,True,False
13,112,125,4,258882,<image|>,0.11720692397109155,-2.1438143253326416,-6.766909599304199,-8.910723686218262,False,False,True,False
13,115,126,5,236770,1,0.8656624881130797,-0.14426018297672272,-8.8594388961792,-9.00369930267334,False,False,True,False
13,116,127,6,236771,0,0.9070529487132304,-0.09755445271730423,-9.35221004486084,-9.449764251708984,False,False,True,False
13,120,128,7,258882,<image|>,0.9716709189172111,-0.02873809263110161,-9.705499649047852,-9.734237670898438,False,False,True,False
13,118,129,8,258882,<image|>,0.8188758097492825,-0.19982284307479858,-9.53779125213623,-9.737613677978516,False,False,False,False
13,119,130,9,496, a,0.8759458954606405,-0.13245095312595367,-9.64315414428711,-9.775605201721191,False,False,False,False
14,121,131,0,258882,<image|>,0.9434179209378606,-0.058245912194252014,-5.881697177886963,-5.939943313598633,False,False,True,True
14,122,132,1,236771,0,0.9629037997121516,-0.03780176863074303,-7.035723686218262,-7.073525428771973,False,False,True,False
14,124,133,2,236771,0,0.9961906900072147,-0.0038165838923305273,-8.320779800415039,-8.324596405029297,False,False,True,False
14,123,134,3,1003, about,0.9261129549774396,-0.07675907015800476,-8.307345390319824,-8.38410472869873,False,False,True,False
14,126,135,4,236771,0,0.9721449891212246,-0.02825031988322735,-9.00369930267334,-9.031949996948242,False,False,True,False
14,121,136,5,108,"

",0.028488753110562634,-3.558245897293091,-5.881697177886963,-9.439943313598633,False,False,True,False
14,127,137,6,236771,0,0.9786614073416058,-0.021569551900029182,-9.449764251708984,-9.471333503723145,False,False,True,False
14,128,138,7,258882,<image|>,0.8088721864916959,-0.2121143639087677,-9.734237670898438,-9.946352005004883,False,False,True,False
14,125,139,8,258882,<image|>,0.29519208083317966,-1.2201290130615234,-8.910723686218262,-10.130852699279785,False,False,False,False
14,125,140,9,236770,1,0.2298958237093578,-1.4701290130615234,-8.910723686218262,-10.380852699279785,False,False,True,False
15,131,141,0,258882,<image|>,0.9341872246772295,-0.0680784061551094,-5.939943313598633,-6.008021831512451,False,False,True,True
15,132,142,1,236771,0,0.9966794018409236,-0.0033261235803365707,-7.073525428771973,-7.0768513679504395,False,False,True,False
15,133,143,2,21739, tokens,0.9429101834370367,-0.05878424644470215,-8.324596405029297,-8.383380889892578,False,False,True,False
15,134,144,3,236743, ,0.9549611570182027,-0.04608461260795593,-8.38410472869873,-8.43018913269043,False,False,True,False
15,135,145,4,236771,0,0.9964976619232097,-0.003508485620841384,-9.031949996948242,-9.0354585647583,False,False,True,False
15,131,146,5,108,"

",0.041045317495306675,-3.1930785179138184,-5.939943313598633,-9.13302230834961,False,False,True,False
15,136,147,6,258882,<image|>,0.9704731691152634,-0.029971523210406303,-9.439943313598633,-9.469914436340332,False,False,True,False
15,137,148,7,21739, tokens,0.6918841387334959,-0.3683367669582367,-9.471333503723145,-9.839670181274414,False,False,True,False
15,138,149,8,258882,<image|>,0.7537759326530334,-0.2826601266860962,-9.946352005004883,-10.229012489318848,False,False,False,False
15,140,150,9,236771,0,0.9104574422536124,-0.0938081219792366,-10.380852699279785,-10.474660873413086,False,False,False,False
16,141,151,0,258882,<image|>,0.9092036080622576,-0.09518621861934662,-6.008021831512451,-6.103208065032959,False,False,True,True
16,142,152,1,21739, tokens,0.8965953569648643,-0.10915062576532364,-7.0768513679504395,-7.186001777648926,False,False,True,False
16,143,153,2,236761,.,0.8935355207449969,-0.11256919056177139,-8.383380889892578,-8.495949745178223,False,False,True,False
16,144,154,3,236770,1,0.7989158025096271,-0.22449971735477448,-8.43018913269043,-8.654688835144043,False,False,True,False
16,141,155,4,108,"

",0.06586248748126719,-2.720186233520508,-6.008021831512451,-8.728208541870117,False,False,True,False
16,145,156,5,21739, tokens,0.9419571627556135,-0.059795480221509933,-9.0354585647583,-9.095253944396973,False,False,True,False
16,146,157,6,258882,<image|>,0.9719334591023585,-0.02846793457865715,-9.13302230834961,-9.161490440368652,False,False,True,False
16,147,158,7,258882,<image|>,0.8826755796760605,-0.12479755282402039,-9.469914436340332,-9.594712257385254,False,False,True,False
16,142,159,8,4171, words,0.06494914836484611,-2.7341506481170654,-7.0768513679504395,-9.811001777648926,False,False,False,False
16,148,160,9,236761,.,0.722293659416052,-0.3253234922885895,-9.839670181274414,-10.164993286132812,False,False,False,False
17,151,161,0,258882,<image|>,0.989996660442732,-0.010053709149360657,-6.103208065032959,-6.113261699676514,False,False,True,True
17,152,162,1,108,"

",0.46932327227560866,-0.7564634680747986,-7.186001777648926,-7.942465305328369,False,False,True,False
17,153,163,2,108,"

",0.9646068538405886,-0.03603466600179672,-8.495949745178223,-8.531984329223633,False,False,True,False
17,154,164,3,236771,0,0.984511614299216,-0.01560958381742239,-8.654688835144043,-8.67029857635498,False,False,True,False
17,155,165,4,258882,<image|>,0.9969966287464491,-0.003007890423759818,-8.728208541870117,-8.731216430664062,False,False,True,False
17,152,166,5,258882,<image|>,0.15236694925119276,-1.8814635276794434,-7.186001777648926,-9.067464828491211,False,False,True,False
17,157,167,6,258882,<image|>,0.9728913742817724,-0.02748284302651882,-9.161490440368652,-9.188973426818848,False,False,True,False
17,156,168,7,108,"

",0.872784541527834,-0.13606655597686768,-9.095253944396973,-9.23132038116455,False,False,False,False
17,158,169,8,258882,<image|>,0.965437249117622,-0.0351741723716259,-9.594712257385254,-9.629886627197266,False,False,True,False
17,152,170,9,107,"
",0.08155615091527393,-2.5064635276794434,-7.186001777648926,-9.692464828491211,False,False,True,False
18,161,171,0,258882,<image|>,0.9453730497060404,-0.05617566779255867,-6.113261699676514,-6.169437408447266,False,False,True,True
18,162,172,1,258882,<image|>,0.7061099942804835,-0.347984254360199,-7.942465305328369,-8.290449142456055,False,False,True,False
18,164,173,2,236771,0,0.9716363671482802,-0.028773652389645576,-8.67029857635498,-8.699071884155273,False,False,True,False
18,165,174,3,258882,<image|>,0.9257728159496688,-0.0771264135837555,-8.731216430664062,-8.808342933654785,False,False,True,False
18,163,175,4,6974,Write,0.4667820672921264,-0.7618927955627441,-8.531984329223633,-9.293876647949219,False,False,True,False
18,161,176,5,108,"

",0.04153679123218984,-3.181175708770752,-6.113261699676514,-9.294437408447266,False,False,True,False
18,166,177,6,258882,<image|>,0.728162356930648,-0.3172312378883362,-9.067464828491211,-9.384696006774902,False,False,True,False
18,167,178,7,258882,<image|>,0.8208505139825308,-0.19741426408290863,-9.188973426818848,-9.386387825012207,False,False,True,False
18,169,179,8,258882,<image|>,0.8377889343666717,-0.17698907852172852,-9.629886627197266,-9.806875228881836,False,False,True,False
18,170,180,9,258882,<image|>,0.7892412057258853,-0.23668329417705536,-9.692464828491211,-9.929147720336914,False,False,False,False
19,171,181,0,258882,<image|>,0.9516428504132283,-0.04956547170877457,-6.169437408447266,-6.219002723693848,False,False,True,True
19,172,182,1,258882,<image|>,0.6839993219109397,-0.37979835271835327,-8.290449142456055,-8.670247077941895,False,False,True,False
19,173,183,2,21739, tokens,0.9623667101616866,-0.03835970535874367,-8.699071884155273,-8.737431526184082,False,False,True,False
19,174,184,3,258882,<image|>,0.8045147764798214,-0.2175159454345703,-8.808342933654785,-9.025858879089355,False,False,True,False
19,176,185,4,258882,<image|>,0.9727013996309016,-0.027678130194544792,-9.294437408447266,-9.322115898132324,False,False,True,False
19,175,186,5,496, a,0.8592412230489379,-0.1517055779695511,-9.293876647949219,-9.445582389831543,False,False,False,False
19,171,187,6,108,"

",0.03689919463937007,-3.299565553665161,-6.169437408447266,-9.469002723693848,False,False,True,False
19,178,188,7,258882,<image|>,0.8413326336700415,-0.17276817560195923,-9.386387825012207,-9.55915641784668,False,False,True,False
19,177,189,8,258882,<image|>,0.6987382831319852,-0.35847902297973633,-9.384696006774902,-9.743175506591797,False,False,True,False
19,179,190,9,258882,<image|>,0.8376591729461781,-0.17714397609233856,-9.806875228881836,-9.98401927947998,False,False,True,False
20,181,191,0,258882,<image|>,0.9410094451540691,-0.06080210208892822,-6.219002723693848,-6.279804706573486,False,False,True,True
20,182,192,1,258882,<image|>,0.8995270633181479,-0.10588613897562027,-8.670247077941895,-8.77613353729248,False,False,True,False
20,183,193,2,236761,.,0.8477031901558053,-0.16522471606731415,-8.737431526184082,-8.902656555175781,False,False,True,False
20,184,194,3,258882,<image|>,0.8059346641389571,-0.21575260162353516,-9.025858879089355,-9.24161148071289,False,False,True,False
20,181,195,4,108,"

",0.046850107165659016,-3.0608019828796387,-6.219002723693848,-9.279804229736328,False,False,True,False
20,185,196,5,258882,<image|>,0.9541925219353082,-0.04688982293009758,-9.322115898132324,-9.369006156921387,False,False,True,False
20,187,197,6,258882,<image|>,0.9727006096874933,-0.027678942307829857,-9.469002723693848,-9.496681213378906,False,False,True,False
20,188,198,7,258882,<image|>,0.8553273943819052,-0.15627096593379974,-9.55915641784668,-9.71542739868164,False,False,True,False
20,189,199,8,258882,<image|>,0.8801647325861327,-0.12764619290828705,-9.743175506591797,-9.870821952819824,False,False,True,False
20,190,200,9,258882,<image|>,0.8511985873381434,-0.1611098200082779,-9.98401927947998,-10.145129203796387,False,False,False,False
21,191,201,0,258882,<image|>,0.9429295802919271,-0.05876367539167404,-6.279804706573486,-6.338568210601807,False,False,True,True
21,192,202,1,258882,<image|>,0.8992080913343045,-0.10624080151319504,-8.77613353729248,-8.88237476348877,False,False,True,False
21,195,203,2,258882,<image|>,0.9752029491758911,-0.025109676644206047,-9.279804229736328,-9.304913520812988,False,False,True,False
21,191,204,3,108,"

",0.046945696332121076,-3.0587637424468994,-6.279804706573486,-9.338568687438965,False,False,True,False
21,193,205,4,108,"

",0.5762304585013311,-0.5512475967407227,-8.902656555175781,-9.453904151916504,False,False,True,False
21,194,206,5,258882,<image|>,0.8049100167385661,-0.2170247882604599,-9.24161148071289,-9.458636283874512,False,False,True,False
21,196,207,6,258882,<image|>,0.8974683570351447,-0.10817741602659225,-9.369006156921387,-9.47718334197998,False,False,True,False
21,197,208,7,258882,<image|>,0.9626388250981415,-0.038076989352703094,-9.496681213378906,-9.534758567810059,False,False,True,False
21,198,209,8,258882,<image|>,0.8546714505842652,-0.157038152217865,-9.71542739868164,-9.872465133666992,False,False,True,False
21,199,210,9,258882,<image|>,0.8656484666046264,-0.14427638053894043,-9.870821952819824,-10.015098571777344,False,False,False,False
22,201,211,0,258882,<image|>,0.9360976655552561,-0.06603546440601349,-6.338568210601807,-6.404603481292725,False,False,True,True
22,202,212,1,258882,<image|>,0.8299550476518205,-0.18638373911380768,-8.88237476348877,-9.068758964538574,False,False,True,False
22,201,213,2,108,"

",0.052811014128289285,-2.941035509109497,-6.338568210601807,-9.279603958129883,False,False,True,False
22,203,214,3,258882,<image|>,0.9647406397223897,-0.03589598089456558,-9.304913520812988,-9.34080982208252,False,False,True,False
22,204,215,4,258882,<image|>,0.968810556322712,-0.03168619051575661,-9.338568687438965,-9.370254516601562,False,False,True,False
22,206,216,5,258882,<image|>,0.8228782781570452,-0.1949469894170761,-9.458636283874512,-9.653583526611328,False,False,True,False
22,208,217,6,258882,<image|>,0.8868297743715876,-0.12010222673416138,-9.534758567810059,-9.654860496520996,False,False,True,False
22,207,218,7,258882,<image|>,0.8273116881645343,-0.1895737648010254,-9.47718334197998,-9.666757583618164,False,False,True,False
22,205,219,8,258882,<image|>,0.7118143373258511,-0.3399381637573242,-9.453904151916504,-9.793842315673828,False,False,True,False
22,209,220,9,258882,<image|>,0.85490339727456,-0.15676680207252502,-9.872465133666992,-10.029232025146484,False,False,False,False
23,211,221,0,258882,<image|>,0.9124786638565658,-0.09159057587385178,-6.404603481292725,-6.496193885803223,False,False,True,True
23,211,222,1,108,"

",0.0749008048445127,-2.591590642929077,-6.404603481292725,-8.996193885803223,False,False,True,False
23,213,223,2,258882,<image|>,0.9619428265774638,-0.03880026191473007,-9.279603958129883,-9.318404197692871,False,False,True,False
23,215,224,3,258882,<image|>,0.9650505157666752,-0.03557483106851578,-9.370254516601562,-9.405829429626465,False,False,True,False
23,214,225,4,258882,<image|>,0.9188281630919966,-0.08465615659952164,-9.34080982208252,-9.42546558380127,False,False,True,False
23,212,226,5,258882,<image|>,0.5465579113326713,-0.6041150093078613,-9.068758964538574,-9.672874450683594,False,False,False,False
23,216,227,6,258882,<image|>,0.8691791580944908,-0.1402060091495514,-9.653583526611328,-9.793789863586426,False,False,True,False
23,217,228,7,258882,<image|>,0.8441569601427551,-0.16941682994365692,-9.654860496520996,-9.8242769241333,False,False,True,False
23,218,229,8,258882,<image|>,0.824973522542746,-0.19240398705005646,-9.666757583618164,-9.859161376953125,False,False,True,False
23,219,230,9,258882,<image|>,0.8300603371032369,-0.18625688552856445,-9.793842315673828,-9.980098724365234,False,False,True,False
24,221,231,0,258882,<image|>,0.9104443028318209,-0.09382255375385284,-6.496193885803223,-6.5900163650512695,False,False,True,True
24,222,232,1,258882,<image|>,0.955780361044503,-0.04522714018821716,-8.996193885803223,-9.041420936584473,False,False,True,False
24,221,233,2,108,"

",0.07473382491319017,-2.593822479248047,-6.496193885803223,-9.09001636505127,False,False,True,False
24,223,234,3,258882,<image|>,0.9605073244001934,-0.04029367119073868,-9.318404197692871,-9.358697891235352,False,False,True,False
24,224,235,4,258882,<image|>,0.9188665072362477,-0.08461442589759827,-9.405829429626465,-9.49044418334961,False,False,True,False
24,225,236,5,258882,<image|>,0.8599318883562281,-0.15090209245681763,-9.42546558380127,-9.576367378234863,False,False,True,False
24,227,237,6,258882,<image|>,0.8826810578722011,-0.12479134649038315,-9.793789863586426,-9.918581008911133,False,False,True,False
24,228,238,7,258882,<image|>,0.8579423749145101,-0.1532183438539505,-9.8242769241333,-9.977495193481445,False,False,True,False
24,229,239,8,258882,<image|>,0.8391966411971625,-0.17531022429466248,-9.859161376953125,-10.03447151184082,False,False,True,False
24,230,240,9,258882,<image|>,0.6551981383113367,-0.422817587852478,-9.980098724365234,-10.402915954589844,False,False,False,False
25,231,241,0,258882,<image|>,0.8637640689966796,-0.14645561575889587,-6.5900163650512695,-6.736472129821777,False,False,True,True
25,231,242,1,108,"

",0.11689776537874891,-2.1464555263519287,-6.5900163650512695,-8.736472129821777,False,False,True,False
25,232,243,2,258882,<image|>,0.9643685447447223,-0.03628174960613251,-9.041420936584473,-9.077702522277832,False,False,True,False
25,233,244,3,258882,<image|>,0.9361038240334986,-0.0660288855433464,-9.09001636505127,-9.156044960021973,False,False,True,False
25,234,245,4,258882,<image|>,0.927896042056526,-0.07483557611703873,-9.358697891235352,-9.433533668518066,False,False,True,False
25,235,246,5,258882,<image|>,0.8739826627654088,-0.13469474017620087,-9.49044418334961,-9.625139236450195,False,False,True,False
25,236,247,6,258882,<image|>,0.8421529422059497,-0.1717936396598816,-9.576367378234863,-9.748161315917969,False,False,True,False
25,237,248,7,258882,<image|>,0.8830514311960267,-0.12437183409929276,-9.918581008911133,-10.042952537536621,False,False,True,False
25,238,249,8,258882,<image|>,0.8560448771877475,-0.15543247759342194,-9.977495193481445,-10.132927894592285,False,False,True,False
25,239,250,9,258882,<image|>,0.8700558654903222,-0.13919785618782043,-10.03447151184082,-10.173669815063477,False,False,False,False
26,241,251,0,258882,<image|>,0.863514393117722,-0.1467447131872177,-6.736472129821777,-6.883216857910156,False,False,True,True
26,242,252,1,258882,<image|>,0.9285981038633352,-0.0740792453289032,-8.736472129821777,-8.810551643371582,False,False,True,False
26,241,253,2,108,"

",0.11686396323006987,-2.146744728088379,-6.736472129821777,-8.883216857910156,False,False,True,False
26,243,254,3,258882,<image|>,0.935368050717482,-0.06681519001722336,-9.077702522277832,-9.14451789855957,False,False,True,False
26,244,255,4,258882,<image|>,0.9549721391071059,-0.04607311263680458,-9.156044960021973,-9.202117919921875,False,False,True,False
26,245,256,5,258882,<image|>,0.8738319043708579,-0.13486725091934204,-9.433533668518066,-9.568401336669922,False,False,True,False
26,246,257,6,258882,<image|>,0.8585231209368079,-0.15254166722297668,-9.625139236450195,-9.777681350708008,False,False,True,False
26,247,258,7,258882,<image|>,0.8412060838574756,-0.17291860282421112,-9.748161315917969,-9.921079635620117,False,False,True,False
26,248,259,8,258882,<image|>,0.8838170344536982,-0.12350521236658096,-10.042952537536621,-10.166458129882812,False,False,True,False
26,249,260,9,258882,<image|>,0.8570511050634363,-0.15425772964954376,-10.132927894592285,-10.287185668945312,False,False,False,False
27,251,261,0,258882,<image|>,0.8774883606690008,-0.13069158792495728,-6.883216857910156,-7.013908386230469,False,False,True,True
27,252,262,1,258882,<image|>,0.9498054898204166,-0.051498062908649445,-8.810551643371582,-8.86205005645752,False,False,True,False
27,253,263,2,258882,<image|>,0.9321159235152697,-0.07029809057712555,-8.883216857910156,-8.95351505279541,False,False,True,False
27,251,264,3,108,"

",0.10480104578082551,-2.2556915283203125,-6.883216857910156,-9.138908386230469,False,False,True,False
27,254,265,4,258882,<image|>,0.9099089496206128,-0.094410739839077,-9.14451789855957,-9.23892879486084,False,False,True,False
27,255,266,5,258882,<image|>,0.9352813878125603,-0.0669078454375267,-9.202117919921875,-9.269025802612305,False,False,True,False
27,256,267,6,258882,<image|>,0.8737533515447973,-0.13495714962482452,-9.568401336669922,-9.70335865020752,False,False,True,False
27,257,268,7,258882,<image|>,0.8580638347187194,-0.15307678282260895,-9.777681350708008,-9.930758476257324,False,False,True,False
27,258,269,8,258882,<image|>,0.8572307360263807,-0.1540481597185135,-9.921079635620117,-10.075127601623535,False,False,True,False
27,259,270,9,258882,<image|>,0.8717080641473745,-0.13730069994926453,-10.166458129882812,-10.30375862121582,False,False,False,False
28,261,271,0,258882,<image|>,0.8784549568777098,-0.12959064543247223,-7.013908386230469,-7.14349889755249,False,False,True,True
28,262,272,1,258882,<image|>,0.9486853620941056,-0.05267808213829994,-8.86205005645752,-8.914728164672852,False,False,True,False
28,263,273,2,258882,<image|>,0.9607603413968041,-0.040030285716056824,-8.95351505279541,-8.993545532226562,False,False,True,False
28,264,274,3,258882,<image|>,0.9418481249069607,-0.05991124361753464,-9.138908386230469,-9.198819160461426,False,False,True,False
28,261,275,4,108,"

",0.10491647204487665,-2.2545907497406006,-7.013908386230469,-9.268499374389648,False,False,True,False
28,265,276,5,258882,<image|>,0.8990356863829945,-0.10643254965543747,-9.23892879486084,-9.345361709594727,False,False,True,False
28,266,277,6,258882,<image|>,0.9099651114888774,-0.09434901922941208,-9.269025802612305,-9.363374710083008,False,False,True,False
28,267,278,7,258882,<image|>,0.8864624131496135,-0.12051655352115631,-9.70335865020752,-9.823875427246094,False,False,True,False
28,268,279,8,258882,<image|>,0.8587790572853703,-0.15224359929561615,-9.930758476257324,-10.083002090454102,False,False,True,False
28,269,280,9,258882,<image|>,0.8730235243497905,-0.1357927769422531,-10.075127601623535,-10.210920333862305,False,False,False,False
29,271,281,0,258882,<image|>,0.903193370436298,-0.10181860625743866,-7.14349889755249,-7.245317459106445,False,False,True,True
29,272,282,1,258882,<image|>,0.9279311487842824,-0.07479774206876755,-8.914728164672852,-8.98952579498291,False,False,True,False
29,273,283,2,258882,<image|>,0.9591484750840458,-0.04170939326286316,-8.993545532226562,-9.03525447845459,False,False,True,False
29,274,284,3,258882,<image|>,0.9604160496558554,-0.04038870334625244,-9.198819160461426,-9.239208221435547,False,False,True,False
29,275,285,4,258882,<image|>,0.9399644058958381,-0.06191327050328255,-9.268499374389648,-9.330412864685059,False,False,True,False
29,276,286,5,258882,<image|>,0.8973718670273252,-0.10828493535518646,-9.345361709594727,-9.453646659851074,False,False,True,False
29,277,287,6,258882,<image|>,0.8985167418248422,-0.10700993984937668,-9.363374710083008,-9.47038459777832,False,False,True,False
29,271,288,7,108,"

",0.0840100737651327,-2.476818561553955,-7.14349889755249,-9.620317459106445,False,False,True,False
29,278,289,8,258882,<image|>,0.8973860747653157,-0.108269102871418,-9.823875427246094,-9.932144165039062,False,False,True,False
29,279,290,9,258882,<image|>,0.8974939940570053,-0.10814885050058365,-10.083002090454102,-10.191150665283203,False,False,False,False
30,281,291,0,258882,<image|>,0.9219934474748218,-0.08121716231107712,-7.245317459106445,-7.326534748077393,False,False,True,True
30,282,292,1,258882,<image|>,0.9267683976297719,-0.07605158537626266,-8.98952579498291,-9.065577507019043,False,False,True,False
30,283,293,2,258882,<image|>,0.9426738949055868,-0.05903487280011177,-9.03525447845459,-9.094289779663086,False,False,True,False
30,284,294,3,258882,<image|>,0.9637032575199183,-0.03697185590863228,-9.239208221435547,-9.276180267333984,False,False,True,False
30,285,295,4,258882,<image|>,0.9676934047302882,-0.03283997252583504,-9.330412864685059,-9.363252639770508,False,False,True,False
30,287,296,5,258882,<image|>,0.9581373012270412,-0.04276419058442116,-9.47038459777832,-9.51314926147461,False,False,True,False
30,286,297,6,258882,<image|>,0.905462454111758,-0.09930946677923203,-9.453646659851074,-9.552956581115723,False,False,True,False
30,288,298,7,258882,<image|>,0.9493543503700017,-0.05197315663099289,-9.620317459106445,-9.672290802001953,False,False,True,False
30,281,299,8,108,"

",0.06678898878649872,-2.706217050552368,-7.245317459106445,-9.951534271240234,False,False,True,False
30,289,300,9,258882,<image|>,0.946970236231521,-0.05448761582374573,-9.932144165039062,-9.986631393432617,False,False,True,False
31,291,301,0,258882,<image|>,0.975483281497308,-0.024822257459163666,-7.326534748077393,-7.3513569831848145,False,False,True,True
31,292,302,1,258882,<image|>,0.9951080957108358,-0.00490390881896019,-9.065577507019043,-9.070481300354004,False,False,True,False
31,293,303,2,258882,<image|>,0.9512402247636215,-0.04998864606022835,-9.094289779663086,-9.144278526306152,False,False,True,False
31,294,304,3,258882,<image|>,0.9489471110052465,-0.05240221321582794,-9.276180267333984,-9.328582763671875,False,False,True,False
31,295,305,4,258882,<image|>,0.9592236025905114,-0.041631069034338,-9.363252639770508,-9.40488338470459,False,False,True,False
31,296,306,5,258882,<image|>,0.9958301150349669,-0.004178603179752827,-9.51314926147461,-9.517328262329102,False,False,True,False
31,297,307,6,258882,<image|>,0.9493943185601659,-0.05193105712532997,-9.552956581115723,-9.604887962341309,False,False,True,False
31,298,308,7,258882,<image|>,0.9726013663736237,-0.02778097614645958,-9.672290802001953,-9.700071334838867,False,False,True,False
31,299,309,8,258882,<image|>,0.9585498379106615,-0.04233372211456299,-9.951534271240234,-9.993867874145508,False,False,True,False
31,300,310,9,258882,<image|>,0.9859855158096179,-0.014113614335656166,-9.986631393432617,-10.000744819641113,False,False,True,False
32,301,311,0,258882,<image|>,0.9870145457534026,-0.013070502318441868,-7.3513569831848145,-7.36442756652832,False,False,True,True
32,302,312,1,258882,<image|>,0.9755732442857213,-0.02473003789782524,-9.070481300354004,-9.095211029052734,False,False,True,False
32,303,313,2,258882,<image|>,0.9857126674306738,-0.014390379190444946,-9.144278526306152,-9.158668518066406,False,False,True,False
32,304,314,3,258882,<image|>,0.992942546272708,-0.00708247534930706,-9.328582763671875,-9.335665702819824,False,False,True,False
32,305,315,4,258882,<image|>,0.9591273082346489,-0.04173146188259125,-9.40488338470459,-9.446615219116211,False,False,True,False
32,306,316,5,258882,<image|>,0.9729904532678061,-0.027381008490920067,-9.517328262329102,-9.544709205627441,False,False,True,False
32,307,317,6,258882,<image|>,0.9335670716280069,-0.06874246895313263,-9.604887962341309,-9.673630714416504,False,False,True,False
32,308,318,7,258882,<image|>,0.9672391665107217,-0.033309485763311386,-9.700071334838867,-9.733381271362305,False,False,True,False
32,309,319,8,258882,<image|>,0.9756970416293079,-0.02460314892232418,-9.993867874145508,-10.018470764160156,False,False,True,False
32,310,320,9,258882,<image|>,0.9722400840829468,-0.028152504935860634,-10.000744819641113,-10.028897285461426,False,False,True,False
33,311,321,0,258882,<image|>,0.9135795483941903,-0.0903848260641098,-7.36442756652832,-7.454812526702881,False,False,True,True
33,312,322,1,258882,<image|>,0.9431970706567502,-0.05848003551363945,-9.095211029052734,-9.153691291809082,False,False,True,False
33,313,323,2,258882,<image|>,0.9695820866573925,-0.03089013881981373,-9.158668518066406,-9.189558982849121,False,False,True,False
33,314,324,3,258882,<image|>,0.9758634385313311,-0.024432621896266937,-9.335665702819824,-9.360097885131836,False,False,True,False
33,315,325,4,258882,<image|>,0.9968396483416125,-0.0031653561163693666,-9.446615219116211,-9.449780464172363,False,False,True,False
33,316,326,5,258882,<image|>,0.942997314344106,-0.0586918443441391,-9.544709205627441,-9.603401184082031,False,False,True,False
33,317,327,6,258882,<image|>,0.9447544527143619,-0.05683022364974022,-9.673630714416504,-9.730461120605469,False,False,True,False
33,318,328,7,258882,<image|>,0.9633628242380889,-0.0373251736164093,-9.733381271362305,-9.770706176757812,False,False,True,False
33,319,329,8,258882,<image|>,0.9589816969736944,-0.04188328981399536,-10.018470764160156,-10.060354232788086,False,False,True,False
33,320,330,9,258882,<image|>,0.9306614284219744,-0.07185973227024078,-10.028897285461426,-10.100756645202637,False,False,False,False
34,321,331,0,258882,<image|>,0.6760650217542328,-0.39146602153778076,-7.454812526702881,-7.846278667449951,False,False,True,False
34,321,332,1,108,"

",0.24871042239850613,-1.3914660215377808,-7.454812526702881,-8.846278190612793,False,False,True,True
34,323,333,2,258882,<image|>,0.9388453915153895,-0.06310446560382843,-9.189558982849121,-9.252663612365723,False,False,True,False
34,322,334,3,258882,<image|>,0.8935892072960112,-0.1125091090798378,-9.153691291809082,-9.266200065612793,False,False,True,False
34,324,335,4,258882,<image|>,0.9249927978861894,-0.07796932756900787,-9.360097885131836,-9.438067436218262,False,False,True,False
34,325,336,5,258882,<image|>,0.9678749484532955,-0.03265238553285599,-9.449780464172363,-9.482433319091797,False,False,True,False
34,326,337,6,258882,<image|>,0.8654143912698383,-0.14454682171344757,-9.603401184082031,-9.747947692871094,False,False,True,False
34,328,338,7,258882,<image|>,0.9967749751300512,-0.0032302364706993103,-9.770706176757812,-9.77393627166748,False,False,True,False
34,329,339,8,258882,<image|>,0.9636174621512003,-0.03706088662147522,-10.060354232788086,-10.09741497039795,False,False,True,False
34,327,340,9,258882,<image|>,0.6279862787721394,-0.46523696184158325,-9.730461120605469,-10.195697784423828,False,False,False,False
35,331,341,0,258882,<image|>,0.7919894358740309,-0.23320722579956055,-7.846278667449951,-8.079485893249512,False,False,True,False
35,332,342,1,258882,<image|>,0.9400656332618113,-0.06180558353662491,-8.846278190612793,-8.90808391571045,False,False,True,True
35,333,343,2,258882,<image|>,0.834043198493386,-0.1814700812101364,-9.252663612365723,-9.434133529663086,False,False,True,False
35,335,344,3,258882,<image|>,0.8862650812813438,-0.12073918431997299,-9.438067436218262,-9.558806419372559,False,False,True,False
35,336,345,4,258882,<image|>,0.9178202336672097,-0.08575373142957687,-9.482433319091797,-9.56818675994873,False,False,True,False
35,331,346,5,108,"

",0.15595196656198004,-1.8582072257995605,-7.846278667449951,-9.704485893249512,False,False,True,False
35,334,347,6,258882,<image|>,0.5929253816284544,-0.5226867198944092,-9.266200065612793,-9.788887023925781,False,False,True,False
35,338,348,7,258882,<image|>,0.9751505748599787,-0.025163384154438972,-9.77393627166748,-9.799099922180176,False,False,True,False
35,339,349,8,258882,<image|>,0.9973597088378683,-0.002643782878294587,-10.09741497039795,-10.100058555603027,False,False,True,False
35,337,350,9,258882,<image|>,0.49162434011122036,-0.7100403904914856,-9.747947692871094,-10.457987785339355,False,False,False,False
36,341,351,0,258882,<image|>,0.6866025669678584,-0.37599965929985046,-8.079485893249512,-8.455485343933105,False,False,True,False
36,342,352,1,258882,<image|>,0.9816806029344894,-0.018489275127649307,-8.90808391571045,-8.926572799682617,False,False,True,True
36,341,353,2,108,"

",0.1967149231102497,-1.6259996891021729,-8.079485893249512,-9.705485343933105,False,False,True,False
36,345,354,3,258882,<image|>,0.8323806331578514,-0.18346545100212097,-9.56818675994873,-9.751651763916016,False,False,True,False
36,346,355,4,258882,<image|>,0.9401894342255047,-0.06167389824986458,-9.704485893249512,-9.766160011291504,False,False,True,False
36,343,356,5,258882,<image|>,0.6538779411769097,-0.42483457922935486,-9.434133529663086,-9.858967781066895,False,False,True,False
36,348,357,6,258882,<image|>,0.9162188047525271,-0.08750007301568985,-9.799099922180176,-9.88659954071045,False,False,True,False
36,347,358,7,258882,<image|>,0.840668406240383,-0.17355798184871674,-9.788887023925781,-9.962445259094238,False,False,True,False
36,349,359,8,258882,<image|>,0.9680207056031639,-0.03250180184841156,-10.100058555603027,-10.132560729980469,False,False,True,False
36,344,360,9,258882,<image|>,0.41481987617364147,-0.8799108862876892,-9.558806419372559,-10.438716888427734,False,False,True,False
37,352,361,0,258882,<image|>,0.932643516808291,-0.06973223388195038,-8.926572799682617,-8.996305465698242,False,False,True,True
37,351,362,1,108,"

",0.42825563746229367,-0.8480349779129028,-8.455485343933105,-9.303520202636719,False,False,True,False
37,353,363,2,258882,<image|>,0.9332673257230965,-0.06906359642744064,-9.705485343933105,-9.774548530578613,False,False,True,False
37,355,364,3,258882,<image|>,0.9793785012350302,-0.02083709090948105,-9.766160011291504,-9.786996841430664,False,False,True,False
37,358,365,4,258882,<image|>,0.9488888224744324,-0.05246363952755928,-9.962445259094238,-10.014908790588379,False,False,True,False
37,356,366,5,258882,<image|>,0.8515257158702425,-0.16072557866573334,-9.858967781066895,-10.019693374633789,False,False,True,False
37,357,367,6,258882,<image|>,0.7711493985289438,-0.2598731517791748,-9.88659954071045,-10.146472930908203,False,False,True,False
37,359,368,7,258882,<image|>,0.9214948374097938,-0.08175810426473618,-10.132560729980469,-10.214319229125977,False,False,True,False
37,354,369,8,258882,<image|>,0.45172883378928896,-0.7946732044219971,-9.751651763916016,-10.546324729919434,False,False,True,False
37,360,370,9,258882,<image|>,0.7206800222402869,-0.32756003737449646,-10.438716888427734,-10.766277313232422,False,False,True,False
38,361,371,0,258882,<image|>,0.8946071720599661,-0.11137057095766068,-8.996305465698242,-9.10767650604248,False,False,True,True
38,362,372,1,258882,<image|>,0.9517444490816802,-0.049458716064691544,-9.303520202636719,-9.352978706359863,False,False,True,False
38,363,373,2,258882,<image|>,0.9709407880964551,-0.02948979288339615,-9.774548530578613,-9.804038047790527,False,False,True,False
38,364,374,3,258882,<image|>,0.9332436497528432,-0.06908896565437317,-9.786996841430664,-9.856085777282715,False,False,True,False
38,365,375,4,258882,<image|>,0.9510759696935105,-0.05016133561730385,-10.014908790588379,-10.065070152282715,False,False,True,False
38,366,376,5,258882,<image|>,0.9305598444015645,-0.07196889072656631,-10.019693374633789,-10.091662406921387,False,False,True,False
38,368,377,6,258882,<image|>,0.7228592403476792,-0.32454076409339905,-10.214319229125977,-10.538860321044922,False,False,False,False
38,369,378,7,258882,<image|>,0.6704869114960664,-0.39975109696388245,-10.546324729919434,-10.946075439453125,False,False,True,False
38,370,379,8,258882,<image|>,0.8204603322608989,-0.19788971543312073,-10.766277313232422,-10.964166641235352,False,False,True,False
38,367,380,9,258882,<image|>,0.37881008626479856,-0.9707202911376953,-10.146472930908203,-11.117193222045898,False,False,True,False
39,372,381,0,258882,<image|>,0.9773425125572682,-0.022918112576007843,-9.352978706359863,-9.375896453857422,False,False,True,False
39,371,382,1,258882,<image|>,0.7168578423296262,-0.3328777253627777,-9.10767650604248,-9.44055461883545,False,False,True,True
39,373,383,2,258882,<image|>,0.9230044744128896,-0.08012119680643082,-9.804038047790527,-9.884159088134766,False,False,True,False
39,374,384,3,258882,<image|>,0.8672120435710906,-0.14247176051139832,-9.856085777282715,-9.998557090759277,False,False,True,False
39,375,385,4,258882,<image|>,0.9324041566358218,-0.069988913834095,-10.065070152282715,-10.135059356689453,False,False,True,False
39,376,386,5,258882,<image|>,0.8747625365367057,-0.13380281627178192,-10.091662406921387,-10.225464820861816,False,False,True,False
39,371,387,6,108,"

",0.23272966032161152,-1.4578777551651,-9.10767650604248,-10.56555461883545,False,False,True,False
39,378,388,7,258882,<image|>,0.8717050765761472,-0.1373041272163391,-10.946075439453125,-11.083379745483398,False,False,True,False
39,379,389,8,258882,<image|>,0.8744424821220694,-0.13416875898838043,-10.964166641235352,-11.098335266113281,False,False,True,False
39,380,390,9,258882,<image|>,0.7219973713676971,-0.3257337808609009,-11.117193222045898,-11.442927360534668,False,False,False,False
40,381,391,0,258882,<image|>,0.9587805657163408,-0.04209304600954056,-9.375896453857422,-9.417989730834961,False,False,True,False
40,382,392,1,258882,<image|>,0.8010899718826703,-0.22178201377391815,-9.44055461883545,-9.662336349487305,False,False,True,True
40,383,393,2,258882,<image|>,0.8023694396710958,-0.22018612921237946,-9.884159088134766,-10.104345321655273,False,False,True,False
40,385,394,3,258882,<image|>,0.8841691623513487,-0.12310687452554703,-10.135059356689453,-10.258166313171387,False,False,True,False
40,384,395,4,258882,<image|>,0.7415549268222956,-0.29900604486465454,-9.998557090759277,-10.297563552856445,False,False,True,False
40,386,396,5,258882,<image|>,0.8486802890939641,-0.16407273709774017,-10.225464820861816,-10.389537811279297,False,False,True,False
40,387,397,6,258882,<image|>,0.9687051691003958,-0.03179497644305229,-10.56555461883545,-10.597349166870117,False,False,True,False
40,388,398,7,258882,<image|>,0.9213725679118306,-0.08189079910516739,-11.083379745483398,-11.165270805358887,False,False,True,False
40,389,399,8,258882,<image|>,0.8970431059794552,-0.10865136235952377,-11.098335266113281,-11.206986427307129,False,False,True,False
40,382,400,9,108,"

",0.15774397540440238,-1.8467819690704346,-9.44055461883545,-11.287336349487305,False,False,True,False
41,391,401,0,258882,<image|>,0.8159335569238898,-0.20342235267162323,-9.417989730834961,-9.62141227722168,False,False,True,False
41,392,402,1,258882,<image|>,0.8828745724634618,-0.12457213550806046,-9.662336349487305,-9.786908149719238,False,False,True,True
41,393,403,2,258882,<image|>,0.8102247014273655,-0.2104436606168747,-10.104345321655273,-10.314788818359375,False,False,True,False
41,395,404,3,258882,<image|>,0.8465004646446215,-0.16664452850818634,-10.297563552856445,-10.464207649230957,False,False,True,False
41,397,405,4,258882,<image|>,0.9452961334405409,-0.05625703185796738,-10.597349166870117,-10.653606414794922,False,False,True,False
41,396,406,5,258882,<image|>,0.646082267350895,-0.4368284344673157,-10.389537811279297,-10.826366424560547,False,False,True,False
41,394,407,6,258882,<image|>,0.4799794693854145,-0.7340119481086731,-10.258166313171387,-10.992177963256836,False,False,True,False
41,398,408,7,258882,<image|>,0.8769714385620121,-0.13128085434436798,-11.165270805358887,-11.296551704406738,False,False,True,False
41,400,409,8,258882,<image|>,0.9768602908124386,-0.02341163530945778,-11.287336349487305,-11.310748100280762,False,False,True,False
41,399,410,9,258882,<image|>,0.8233257976280463,-0.1944032907485962,-11.206986427307129,-11.401390075683594,False,False,False,False
42,401,411,0,258882,<image|>,0.8547730866914669,-0.15691924095153809,-9.62141227722168,-9.778331756591797,False,False,True,False
42,402,412,1,258882,<image|>,0.8742284089761725,-0.13441359996795654,-9.786908149719238,-9.921321868896484,False,False,True,True
42,403,413,2,258882,<image|>,0.8827155193334448,-0.12475230544805527,-10.314788818359375,-10.43954086303711,False,False,True,False
42,404,414,3,258882,<image|>,0.8372707328867236,-0.17760780453681946,-10.464207649230957,-10.641815185546875,False,False,True,False
42,405,415,4,258882,<image|>,0.9716041801435851,-0.02880677953362465,-10.653606414794922,-10.682413101196289,False,False,True,False
42,409,416,5,258882,<image|>,0.9619474600751725,-0.03879544511437416,-11.310748100280762,-11.349543571472168,False,False,True,False
42,406,417,6,258882,<image|>,0.44346722001115874,-0.8131313920021057,-10.826366424560547,-11.639497756958008,False,False,False,False
42,408,418,7,258882,<image|>,0.6956410970828862,-0.36292141675949097,-11.296551704406738,-11.659473419189453,False,False,True,False
42,401,419,8,108,"

",0.10208808693806795,-2.281919240951538,-9.62141227722168,-11.903331756591797,False,False,True,False
42,407,420,9,258882,<image|>,0.3766277170400514,-0.9764980673789978,-10.992177963256836,-11.96867561340332,False,False,False,False
43,411,421,0,258882,<image|>,0.8315797318104786,-0.18442809581756592,-9.778331756591797,-9.962759971618652,False,False,True,False
43,412,422,1,258882,<image|>,0.7536281771463614,-0.28285616636276245,-9.921321868896484,-10.204177856445312,False,False,True,False
43,413,423,2,258882,<image|>,0.8503968639980709,-0.16205213963985443,-10.43954086303711,-10.601593017578125,False,False,True,False
43,415,424,3,258882,<image|>,0.8388337869223812,-0.17574270069599152,-10.682413101196289,-10.858156204223633,False,False,True,False
43,414,425,4,258882,<image|>,0.8048093925808796,-0.21714980900287628,-10.641815185546875,-10.858964920043945,False,False,True,False
43,416,426,5,258882,<image|>,0.9802257191350691,-0.019972408190369606,-11.349543571472168,-11.369516372680664,False,False,True,False
43,412,427,6,108,"

",0.21591807493171308,-1.5328562259674072,-9.921321868896484,-11.454177856445312,False,False,True,True
43,411,428,7,108,"

",0.14450688929017044,-1.934428095817566,-9.778331756591797,-11.712759971618652,False,False,True,False
43,419,429,8,258882,<image|>,0.9645912117206833,-0.03605088219046593,-11.903331756591797,-11.939382553100586,False,False,False,False
43,418,430,9,258882,<image|>,0.6214329116483441,-0.4757273197174072,-11.659473419189453,-12.135200500488281,False,False,False,False
44,421,431,0,258882,<image|>,0.7032636284783619,-0.3520234525203705,-9.962759971618652,-10.314783096313477,False,False,True,False
44,422,432,1,258882,<image|>,0.6998084987955978,-0.3569485545158386,-10.204177856445312,-10.561126708984375,False,False,True,False
44,423,433,2,258882,<image|>,0.7281286127674705,-0.31727758049964905,-10.601593017578125,-10.91887092590332,False,False,True,False
44,424,434,3,258882,<image|>,0.8027466758422783,-0.21971608698368073,-10.858156204223633,-11.077872276306152,False,False,True,False
44,425,435,4,258882,<image|>,0.7071088878587143,-0.34657061100006104,-10.858964920043945,-11.205535888671875,False,False,True,False
44,421,436,5,108,"

",0.2587162229304762,-1.3520234823226929,-9.962759971618652,-11.314783096313477,False,False,True,False
44,427,437,6,258882,<image|>,0.9855624620069182,-0.014542773365974426,-11.454177856445312,-11.468720436096191,False,False,True,True
44,426,438,7,258882,<image|>,0.8873311796070764,-0.11953699588775635,-11.369516372680664,-11.489053726196289,False,False,True,False
44,422,439,8,108,"

",0.2574451441190237,-1.3569486141204834,-10.204177856445312,-11.561126708984375,False,False,True,False
44,428,440,9,258882,<image|>,0.9669502869262357,-0.033608194440603256,-11.712759971618652,-11.746368408203125,False,False,True,False
45,431,441,0,258882,<image|>,0.740527743050845,-0.30039218068122864,-10.314783096313477,-10.615175247192383,False,False,True,False
45,432,442,1,258882,<image|>,0.8167544398560975,-0.20241679251194,-10.561126708984375,-10.763543128967285,False,False,True,False
45,434,443,2,258882,<image|>,0.8500739565853983,-0.16243192553520203,-11.077872276306152,-11.240303993225098,False,False,True,False
45,436,444,3,258882,<image|>,0.9732758383457063,-0.0270877443253994,-11.314783096313477,-11.34187126159668,False,False,True,False
45,433,445,4,258882,<image|>,0.650759691802186,-0.4296148419380188,-10.91887092590332,-11.348485946655273,False,False,True,False
45,435,446,5,258882,<image|>,0.8379532902301077,-0.1767929196357727,-11.205535888671875,-11.382328987121582,False,False,True,False
45,437,447,6,258882,<image|>,0.9907708378607452,-0.00927201472222805,-11.468720436096191,-11.477992057800293,False,False,True,True
45,439,448,7,258882,<image|>,0.9861419941838727,-0.013954924419522285,-11.561126708984375,-11.575081825256348,False,False,True,False
45,438,449,8,258882,<image|>,0.8932459925434642,-0.11289326846599579,-11.489053726196289,-11.601946830749512,False,False,True,False
45,440,450,9,258882,<image|>,0.9660675531548933,-0.03452151641249657,-11.746368408203125,-11.780889511108398,False,False,False,False
46,442,451,0,258882,<image|>,0.7993620822941583,-0.22394126653671265,-10.763543128967285,-10.987483978271484,False,False,True,False
46,441,452,1,258882,<image|>,0.6842057896148074,-0.3794965445995331,-10.615175247192383,-10.994671821594238,False,False,True,False
46,444,453,2,258882,<image|>,0.9663103750485187,-0.03427019715309143,-11.34187126159668,-11.376141548156738,False,False,True,False
46,443,454,3,258882,<image|>,0.8008872924290281,-0.22203505039215088,-11.240303993225098,-11.462339401245117,False,False,True,False
46,446,455,4,258882,<image|>,0.8707109661974193,-0.1384451985359192,-11.382328987121582,-11.520773887634277,False,False,True,False
46,448,456,5,258882,<image|>,0.9878809644750469,-0.01219306979328394,-11.575081825256348,-11.587274551391602,False,False,True,False
46,445,457,6,258882,<image|>,0.7501801439850408,-0.2874419093132019,-11.348485946655273,-11.6359281539917,False,False,True,False
46,447,458,7,258882,<image|>,0.8385077857870114,-0.17613141238689423,-11.477992057800293,-11.654123306274414,False,False,True,True
46,449,459,8,258882,<image|>,0.8536329210240745,-0.158254012465477,-11.601946830749512,-11.760200500488281,False,False,True,False
46,441,460,9,108,"

",0.25170523602836004,-1.3794965744018555,-10.615175247192383,-11.994671821594238,False,False,True,False
47,451,461,0,258882,<image|>,0.920239111109762,-0.08312173932790756,-10.987483978271484,-11.070605278015137,False,False,True,False
47,452,462,1,258882,<image|>,0.7486031459325995,-0.28954628109931946,-10.994671821594238,-11.284217834472656,False,False,True,False
47,453,463,2,258882,<image|>,0.8130228464957149,-0.20699606835842133,-11.376141548156738,-11.583137512207031,False,False,True,False
47,455,464,3,258882,<image|>,0.9187941469251552,-0.08469317853450775,-11.520773887634277,-11.605466842651367,False,False,True,False
47,456,465,4,258882,<image|>,0.8662775294702693,-0.14354994893074036,-11.587274551391602,-11.73082447052002,False,False,True,False
47,454,466,5,258882,<image|>,0.711527776447107,-0.34034082293510437,-11.462339401245117,-11.802680015563965,False,False,True,False
47,458,467,6,258882,<image|>,0.8428931973914456,-0.17091502249240875,-11.654123306274414,-11.825037956237793,False,False,True,True
47,457,468,7,258882,<image|>,0.7235737182778347,-0.32355284690856934,-11.6359281539917,-11.959481239318848,False,False,True,False
47,459,469,8,258882,<image|>,0.8016406198035355,-0.22109487652778625,-11.760200500488281,-11.981295585632324,False,False,True,False
47,460,470,9,258882,<image|>,0.9760127456985621,-0.024279633536934853,-11.994671821594238,-12.018951416015625,False,False,True,False
48,461,471,0,258882,<image|>,0.7456138193113229,-0.29354748129844666,-11.070605278015137,-11.364152908325195,False,False,True,False
48,462,472,1,258882,<image|>,0.6844105043042991,-0.3791973888874054,-11.284217834472656,-11.66341495513916,False,False,True,False
48,464,473,2,258882,<image|>,0.8599358478863023,-0.15089748799800873,-11.605466842651367,-11.756363868713379,False,False,True,False
48,463,474,3,258882,<image|>,0.8367974283257874,-0.1781732589006424,-11.583137512207031,-11.761310577392578,False,False,False,False
48,470,475,4,258882,<image|>,0.9677944384155606,-0.03273557126522064,-12.018951416015625,-12.051687240600586,False,False,True,False
48,465,476,5,258882,<image|>,0.638048069279333,-0.44934165477752686,-11.73082447052002,-12.180166244506836,False,False,True,False
48,466,477,6,258882,<image|>,0.5976142932658018,-0.5148097276687622,-11.802680015563965,-12.317489624023438,False,False,False,False
48,467,478,7,108,"

",0.5132698423169538,-0.6669535636901855,-11.825037956237793,-12.49199104309082,False,False,True,True
48,468,479,8,258882,<image|>,0.5561777072290134,-0.5866674184799194,-11.959481239318848,-12.546148300170898,False,False,True,False
48,469,480,9,258882,<image|>,0.5600391589960544,-0.5797485709190369,-11.981295585632324,-12.561043739318848,False,False,False,False
49,478,481,0,258882,<image|>,0.6180649969506047,-0.4811616539955139,-12.49199104309082,-12.973153114318848,False,False,True,True
49,471,482,1,7243,---,0.1907806854345183,-1.6566307544708252,-11.364152908325195,-13.020783424377441,False,False,True,False
49,473,483,2,7243,---,0.18575381833491575,-1.6833330392837524,-11.756363868713379,-13.439697265625,False,False,True,False
49,472,484,3,7243,---,0.14612903901733063,-1.9232652187347412,-11.66341495513916,-13.58668041229248,False,False,True,False
49,475,485,4,258882,<image|>,0.15782067899069938,-1.8462958335876465,-12.051687240600586,-13.89798355102539,False,False,True,False
49,479,486,5,7243,---,0.15889731716354655,-1.8394970893859863,-12.546148300170898,-14.385644912719727,False,False,False,False
49,471,487,6,236770,1,0.04823691139261609,-3.031630754470825,-11.364152908325195,-14.395783424377441,False,False,True,False
49,472,488,7,236770,1,0.04456683890859191,-3.110765218734741,-11.66341495513916,-14.77418041229248,False,False,False,False
49,473,489,8,236770,1,0.044120404340579865,-3.120832920074463,-11.756363868713379,-14.877197265625,False,False,False,False
49,476,490,9,7243,---,0.05818737422742297,-2.8440868854522705,-12.180166244506836,-15.024252891540527,False,False,False,False
50,481,491,0,258882,<image|>,0.5576146905741671,-0.584087073802948,-12.973153114318848,-13.55724048614502,False,False,True,True
50,481,492,1,108,"

",0.3382103859804951,-1.0840871334075928,-12.973153114318848,-14.05724048614502,False,False,True,True
50,485,493,2,108,"

",0.6207616969409586,-0.47680801153182983,-13.89798355102539,-14.374791145324707,False,False,True,False
50,482,494,3,108,"

",0.2572067637053906,-1.3578749895095825,-13.020783424377441,-14.378658294677734,False,False,True,False
50,482,495,4,107,"
",0.22000060348727019,-1.5141249895095825,-13.020783424377441,-14.534908294677734,False,False,False,False
50,483,496,5,108,"

",0.2599105896677168,-1.3474175930023193,-13.439697265625,-14.787115097045898,False,False,True,False
50,484,497,6,108,"

",0.2730899088148619,-1.2979542016983032,-13.58668041229248,-14.884634971618652,False,False,True,False
50,487,498,7,236761,.,0.5001251248506732,-0.6928969621658325,-14.395783424377441,-15.088680267333984,False,False,False,False
50,483,499,8,107,"
",0.19015464952963915,-1.6599175930023193,-13.439697265625,-15.099615097045898,False,False,False,False
50,485,500,9,258882,<image|>,0.29322704537996874,-1.2268080711364746,-13.89798355102539,-15.124792098999023,False,False,True,False
51,491,501,0,258882,<image|>,0.7872692315524378,-0.23918499052524567,-13.55724048614502,-13.796425819396973,False,False,True,True
51,492,502,1,258882,<image|>,0.9936029307962307,-0.006417618133127689,-14.05724048614502,-14.063657760620117,False,False,True,True
51,491,503,2,108,"

",0.19905283726135012,-1.6141849756240845,-13.55724048614502,-15.171425819396973,False,False,True,False
51,500,504,3,108,"

",0.6880058747578199,-0.37395790219306946,-15.124792098999023,-15.498749732971191,False,False,False,False
51,494,505,4,902,In,0.16015339622897576,-1.8316231966018677,-14.378658294677734,-16.210281372070312,False,False,False,False
51,494,506,5,258882,<image|>,0.14133487611047454,-1.9566231966018677,-14.378658294677734,-16.335281372070312,False,False,True,False
51,496,507,6,902,In,0.15354164141006435,-1.8737834692001343,-14.787115097045898,-16.660898208618164,False,False,False,False
51,496,508,7,258882,<image|>,0.13550002296213645,-1.9987834692001343,-14.787115097045898,-16.785898208618164,False,False,True,False
51,497,509,8,258882,<image|>,0.14864497004524552,-1.9061945676803589,-14.884634971618652,-16.790828704833984,False,False,True,False
51,493,510,9,185,<h2>,0.08357239020013682,-2.482042074203491,-14.374791145324707,-16.85683250427246,False,False,False,False
52,501,511,0,258882,<image|>,0.8423198737520694,-0.17159543931484222,-13.796425819396973,-13.968021392822266,False,False,True,False
52,502,512,1,258882,<image|>,0.9641512952191831,-0.036507051438093185,-14.063657760620117,-14.100164413452148,False,False,True,True
52,503,513,2,258882,<image|>,0.9939993477792561,-0.006018728483468294,-15.171425819396973,-15.177444458007812,False,False,True,False
52,501,514,3,108,"

",0.14637324392744688,-1.9215954542160034,-13.796425819396973,-15.718021392822266,False,False,True,True
52,506,515,4,108,"

",0.44456489919158887,-0.8106592297554016,-16.335281372070312,-17.14594078063965,False,False,True,False
52,506,516,5,258882,<image|>,0.44456489919158887,-0.8106592297554016,-16.335281372070312,-17.14594078063965,False,False,False,False
52,509,517,6,258882,<image|>,0.6841782828146109,-0.3795367479324341,-16.790828704833984,-17.170366287231445,False,False,True,False
52,508,518,7,258882,<image|>,0.47119444262516097,-0.7524844408035278,-16.785898208618164,-17.53838348388672,False,False,False,False
52,502,519,8,108,"

",0.02911484406117241,-3.5365071296691895,-14.063657760620117,-17.60016441345215,False,False,True,False
52,508,520,9,108,"

",0.4158276361317794,-0.8774844408035278,-16.785898208618164,-17.66338348388672,False,False,False,False
53,511,521,0,258882,<image|>,0.8246111043181266,-0.19284339249134064,-13.968021392822266,-14.16086483001709,False,False,True,False
53,512,522,1,258882,<image|>,0.8519670297399908,-0.16020745038986206,-14.100164413452148,-14.260372161865234,False,False,True,True
53,514,523,2,258882,<image|>,0.9904497245406163,-0.009596171788871288,-15.718021392822266,-15.727617263793945,False,False,True,True
53,511,524,3,108,"

",0.16237554668450996,-1.8178434371948242,-13.968021392822266,-15.78586483001709,False,False,False,False
53,513,525,4,108,"

",0.5097735220377496,-0.6737887263298035,-15.177444458007812,-15.85123348236084,False,False,True,False
53,512,526,5,108,"

",0.13065336781120068,-2.035207509994507,-14.100164413452148,-16.135372161865234,False,False,True,False
53,513,527,6,258882,<image|>,0.35036185542486414,-1.0487887859344482,-15.177444458007812,-16.226232528686523,False,False,True,False
53,515,528,7,258882,<image|>,0.8579143009684222,-0.1532510668039322,-17.14594078063965,-17.299192428588867,False,False,False,False
53,517,529,8,258882,<image|>,0.8353415020085546,-0.179914653301239,-17.170366287231445,-17.35028076171875,False,False,True,False
53,519,530,9,258882,<image|>,0.9853695909561283,-0.01473848894238472,-17.60016441345215,-17.61490249633789,False,False,False,False
54,521,531,0,258882,<image|>,0.8422709869060604,-0.17165347933769226,-14.16086483001709,-14.332518577575684,False,False,True,False
54,522,532,1,258882,<image|>,0.8720741840613732,-0.1368807852268219,-14.260372161865234,-14.397253036499023,False,False,True,True
54,525,533,2,258882,<image|>,0.98769171927049,-0.012384654954075813,-15.85123348236084,-15.863617897033691,False,False,True,False
54,521,534,3,108,"

",0.14636474648655493,-1.9216535091400146,-14.16086483001709,-16.082517623901367,False,False,False,False
54,523,535,4,108,"

",0.6789532480372551,-0.38720300793647766,-15.727617263793945,-16.11482048034668,False,False,True,True
54,526,536,5,258882,<image|>,0.9897534669162265,-0.01029939018189907,-16.135372161865234,-16.145671844482422,False,False,True,False
54,522,537,6,108,"

",0.11802239615125888,-2.136880874633789,-14.260372161865234,-16.397253036499023,False,False,False,False
54,527,538,7,258882,<image|>,0.8034368725236746,-0.21885666251182556,-16.226232528686523,-16.44508934020996,False,False,True,False
54,523,539,8,258882,<image|>,0.2830298306790396,-1.2622029781341553,-15.727617263793945,-16.98982048034668,False,False,True,False
54,529,540,9,258882,<image|>,0.8582065783552154,-0.15291044116020203,-17.35028076171875,-17.503190994262695,False,False,False,False
55,531,541,0,258882,<image|>,0.8725729156305562,-0.13630905747413635,-14.332518577575684,-14.468827247619629,False,False,True,False
55,532,542,1,258882,<image|>,0.7623574003428032,-0.2713398039340973,-14.397253036499023,-14.66859245300293,False,False,True,True
55,532,543,2,108,"

",0.21841905862947256,-1.521339774131775,-14.397253036499023,-15.91859245300293,False,False,False,False
55,535,544,3,258882,<image|>,0.9898822903316687,-0.010169241577386856,-16.11482048034668,-16.124990463256836,False,False,True,True
55,533,545,4,258882,<image|>,0.5464851382882864,-0.6042481660842896,-15.863617897033691,-16.467866897583008,False,False,True,False
55,531,546,5,108,"

",0.11808989212339868,-2.1363091468811035,-14.332518577575684,-16.468828201293945,False,False,False,False
55,536,547,6,258882,<image|>,0.7179504186781421,-0.3313547670841217,-16.145671844482422,-16.477025985717773,False,False,True,False
55,538,548,7,258882,<image|>,0.7844639559657826,-0.24275465309619904,-16.44508934020996,-16.687843322753906,False,False,True,False
55,533,549,8,108,"

",0.37559337656414105,-0.9792481660842896,-15.863617897033691,-16.842866897583008,False,False,True,False
55,539,550,9,258882,<image|>,0.898187521188669,-0.10737641155719757,-16.98982048034668,-17.097196578979492,False,False,False,False
56,541,551,0,258882,<image|>,0.8718679790956602,-0.13711726665496826,-14.468827247619629,-14.605944633483887,False,False,True,False
56,542,552,1,258882,<image|>,0.8231514437532416,-0.19461508095264435,-14.66859245300293,-14.863207817077637,False,False,True,True
56,542,553,2,108,"

",0.16208812249029783,-1.819615125656128,-14.66859245300293,-16.48820686340332,False,False,False,False
56,541,554,3,108,"

",0.11799448582980461,-2.137117385864258,-14.468827247619629,-16.605945587158203,False,False,False,False
56,544,555,4,258882,<image|>,0.5881776832216158,-0.5307261943817139,-16.124990463256836,-16.655715942382812,False,False,True,True
56,547,556,5,258882,<image|>,0.76115439388588,-0.27291905879974365,-16.477025985717773,-16.74994468688965,False,False,True,False
56,545,557,6,258882,<image|>,0.7391320199085964,-0.3022787272930145,-16.467866897583008,-16.770145416259766,False,False,True,False
56,548,558,7,258882,<image|>,0.8938831490602295,-0.11218021810054779,-16.687843322753906,-16.800024032592773,False,False,True,False
56,549,559,8,258882,<image|>,0.9841589807740578,-0.015967829152941704,-16.842866897583008,-16.858835220336914,False,False,True,False
56,544,560,9,108,"

",0.35674779823265496,-1.0307261943817139,-16.124990463256836,-17.155715942382812,False,False,True,False
57,551,561,0,258882,<image|>,0.9089039376355948,-0.09551586955785751,-14.605944633483887,-14.701460838317871,False,False,True,False
57,552,562,1,258882,<image|>,0.8951157822634378,-0.11080220341682434,-14.863207817077637,-14.974010467529297,False,False,True,True
57,555,563,2,258882,<image|>,0.8593954573596241,-0.1515260934829712,-16.655715942382812,-16.807241439819336,False,False,True,True
57,558,564,3,258882,<image|>,0.9237341424824927,-0.07933097332715988,-16.800024032592773,-16.87935447692871,False,False,True,False
57,557,565,4,258882,<image|>,0.8010364235242364,-0.22184886038303375,-16.770145416259766,-16.991994857788086,False,False,True,False
57,556,566,5,258882,<image|>,0.760270565106507,-0.27408090233802795,-16.74994468688965,-17.024024963378906,False,False,True,False
57,551,567,6,108,"

",0.08454122731227924,-2.4705159664154053,-14.605944633483887,-17.076459884643555,False,False,False,False
57,559,568,7,258882,<image|>,0.7538553929757981,-0.2825547158718109,-16.858835220336914,-17.141389846801758,False,False,True,False
57,560,569,8,258882,<image|>,0.9863871279150512,-0.013706376776099205,-17.155715942382812,-17.169422149658203,False,False,True,False
57,552,570,9,108,"

",0.09434451215533847,-2.360802173614502,-14.863207817077637,-17.224010467529297,False,False,False,False
58,561,571,0,258882,<image|>,0.9188425530831805,-0.0846404954791069,-14.701460838317871,-14.786101341247559,False,False,True,False
58,562,572,1,258882,<image|>,0.8955240996204051,-0.11034614592790604,-14.974010467529297,-15.084356307983398,False,False,True,True
58,563,573,2,258882,<image|>,0.8860976006052631,-0.12092817574739456,-16.807241439819336,-16.92816925048828,False,False,True,True
58,564,574,3,258882,<image|>,0.9472270834038068,-0.0542164221405983,-16.87935447692871,-16.933570861816406,False,False,True,False
58,565,575,4,258882,<image|>,0.9046929565019733,-0.1001596674323082,-16.991994857788086,-17.09215545654297,False,False,True,False
58,566,576,5,258882,<image|>,0.8537256175839404,-0.15814542770385742,-17.024024963378906,-17.182170867919922,False,False,True,False
58,561,577,6,108,"

",0.07542318914346598,-2.5846405029296875,-14.701460838317871,-17.286102294921875,False,False,False,False
58,562,578,7,108,"

",0.09438755200563081,-2.3603460788726807,-14.974010467529297,-17.3343563079834,False,False,False,False
58,568,579,8,258882,<image|>,0.7372812260154661,-0.3047858774662018,-17.141389846801758,-17.446176528930664,False,False,True,False
58,569,580,9,258882,<image|>,0.7284816910038623,-0.3167927861213684,-17.169422149658203,-17.486215591430664,False,False,True,False
59,571,581,0,258882,<image|>,0.9278958415689844,-0.07483579218387604,-14.786101341247559,-14.860937118530273,False,False,True,False
59,572,582,1,258882,<image|>,0.91700423428832,-0.08664318919181824,-15.084356307983398,-15.170999526977539,False,False,True,True
59,574,583,2,258882,<image|>,0.9664567714617082,-0.03411870822310448,-16.933570861816406,-16.967689514160156,False,False,True,False
59,573,584,3,258882,<image|>,0.8864519250121263,-0.12052838504314423,-16.92816925048828,-17.04869842529297,False,False,True,True
59,575,585,4,258882,<image|>,0.9059026710542958,-0.09882340580224991,-17.09215545654297,-17.19097900390625,False,False,True,False
59,576,586,5,258882,<image|>,0.8829276316263092,-0.12451203912496567,-17.182170867919922,-17.306682586669922,False,False,True,False
59,571,587,6,108,"

",0.06721655031795416,-2.699835777282715,-14.786101341247559,-17.485937118530273,False,False,False,False
59,579,588,7,258882,<image|>,0.818742328556743,-0.19998586177825928,-17.446176528930664,-17.646162033081055,False,False,True,False
59,572,589,8,108,"

",0.07527228906637706,-2.5866432189941406,-15.084356307983398,-17.67099952697754,False,False,False,False
59,580,590,9,258882,<image|>,0.8070415699172182,-0.21438010036945343,-17.486215591430664,-17.70059585571289,False,False,True,False
60,581,591,0,258882,<image|>,0.9189116993808333,-0.08456524461507797,-14.860937118530273,-14.945502281188965,False,False,True,False
60,582,592,1,258882,<image|>,0.9578801933666008,-0.04303256794810295,-15.170999526977539,-15.214032173156738,False,False,True,True
60,583,593,2,258882,<image|>,0.9672066009154295,-0.033343154937028885,-16.967689514160156,-17.00103187561035,False,False,True,False
60,584,594,3,258882,<image|>,0.8868753467575907,-0.1200508400797844,-17.04869842529297,-17.16874885559082,False,False,True,True
60,585,595,4,258882,<image|>,0.9321399528496505,-0.07027231156826019,-17.19097900390625,-17.26125144958496,False,False,True,False
60,586,596,5,258882,<image|>,0.8831904221228903,-0.12421444803476334,-17.306682586669922,-17.430896759033203,False,False,True,False
60,581,597,6,108,"

",0.07542887176103773,-2.5845651626586914,-14.860937118530273,-17.44550323486328,False,False,False,False
60,588,598,7,258882,<image|>,0.8526742989083568,-0.15937763452529907,-17.646162033081055,-17.805540084838867,False,False,True,False
60,590,599,8,258882,<image|>,0.8263850258026177,-0.19069448113441467,-17.70059585571289,-17.89129066467285,False,False,True,False
60,582,600,9,108,"

",0.03714104278990204,-3.293032646179199,-15.170999526977539,-18.464031219482422,False,False,False,False
61,592,601,0,258882,<image|>,0.9736156290189618,-0.026738684624433517,-15.214032173156738,-15.240771293640137,False,False,True,True
61,591,602,1,258882,<image|>,0.7270412827713718,-0.31877201795578003,-14.945502281188965,-15.264274597167969,False,False,True,False
61,593,603,2,258882,<image|>,0.9667263046933051,-0.03383985906839371,-17.00103187561035,-17.03487205505371,False,False,True,False
61,595,604,3,258882,<image|>,0.9682506507343422,-0.032264288514852524,-17.26125144958496,-17.293516159057617,False,False,True,False
61,596,605,4,258882,<image|>,0.9488675709758283,-0.05248603597283363,-17.430896759033203,-17.483383178710938,False,False,True,False
61,594,606,5,258882,<image|>,0.7112327887354943,-0.34075549244880676,-17.16874885559082,-17.509504318237305,False,False,True,True
61,598,607,6,258882,<image|>,0.8729191328508721,-0.13591235876083374,-17.805540084838867,-17.941452026367188,False,False,True,False
61,599,608,7,258882,<image|>,0.7380281483150232,-0.30377331376075745,-17.89129066467285,-18.195064544677734,False,False,True,False
61,594,609,8,108,"

",0.261647928660536,-1.3407554626464844,-17.16874885559082,-18.509504318237305,False,False,False,False
61,591,610,9,108,"

",0.028190448120137247,-3.568772077560425,-14.945502281188965,-18.51427459716797,False,False,False,False
62,601,611,0,258882,<image|>,0.9530384231982183,-0.0481000579893589,-15.240771293640137,-15.288871765136719,False,False,True,True
62,602,612,1,258882,<image|>,0.8200700427276453,-0.19836552441120148,-15.264274597167969,-15.462639808654785,False,False,True,False
62,603,613,2,258882,<image|>,0.8939233494129838,-0.11213524639606476,-17.03487205505371,-17.14700698852539,False,False,True,False
62,604,614,3,258882,<image|>,0.9739365463410945,-0.026409124955534935,-17.293516159057617,-17.31992530822754,False,False,True,False
62,605,615,4,258882,<image|>,0.9773263435225978,-0.022934656590223312,-17.483383178710938,-17.506317138671875,False,False,True,False
62,606,616,5,258882,<image|>,0.8026697887038952,-0.21981187164783478,-17.509504318237305,-17.72931671142578,False,False,True,True
62,607,617,6,258882,<image|>,0.9690227441417939,-0.031467195600271225,-17.941452026367188,-17.972919464111328,False,False,True,False
62,608,618,7,258882,<image|>,0.820363167263746,-0.19800814986228943,-18.195064544677734,-18.3930721282959,False,False,True,False
62,602,619,8,108,"

",0.024763971358463397,-3.6983654499053955,-15.264274597167969,-18.9626407623291,False,False,False,False
62,606,620,9,108,"

",0.17909983049341993,-1.7198119163513184,-17.509504318237305,-19.22931671142578,False,False,False,False
63,611,621,0,258882,<image|>,0.9740008909008897,-0.02634306065738201,-15.288871765136719,-15.315215110778809,False,False,True,True
63,612,622,1,258882,<image|>,0.9522469363931377,-0.04893089085817337,-15.462639808654785,-15.511570930480957,False,False,True,False
63,613,623,2,258882,<image|>,0.9671320010817651,-0.03342028707265854,-17.14700698852539,-17.18042755126953,False,False,True,False
63,614,624,3,258882,<image|>,0.9755109599341663,-0.02479388378560543,-17.31992530822754,-17.34471893310547,False,False,True,False
63,615,625,4,258882,<image|>,0.9846753684586875,-0.015443267300724983,-17.506317138671875,-17.521760940551758,False,False,True,False
63,616,626,5,258882,<image|>,0.8688769290878285,-0.1405537873506546,-17.72931671142578,-17.869871139526367,False,False,True,True
63,617,627,6,258882,<image|>,0.9843149950967987,-0.015809316188097,-17.972919464111328,-17.98872947692871,False,False,True,False
63,618,628,7,258882,<image|>,0.8683077203482884,-0.14120911061763763,-18.3930721282959,-18.53428077697754,False,False,True,False
63,612,629,8,108,"

",0.016384309796497507,-4.111431121826172,-15.462639808654785,-19.57406997680664,False,False,False,False
63,616,630,9,108,"

",0.11758971405697562,-2.1405537128448486,-17.72931671142578,-19.869871139526367,False,False,False,False
64,621,631,0,258882,<image|>,0.9868705608835183,-0.013216392137110233,-15.315215110778809,-15.328431129455566,False,False,True,True
64,622,632,1,258882,<image|>,0.9730182168382929,-0.027352474629878998,-15.511570930480957,-15.538923263549805,False,False,True,False
64,623,633,2,258882,<image|>,0.9692180047681512,-0.03126571327447891,-17.18042755126953,-17.211692810058594,False,False,True,False
64,624,634,3,258882,<image|>,0.9548136563607648,-0.046239081770181656,-17.34471893310547,-17.390958786010742,False,False,True,False
64,625,635,4,258882,<image|>,0.9875609073418858,-0.012517105787992477,-17.521760940551758,-17.534278869628906,False,False,True,False
64,626,636,5,258882,<image|>,0.9244868694217226,-0.07851643115282059,-17.869871139526367,-17.948387145996094,False,False,True,True
64,627,637,6,258882,<image|>,0.9843786391608381,-0.015744660049676895,-17.98872947692871,-18.004474639892578,False,False,True,False
64,628,638,7,258882,<image|>,0.8951600063720146,-0.11075279861688614,-18.53428077697754,-18.64503288269043,False,False,True,False
64,622,639,8,108,"

",0.014774503311575886,-4.214852333068848,-15.511570930480957,-19.726423263549805,False,False,False,False
64,626,640,9,108,"

",0.0669696007095284,-2.7035164833068848,-17.869871139526367,-20.573387145996094,False,False,False,False
65,631,641,0,258882,<image|>,0.9883139288302029,-0.011754889972507954,-15.328431129455566,-15.34018611907959,False,False,True,True
65,632,642,1,258882,<image|>,0.9699602384187445,-0.030500199645757675,-15.538923263549805,-15.56942367553711,False,False,True,False
65,633,643,2,258882,<image|>,0.9920488109185933,-0.007982968352735043,-17.211692810058594,-17.219675064086914,False,False,True,False
65,634,644,3,258882,<image|>,0.9726738806272925,-0.02770642191171646,-17.390958786010742,-17.418664932250977,False,False,True,False
65,635,645,4,258882,<image|>,0.9666839719140655,-0.03388364985585213,-17.534278869628906,-17.56816291809082,False,False,True,False
65,636,646,5,258882,<image|>,0.9055853246244213,-0.09917377680540085,-17.948387145996094,-18.047561645507812,False,False,True,True
65,637,647,6,258882,<image|>,0.946305885678263,-0.05518941581249237,-18.004474639892578,-18.059663772583008,False,False,True,False
65,638,648,7,258882,<image|>,0.9065006108481548,-0.09816357493400574,-18.64503288269043,-18.743196487426758,False,False,True,False
65,632,649,8,108,"

",0.013835736785331593,-4.280500411987305,-15.538923263549805,-19.81942367553711,False,False,False,False
65,636,650,9,108,"

",0.08423255577903198,-2.4741737842559814,-17.948387145996094,-20.422561645507812,False,False,False,False
66,641,651,0,258882,<image|>,0.9722645356790268,-0.028127355501055717,-15.34018611907959,-15.368313789367676,False,False,True,True
66,642,652,1,258882,<image|>,0.8200334813149598,-0.19841010868549347,-15.56942367553711,-15.767833709716797,False,False,True,False
66,643,653,2,258882,<image|>,0.9854271203037993,-0.0146801071241498,-17.219675064086914,-17.234355926513672,False,False,True,False
66,642,654,3,108,"

",0.16147415931079828,-1.823410153388977,-15.56942367553711,-17.392833709716797,False,False,True,False
66,644,655,4,258882,<image|>,0.9923231835050501,-0.007706434931606054,-17.418664932250977,-17.42637062072754,False,False,True,False
66,645,656,5,258882,<image|>,0.9772017915772924,-0.02306210622191429,-17.56816291809082,-17.591224670410156,False,False,True,False
66,647,657,6,258882,<image|>,0.9803657087111325,-0.019829604774713516,-18.059663772583008,-18.079492568969727,False,False,True,False
66,646,658,7,258882,<image|>,0.9408660131669587,-0.060954537242650986,-18.047561645507812,-18.108516693115234,False,False,True,True
66,648,659,8,258882,<image|>,0.9403992841278803,-0.06145072355866432,-18.743196487426758,-18.80464744567871,False,False,True,False
66,646,660,9,108,"

",0.05308002647354336,-2.9359545707702637,-18.047561645507812,-20.983516693115234,False,False,False,False
67,651,661,0,258882,<image|>,0.9886413482552517,-0.011423653922975063,-15.368313789367676,-15.379737854003906,False,False,True,True
67,652,662,1,258882,<image|>,0.9193409130123336,-0.08409826457500458,-15.767833709716797,-15.85193157196045,False,False,True,False
67,653,663,2,258882,<image|>,0.9733206715920288,-0.027041681110858917,-17.234355926513672,-17.261398315429688,False,False,True,False
67,655,664,3,258882,<image|>,0.977605164848482,-0.022649407386779785,-17.42637062072754,-17.449020385742188,False,False,True,False
67,656,665,4,258882,<image|>,0.9903902038830402,-0.009656268171966076,-17.591224670410156,-17.600881576538086,False,False,True,False
67,657,666,5,258882,<image|>,0.9211409799997661,-0.0821421816945076,-18.079492568969727,-18.16163444519043,False,False,True,False
67,658,667,6,258882,<image|>,0.9411429979236383,-0.060660187155008316,-18.108516693115234,-18.16917610168457,False,False,True,True
67,652,668,7,108,"

",0.058771493909882594,-2.8340983390808105,-15.767833709716797,-18.601932525634766,False,False,False,False
67,659,669,8,258882,<image|>,0.9575897711246246,-0.04333580657839775,-18.80464744567871,-18.84798240661621,False,False,True,False
67,654,670,9,255999,<|image>,0.06656114340562605,-2.709634304046631,-17.392833709716797,-20.102468490600586,False,False,False,False
68,661,671,0,258882,<image|>,0.8807420159019735,-0.12699052691459656,-15.379737854003906,-15.506728172302246,False,False,True,True
68,662,672,1,258882,<image|>,0.85230115931602,-0.15981534123420715,-15.85193157196045,-16.011747360229492,False,False,True,False
68,663,673,2,258882,<image|>,0.8531163733071573,-0.15885931253433228,-17.261398315429688,-17.420257568359375,False,False,True,False
68,664,674,3,258882,<image|>,0.8950059550621644,-0.11092490702867508,-17.449020385742188,-17.559946060180664,False,False,True,False
68,661,675,4,108,"

",0.10518963010149175,-2.251990556716919,-15.379737854003906,-17.631729125976562,False,False,False,False
68,665,676,5,258882,<image|>,0.8685082818650104,-0.1409781575202942,-17.600881576538086,-17.741859436035156,False,False,True,False
68,662,677,6,108,"

",0.1307046199241035,-2.0348153114318848,-15.85193157196045,-17.886747360229492,False,False,False,False
68,666,678,7,258882,<image|>,0.9406551094717981,-0.061178721487522125,-18.16163444519043,-18.22281265258789,False,False,True,False
68,667,679,8,258882,<image|>,0.8968074770050464,-0.10891406983137131,-18.16917610168457,-18.27808952331543,False,False,True,True
68,669,680,9,258882,<image|>,0.9269553959763569,-0.07584983110427856,-18.84798240661621,-18.923831939697266,False,False,True,False
69,671,681,0,258882,<image|>,0.8678105214152794,-0.14178188145160675,-15.506728172302246,-15.648509979248047,False,False,True,True
69,672,682,1,258882,<image|>,0.7822140288375039,-0.24562688171863556,-16.011747360229492,-16.257373809814453,False,False,True,False
69,673,683,2,258882,<image|>,0.8937748648577478,-0.11230136454105377,-17.420257568359375,-17.53255844116211,False,False,True,False
69,672,684,3,108,"

",0.19777467004285987,-1.6206269264221191,-16.011747360229492,-17.632373809814453,False,False,False,False
69,671,685,4,108,"

",0.1174453914618126,-2.141781806945801,-15.506728172302246,-17.648509979248047,False,False,True,False
69,674,686,5,258882,<image|>,0.8949152505833211,-0.11102625727653503,-17.559946060180664,-17.67097282409668,False,False,True,False
69,676,687,6,258882,<image|>,0.8946692885462834,-0.11130113899707794,-17.741859436035156,-17.853160858154297,False,False,True,False
69,678,688,7,258882,<image|>,0.9163180859144571,-0.08739171922206879,-18.22281265258789,-18.310203552246094,False,False,True,False
69,679,689,8,258882,<image|>,0.9263620882407148,-0.07649009674787521,-18.27808952331543,-18.35457992553711,False,False,True,True
69,680,690,9,258882,<image|>,0.9486055436285983,-0.052762221544981,-18.923831939697266,-18.976594924926758,False,False,False,False
70,681,691,0,258882,<image|>,0.880850598098188,-0.12686724960803986,-15.648509979248047,-15.77537727355957,False,False,True,True
70,682,692,1,258882,<image|>,0.7602215124903451,-0.2741454243659973,-16.257373809814453,-16.531518936157227,False,False,True,False
70,683,693,2,258882,<image|>,0.90607567052861,-0.09863245487213135,-17.53255844116211,-17.63119125366211,False,False,True,False
70,686,694,3,258882,<image|>,0.9165412432501225,-0.08714821189641953,-17.67097282409668,-17.758121490478516,False,False,True,False
70,682,695,4,108,"

",0.2178071229871086,-1.5241453647613525,-16.257373809814453,-17.781518936157227,False,False,False,False
70,681,696,5,108,"

",0.10520259682745922,-2.2518672943115234,-15.648509979248047,-17.90037727355957,False,False,False,False
70,687,697,6,258882,<image|>,0.895381680037808,-0.11050519347190857,-17.853160858154297,-17.963666915893555,False,False,True,False
70,688,698,7,258882,<image|>,0.933551178179115,-0.0687594935297966,-18.310203552246094,-18.378963470458984,False,False,True,False
70,689,699,8,258882,<image|>,0.9347183163995051,-0.06751006096601486,-18.35457992553711,-18.422090530395508,False,False,True,True
70,685,700,9,258882,<image|>,0.25416112604877267,-1.3697868585586548,-17.648509979248047,-19.01829719543457,False,False,True,False
71,691,701,0,258882,<image|>,0.9144782769132234,-0.08940156549215317,-15.77537727355957,-15.864778518676758,False,False,True,True
71,692,702,1,258882,<image|>,0.8691661027995676,-0.1402210295200348,-16.531518936157227,-16.67173957824707,False,False,True,False
71,693,703,2,258882,<image|>,0.9160635181768713,-0.08766957372426987,-17.63119125366211,-17.718860626220703,False,False,True,False
71,694,704,3,258882,<image|>,0.9156167741445157,-0.08815737068653107,-17.758121490478516,-17.84627914428711,False,False,True,False
71,697,705,4,258882,<image|>,0.8951667892403371,-0.11074522137641907,-17.963666915893555,-18.074411392211914,False,False,True,False
71,691,706,5,108,"

",0.07506495425405944,-2.5894014835357666,-15.77537727355957,-18.364778518676758,False,False,False,False
71,698,707,6,258882,<image|>,0.9072191246275719,-0.09737126529216766,-18.378963470458984,-18.476335525512695,False,False,True,False
71,699,708,7,258882,<image|>,0.9422210356943669,-0.05951538681983948,-18.422090530395508,-18.481605529785156,False,False,True,True
71,692,709,8,108,"

",0.11762883018520488,-2.140221118927002,-16.531518936157227,-18.67173957824707,False,False,False,False
71,700,710,9,258882,<image|>,0.9429752638854046,-0.058715227991342545,-19.01829719543457,-19.07701301574707,False,False,True,False
72,701,711,0,258882,<image|>,0.8520405005975213,-0.16012121737003326,-15.864778518676758,-16.024900436401367,False,False,True,True
72,702,712,1,258882,<image|>,0.8001290334516606,-0.2229822725057602,-16.67173957824707,-16.89472198486328,False,False,True,False
72,703,713,2,258882,<image|>,0.8690477851801839,-0.14035716652870178,-17.718860626220703,-17.85921859741211,False,False,True,False
72,701,714,3,108,"

",0.13066464466672406,-2.035121202468872,-15.864778518676758,-17.899900436401367,False,False,False,False
72,704,715,4,258882,<image|>,0.9062084953020063,-0.09848587214946747,-17.84627914428711,-17.944765090942383,False,False,True,False
72,705,716,5,258882,<image|>,0.8941608987331534,-0.11186954379081726,-18.074411392211914,-18.186281204223633,False,False,True,False
72,702,717,6,108,"

",0.17853291671312962,-1.7229822874069214,-16.67173957824707,-18.39472198486328,False,False,False,False
72,708,718,7,258882,<image|>,0.9426745305296398,-0.05903419852256775,-18.481605529785156,-18.540639877319336,False,False,True,True
72,707,719,8,258882,<image|>,0.9165210166731472,-0.08717028051614761,-18.476335525512695,-18.563505172729492,False,False,True,False
72,710,720,9,258882,<image|>,0.9599212704299318,-0.040904007852077484,-19.07701301574707,-19.117916107177734,False,False,False,False
73,711,721,0,258882,<image|>,0.7288613970784357,-0.31627169251441956,-16.024900436401367,-16.341171264648438,False,False,True,True
73,711,722,1,108,"

",0.23662665797579185,-1.4412716627120972,-16.024900436401367,-17.466171264648438,False,False,True,True
73,712,723,2,108,"

",0.5393122572209256,-0.6174605488777161,-16.89472198486328,-17.512182235717773,False,False,False,False
73,712,724,3,258882,<image|>,0.37066353230850124,-0.9924605488777161,-16.89472198486328,-17.887182235717773,False,False,True,False
73,715,725,4,258882,<image|>,0.904998743213452,-0.09982172399759293,-17.944765090942383,-18.044586181640625,False,False,True,False
73,713,726,5,258882,<image|>,0.5911925995146673,-0.5256134271621704,-17.85921859741211,-18.38483238220215,False,False,True,False
73,716,727,6,258882,<image|>,0.8184279284883959,-0.2003699392080307,-18.186281204223633,-18.38665199279785,False,False,True,False
73,718,728,7,258882,<image|>,0.9541625674192836,-0.04692121595144272,-18.540639877319336,-18.587560653686523,False,False,True,True
73,719,729,8,258882,<image|>,0.8841016027777046,-0.12318328768014908,-18.563505172729492,-18.686689376831055,False,False,True,False
73,713,730,9,108,"

",0.3585764374008578,-1.0256134271621704,-17.85921859741211,-18.88483238220215,False,False,False,False
74,721,731,0,108,"

",0.6943756657287381,-0.3647421598434448,-16.341171264648438,-16.705913543701172,False,False,True,True
74,724,732,1,108,"

",0.8099448788493305,-0.21078908443450928,-17.887182235717773,-18.097970962524414,False,False,True,False
74,721,733,2,258882,<image|>,0.15493615349722592,-1.8647421598434448,-16.341171264648438,-18.205913543701172,False,False,True,False
74,728,734,3,258882,<image|>,0.9746973513982099,-0.025628264993429184,-18.587560653686523,-18.613189697265625,False,False,True,True
74,725,735,4,108,"

",0.5241712438895424,-0.6459368467330933,-18.044586181640625,-18.690523147583008,False,False,False,False
74,726,736,5,108,"

",0.6562304732492844,-0.42124322056770325,-18.38483238220215,-18.806076049804688,False,False,False,False
74,722,737,6,258882,<image|>,0.23172289497842513,-1.4622130393981934,-17.466171264648438,-18.92838478088379,False,False,True,True
74,729,738,7,258882,<image|>,0.7816598707493019,-0.24633558094501495,-18.686689376831055,-18.933025360107422,False,False,True,False
74,725,739,8,258882,<image|>,0.4082249752046879,-0.8959368467330933,-18.044586181640625,-18.940523147583008,False,False,True,False
74,727,740,9,108,"

",0.49610231489008544,-0.7009730935096741,-18.38665199279785,-19.08762550354004,False,False,False,False
75,731,741,0,258882,<image|>,0.23198162309775439,-1.4610971212387085,-16.705913543701172,-18.167011260986328,False,False,True,True
75,733,742,1,108,"

",0.8117541385904805,-0.20855776965618134,-18.205913543701172,-18.414470672607422,False,False,True,False
75,734,743,2,258882,<image|>,0.9614775514608205,-0.03928406164050102,-18.613189697265625,-18.65247344970703,False,False,True,True
75,737,744,3,258882,<image|>,0.8874827858245813,-0.11936615407466888,-18.92838478088379,-19.04775047302246,False,False,True,True
75,738,745,4,108,"

",0.702707494768214,-0.35281455516815186,-18.933025360107422,-19.285839080810547,False,False,True,False
75,731,746,5,255999,<|image>,0.07075038926833441,-2.648597240447998,-16.705913543701172,-19.354511260986328,False,False,True,False
75,732,747,6,258882,<image|>,0.24092981732594254,-1.42324960231781,-18.097970962524414,-19.521221160888672,False,False,True,False
75,739,748,7,108,"

",0.49281075720290296,-0.7076300382614136,-18.940523147583008,-19.64815330505371,False,False,True,False
75,739,749,8,258882,<image|>,0.43490396679193094,-0.8326300382614136,-18.940523147583008,-19.77315330505371,False,False,True,False
75,731,750,9,185,<h2>,0.03557552987785492,-3.336097240447998,-16.705913543701172,-20.042011260986328,False,False,False,False
76,741,751,0,258882,<image|>,0.8741698284370152,-0.13448061048984528,-18.167011260986328,-18.30149269104004,False,False,True,True
76,743,752,1,258882,<image|>,0.9844473757780978,-0.015674835070967674,-18.65247344970703,-18.668148040771484,False,False,True,True
76,744,753,2,258882,<image|>,0.967458030853075,-0.0330832339823246,-19.04775047302246,-19.080833435058594,False,False,True,True
76,746,754,3,107,"
",0.8232272260479236,-0.19452302157878876,-19.354511260986328,-19.549034118652344,False,False,True,False
76,747,755,4,258882,<image|>,0.8852228396854606,-0.12191586941480637,-19.521221160888672,-19.643136978149414,False,False,True,False
76,742,756,5,258882,<image|>,0.2830535169992156,-1.2621192932128906,-18.414470672607422,-19.676589965820312,False,False,True,False
76,749,757,6,108,"

",0.8554270817402146,-0.15615442395210266,-19.77315330505371,-19.92930793762207,False,False,True,False
76,741,758,7,108,"

",0.11830600898814556,-2.1344807147979736,-18.167011260986328,-20.30149269104004,False,False,True,False
76,745,759,8,258882,<image|>,0.3409863901752909,-1.0759127140045166,-19.285839080810547,-20.361751556396484,False,False,True,False
76,748,760,9,258882,<image|>,0.28970918946775626,-1.2388776540756226,-19.64815330505371,-20.88703155517578,False,False,True,False
77,751,761,0,258882,<image|>,0.976620891804833,-0.023656735196709633,-18.30149269104004,-18.325149536132812,False,False,True,True
77,752,762,1,258882,<image|>,0.9808448614351307,-0.01934097521007061,-18.668148040771484,-18.687488555908203,False,False,True,True
77,753,763,2,258882,<image|>,0.9587965672268778,-0.04207635670900345,-19.080833435058594,-19.122909545898438,False,False,True,True
77,755,764,3,258882,<image|>,0.9049715028484775,-0.0998518243432045,-19.643136978149414,-19.74298858642578,False,False,True,False
77,756,765,4,258882,<image|>,0.8987389186282398,-0.10676269978284836,-19.676589965820312,-19.78335189819336,False,False,True,False
77,759,766,5,258882,<image|>,0.8884674941808334,-0.11825721710920334,-20.361751556396484,-20.480009078979492,False,False,True,False
77,760,767,6,258882,<image|>,0.9370257788279618,-0.06504448503255844,-20.88703155517578,-20.952075958251953,False,False,True,False
77,757,768,7,258882,<image|>,0.31549472111934995,-1.1536133289337158,-19.92930793762207,-21.082921981811523,False,False,True,False
77,754,769,8,185,<h2>,0.19288633497791802,-1.6456542015075684,-19.549034118652344,-21.19468879699707,False,False,False,False
77,758,770,9,258882,<image|>,0.23457939300942537,-1.4499611854553223,-20.30149269104004,-21.751453399658203,False,False,True,False
78,761,771,0,258882,<image|>,0.9774196076879365,-0.02283923327922821,-18.325149536132812,-18.34798812866211,False,False,True,True
78,762,772,1,258882,<image|>,0.9938466064575917,-0.006172403693199158,-18.687488555908203,-18.693660736083984,False,False,True,True
78,763,773,2,258882,<image|>,0.9537761364851942,-0.04732629284262657,-19.122909545898438,-19.170236587524414,False,False,True,True
78,765,774,3,258882,<image|>,0.9762711618718999,-0.024014901369810104,-19.78335189819336,-19.8073673248291,False,False,True,False
78,764,775,4,258882,<image|>,0.9065768324443642,-0.09807949513196945,-19.74298858642578,-19.841068267822266,False,False,True,False
78,766,776,5,258882,<image|>,0.9925787987703538,-0.007448875345289707,-20.480009078979492,-20.487457275390625,False,False,True,False
78,767,777,6,258882,<image|>,0.9750448230634157,-0.025271836668252945,-20.952075958251953,-20.97734832763672,False,False,True,False
78,768,778,7,258882,<image|>,0.9369940629277332,-0.06507833302021027,-21.082921981811523,-21.148000717163086,False,False,True,False
78,770,779,8,258882,<image|>,0.8889595393781592,-0.11770355701446533,-21.751453399658203,-21.869157791137695,False,False,False,False
78,764,780,9,108,"

",0.08432478539791394,-2.4730794429779053,-19.74298858642578,-22.216068267822266,False,False,False,False
79,771,781,0,258882,<image|>,0.9346275007556046,-0.06760722398757935,-18.34798812866211,-18.41559600830078,False,False,True,True
79,772,782,1,258882,<image|>,0.9751729072556027,-0.025140482932329178,-18.693660736083984,-18.718801498413086,False,False,True,True
79,773,783,2,258882,<image|>,0.9351980774600263,-0.06699692457914352,-19.170236587524414,-19.237234115600586,False,False,True,True
79,774,784,3,258882,<image|>,0.934563153105399,-0.06767607480287552,-19.8073673248291,-19.875043869018555,False,False,True,False
79,775,785,4,258882,<image|>,0.8043038836583877,-0.21777811646461487,-19.841068267822266,-20.05884552001953,False,False,True,False
79,776,786,5,258882,<image|>,0.9806027050757723,-0.019587891176342964,-20.487457275390625,-20.50704574584961,False,False,True,False
79,777,787,6,258882,<image|>,0.9684848464507687,-0.032022442668676376,-20.97734832763672,-21.009370803833008,False,False,True,False
79,771,788,7,108,"

",0.059748740709578634,-2.8176071643829346,-18.34798812866211,-21.16559600830078,False,False,False,False
79,778,789,8,258882,<image|>,0.9686170268098248,-0.03188597038388252,-21.148000717163086,-21.179885864257812,False,False,True,False
79,775,790,9,108,"

",0.17946445971715771,-1.7177780866622925,-19.841068267822266,-21.55884552001953,False,False,False,False
80,781,791,0,258882,<image|>,0.8711405704762918,-0.13795192539691925,-18.41559600830078,-18.55354881286621,False,False,True,False
80,782,792,1,258882,<image|>,0.9859148271204742,-0.01418531034141779,-18.718801498413086,-18.732986450195312,False,False,True,True
80,783,793,2,258882,<image|>,0.8544974236349014,-0.1572417914867401,-19.237234115600586,-19.39447593688965,False,False,False,False
80,784,794,3,258882,<image|>,0.8694447360276834,-0.13990050554275513,-19.875043869018555,-20.014944076538086,False,False,False,False
80,785,795,4,258882,<image|>,0.7064822715736216,-0.3474571704864502,-20.05884552001953,-20.40630340576172,False,False,False,False
80,781,796,5,108,"

",0.1178960646282543,-2.1379518508911133,-18.41559600830078,-20.553546905517578,False,False,True,True
80,786,797,6,258882,<image|>,0.9491119176980324,-0.05222855508327484,-20.50704574584961,-20.559274673461914,False,False,True,False
80,787,798,7,258882,<image|>,0.9549726798546226,-0.046072546392679214,-21.009370803833008,-21.055442810058594,False,False,False,False
80,789,799,8,258882,<image|>,0.9430730071600456,-0.05861157923936844,-21.179885864257812,-21.238496780395508,False,False,False,False
80,783,800,9,108,"

",0.1310414201652684,-2.0322418212890625,-19.237234115600586,-21.26947593688965,False,False,True,True
81,796,801,0,236751,s,0.9058483796962723,-0.09888333827257156,-20.553546905517578,-20.652429580688477,False,False,True,True
81,792,802,1,7243,---,0.09435461227049301,-2.3606951236724854,-18.732986450195312,-21.09368133544922,False,False,True,True
81,800,803,2,236751,s,0.934546804034957,-0.0676935687661171,-21.26947593688965,-21.337169647216797,False,False,True,True
81,792,804,3,258882,<image|>,0.05050438455125953,-2.9856951236724854,-18.732986450195312,-21.71868133544922,False,False,True,True
81,791,805,4,7243,---,0.02638624332426026,-3.6349124908447266,-18.55354881286621,-22.188461303710938,False,False,True,False
81,792,806,5,236770,1,0.023856582028785024,-3.7356951236724854,-18.732986450195312,-22.46868133544922,False,False,True,False
81,792,807,6,184,<h1>,0.023856582028785024,-3.7356951236724854,-18.732986450195312,-22.46868133544922,False,False,False,False
81,791,808,7,236751,s,0.015034428255334473,-4.197412490844727,-18.55354881286621,-22.750961303710938,False,False,False,False
81,797,809,8,7243,---,0.10216437169510315,-2.281172275543213,-20.559274673461914,-22.84044647216797,False,False,True,False
81,792,810,9,255999,<|image>,0.01446975188626481,-4.235694885253906,-18.732986450195312,-22.96868133544922,False,False,True,False
82,802,811,0,108,"

",0.7306111183219647,-0.31387394666671753,-21.09368133544922,-21.407554626464844,False,False,True,True
82,804,812,1,258882,<image|>,0.9217364239947591,-0.0814959704875946,-21.71868133544922,-21.8001766204834,False,False,True,True
82,805,813,2,108,"

",0.5424804342913625,-0.6116032600402832,-22.188461303710938,-22.800064086914062,False,False,True,False
82,810,814,3,108,"

",0.9281443895021886,-0.07456796616315842,-22.96868133544922,-23.043249130249023,False,False,True,False
82,806,815,4,236761,.,0.435305377230691,-0.8317074775695801,-22.46868133544922,-23.30038833618164,False,False,False,False
82,809,816,5,108,"

",0.5110857073942776,-0.6712179780006409,-22.84044647216797,-23.51166534423828,False,False,False,False
82,801,817,6,108,"

",0.03943495006231867,-3.233102798461914,-20.652429580688477,-23.88553237915039,False,False,False,False
82,801,818,7,258882,<image|>,0.03943495006231867,-3.233102798461914,-20.652429580688477,-23.88553237915039,False,False,True,True
82,803,819,8,258882,<image|>,0.06467494600330623,-2.7383813858032227,-21.337169647216797,-24.075550079345703,False,False,True,True
82,801,820,9,236761,.,0.029767062009497004,-3.514352798461914,-20.652429580688477,-24.16678237915039,False,False,False,False
83,812,821,0,258882,<image|>,0.47875385354174715,-0.7365686893463135,-21.8001766204834,-22.536745071411133,False,False,True,True
83,811,822,1,258882,<image|>,0.3088820633941328,-1.1747957468032837,-21.407554626464844,-22.58234977722168,False,False,True,True
83,812,823,2,108,"

",0.4224987928510309,-0.8615686893463135,-21.8001766204834,-22.661745071411133,False,False,True,False
83,814,824,3,258882,<image|>,0.625293357527134,-0.46953436732292175,-23.043249130249023,-23.51278305053711,False,False,True,False
83,818,825,4,258882,<image|>,0.9863323855651728,-0.01376187615096569,-23.88553237915039,-23.899293899536133,False,False,True,True
83,819,826,5,258882,<image|>,0.9865939732448872,-0.013496698811650276,-24.075550079345703,-24.089046478271484,False,False,True,True
83,811,827,6,236829,*,0.04736860423757765,-3.049795627593994,-21.407554626464844,-24.45734977722168,False,False,False,False
83,811,828,7,818,The,0.04180264651941781,-3.174795627593994,-21.407554626464844,-24.58234977722168,False,False,False,False
83,811,829,8,198,<strong>,0.03926995220051537,-3.237295627593994,-21.407554626464844,-24.64484977722168,False,False,False,False
83,813,830,9,258882,<image|>,0.1477915952255783,-1.9119521379470825,-22.800064086914062,-24.712017059326172,False,False,True,False
84,822,831,0,258882,<image|>,0.9419485971696278,-0.05980457365512848,-22.58234977722168,-22.642154693603516,False,False,True,True
84,821,832,1,108,"

",0.5720136076413885,-0.5585924983024597,-22.536745071411133,-23.0953369140625,False,False,True,True
84,823,833,2,258882,<image|>,0.4990413738142027,-0.6950662732124329,-22.661745071411133,-23.3568115234375,False,False,True,False
84,824,834,3,108,"

",0.8502557614188856,-0.16221807897090912,-23.51278305053711,-23.67500114440918,False,False,True,False
84,821,835,4,258882,<image|>,0.3061768025088707,-1.1835925579071045,-22.536745071411133,-23.7203369140625,False,False,True,False
84,825,836,5,258882,<image|>,0.9934846674174523,-0.006536650005728006,-23.899293899536133,-23.90583038330078,False,False,True,True
84,826,837,6,258882,<image|>,0.9945359026462617,-0.005479080136865377,-24.089046478271484,-24.094526290893555,False,False,True,True
84,830,838,7,258882,<image|>,0.9539479404497687,-0.04714617878198624,-24.712017059326172,-24.75916290283203,False,False,True,False
84,822,839,8,108,"

",0.05314109792026034,-2.934804677963257,-22.58234977722168,-25.517154693603516,False,False,False,False
84,823,840,9,255999,<|image>,0.038481940963867214,-3.257566213607788,-22.661745071411133,-25.9193115234375,False,False,False,False
85,831,841,0,258882,<image|>,0.8972980505842798,-0.1083671972155571,-22.642154693603516,-22.75052261352539,False,False,True,True
85,833,842,1,258882,<image|>,0.9599503793924014,-0.040873683989048004,-23.3568115234375,-23.397686004638672,False,False,True,False
85,832,843,2,258882,<image|>,0.5169388811060485,-0.659830629825592,-23.0953369140625,-23.75516700744629,False,False,True,True
85,836,844,3,258882,<image|>,0.9948521200145684,-0.005161175969988108,-23.90583038330078,-23.910991668701172,False,False,True,True
85,834,845,4,258882,<image|>,0.7558294658826124,-0.2799395024776459,-23.67500114440918,-23.954940795898438,False,False,True,False
85,837,846,5,258882,<image|>,0.9954258582551991,-0.004584635142236948,-24.094526290893555,-24.099111557006836,False,False,True,True
85,835,847,6,108,"

",0.488293888731098,-0.7168378233909607,-23.7203369140625,-24.43717384338379,False,False,True,False
85,835,848,7,258882,<image|>,0.38028366291276056,-0.9668378233909607,-23.7203369140625,-24.68717384338379,False,False,True,False
85,838,849,8,258882,<image|>,0.9353542869745252,-0.06682990491390228,-24.75916290283203,-24.825992584228516,False,False,True,False
85,831,850,9,108,"

",0.09457451802782053,-2.3583672046661377,-22.642154693603516,-25.00052261352539,False,False,False,False
86,841,851,0,258882,<image|>,0.9168614111468572,-0.08679895102977753,-22.75052261352539,-22.837322235107422,False,False,True,True
86,842,852,1,258882,<image|>,0.9928753220115827,-0.007150179706513882,-23.397686004638672,-23.404836654663086,False,False,True,False
86,843,853,2,258882,<image|>,0.9203832901527577,-0.08296507596969604,-23.75516700744629,-23.838132858276367,False,False,True,True
86,844,854,3,258882,<image|>,0.9954374345528627,-0.0045730057172477245,-23.910991668701172,-23.915565490722656,False,False,True,True
86,845,855,4,258882,<image|>,0.9089822372769856,-0.09542972594499588,-23.954940795898438,-24.050371170043945,False,False,True,False
86,846,856,5,258882,<image|>,0.9949357788399388,-0.005077087786048651,-24.099111557006836,-24.104188919067383,False,False,True,True
86,849,857,6,258882,<image|>,0.9595709914893119,-0.041268978267908096,-24.825992584228516,-24.86726188659668,False,False,True,False
86,847,858,7,258882,<image|>,0.4907450675149617,-0.7118304967880249,-24.43717384338379,-25.149003982543945,False,False,True,False
86,848,859,8,108,"

",0.6099811176627503,-0.49432727694511414,-24.68717384338379,-25.181501388549805,False,False,False,False
86,841,860,9,108,"

",0.0752605710367053,-2.586798906326294,-22.75052261352539,-25.337322235107422,False,False,False,False
87,851,861,0,258882,<image|>,0.9281052709577007,-0.07461011409759521,-22.837322235107422,-22.91193199157715,False,False,True,True
87,852,862,1,258882,<image|>,0.9775873908975102,-0.02266758866608143,-23.404836654663086,-23.42750358581543,False,False,True,False
87,853,863,2,258882,<image|>,0.9551328470912683,-0.045904841274023056,-23.838132858276367,-23.884037017822266,False,False,True,True
87,854,864,3,258882,<image|>,0.9982673201217352,-0.0017341827042400837,-23.915565490722656,-23.917299270629883,False,False,True,True
87,856,865,4,258882,<image|>,0.9978888590462904,-0.002113372553139925,-24.104188919067383,-24.10630226135254,False,False,True,True
87,855,866,5,258882,<image|>,0.8175226433946671,-0.20147667825222015,-24.050371170043945,-24.251848220825195,False,False,True,False
87,857,867,6,258882,<image|>,0.9889533612020038,-0.01110810600221157,-24.86726188659668,-24.87837028503418,False,False,True,False
87,858,868,7,258882,<image|>,0.943378243003721,-0.05828797072172165,-25.149003982543945,-25.207292556762695,False,False,True,False
87,851,869,8,108,"

",0.06723171231573881,-2.6996102333068848,-22.837322235107422,-25.53693199157715,False,False,False,False
87,855,870,9,108,"

",0.16097975082941962,-1.8264766931533813,-24.050371170043945,-25.876848220825195,False,False,False,False
88,861,871,0,258882,<image|>,0.919810567781473,-0.08358753472566605,-22.91193199157715,-22.995519638061523,False,False,True,True
88,862,872,1,258882,<image|>,0.9749352419756993,-0.02538422867655754,-23.42750358581543,-23.45288848876953,False,False,True,False
88,864,873,2,258882,<image|>,0.9981420055536943,-0.0018597226589918137,-23.917299270629883,-23.919158935546875,False,False,True,True
88,863,874,3,258882,<image|>,0.9642157943139186,-0.036440156400203705,-23.884037017822266,-23.92047691345215,False,False,True,True
88,865,875,4,258882,<image|>,0.9973173774737752,-0.0026862272061407566,-24.10630226135254,-24.10898780822754,False,False,True,True
88,866,876,5,258882,<image|>,0.8643096149300962,-0.14582422375679016,-24.251848220825195,-24.397672653198242,False,False,True,False
88,867,877,6,258882,<image|>,0.9876453208026601,-0.012431632727384567,-24.87837028503418,-24.89080238342285,False,False,True,False
88,868,878,7,258882,<image|>,0.9748167361015753,-0.02550578862428665,-25.207292556762695,-25.232797622680664,False,False,True,False
88,861,879,8,108,"

",0.07550264075251165,-2.583587646484375,-22.91193199157715,-25.495519638061523,False,False,True,False
88,866,880,9,108,"

",0.11697159002671721,-2.1458241939544678,-24.251848220825195,-26.397672653198242,False,False,False,False
89,871,881,0,258882,<image|>,0.9182978827945228,-0.08523344993591309,-22.995519638061523,-23.080753326416016,False,False,True,True
89,872,882,1,258882,<image|>,0.9822584526020961,-0.01790081523358822,-23.45288848876953,-23.470788955688477,False,False,True,False
89,873,883,2,258882,<image|>,0.9978439900300227,-0.0021583375055342913,-23.919158935546875,-23.92131805419922,False,False,True,True
89,874,884,3,258882,<image|>,0.9718280652420217,-0.028576377779245377,-23.92047691345215,-23.949052810668945,False,False,True,True
89,875,885,4,258882,<image|>,0.9988571368262917,-0.0011435167398303747,-24.10898780822754,-24.110132217407227,False,False,True,True
89,876,886,5,258882,<image|>,0.9649167516153697,-0.035713449120521545,-24.397672653198242,-24.433385848999023,False,False,True,False
89,877,887,6,258882,<image|>,0.9841062171169327,-0.016021443530917168,-24.89080238342285,-24.906824111938477,False,False,True,False
89,878,888,7,258882,<image|>,0.9678386586171032,-0.03268988057971001,-25.232797622680664,-25.265487670898438,False,False,True,False
89,871,889,8,108,"

",0.07537848044551759,-2.585233449935913,-22.995519638061523,-25.580753326416016,False,False,True,False
89,879,890,9,258882,<image|>,0.1736779330719318,-1.7505526542663574,-25.495519638061523,-27.24607276916504,False,False,False,False
90,881,891,0,258882,<image|>,0.9169092099481931,-0.08674681931734085,-23.080753326416016,-23.167499542236328,False,False,True,True
90,882,892,1,258882,<image|>,0.9840369526136743,-0.016091829165816307,-23.470788955688477,-23.486881256103516,False,False,True,False
90,883,893,2,258882,<image|>,0.9980719380269728,-0.0019299230771139264,-23.92131805419922,-23.923248291015625,False,False,True,True
90,884,894,3,258882,<image|>,0.9719019284492859,-0.028500376269221306,-23.949052810668945,-23.97755241394043,False,False,True,True
90,885,895,4,258882,<image|>,0.9982721907622824,-0.001729303621686995,-24.110132217407227,-24.111862182617188,False,False,True,True
90,886,896,5,258882,<image|>,0.9640003891531295,-0.03666358068585396,-24.433385848999023,-24.470048904418945,False,False,True,False
90,887,897,6,258882,<image|>,0.9870533361379287,-0.013031202368438244,-24.906824111938477,-24.91985511779785,False,False,True,False
90,888,898,7,258882,<image|>,0.9747753890003692,-0.02554820477962494,-25.265487670898438,-25.29103660583496,False,False,True,False
90,881,899,8,108,"

",0.07526448282537566,-2.58674693107605,-23.080753326416016,-25.667499542236328,False,False,True,False
90,889,900,9,258882,<image|>,0.18185328658868946,-1.7045550346374512,-25.580753326416016,-27.285308837890625,False,False,False,False
91,891,901,0,258882,<image|>,0.9247688712268667,-0.07821144163608551,-23.167499542236328,-23.245710372924805,False,False,True,True
91,892,902,1,258882,<image|>,0.9816406249301306,-0.018530000001192093,-23.486881256103516,-23.50541114807129,False,False,True,False
91,893,903,2,258882,<image|>,0.9963919637279586,-0.0036145609337836504,-23.923248291015625,-23.926862716674805,False,False,True,True
91,894,904,3,258882,<image|>,0.9797420200659609,-0.02046598680317402,-23.97755241394043,-23.998018264770508,False,False,True,True
91,895,905,4,258882,<image|>,0.9978559784931444,-0.002146323211491108,-24.111862182617188,-24.1140079498291,False,False,True,True
91,896,906,5,258882,<image|>,0.9396261172907507,-0.06227323040366173,-24.470048904418945,-24.53232192993164,False,False,True,False
91,897,907,6,258882,<image|>,0.9730166364375354,-0.027354098856449127,-24.91985511779785,-24.947208404541016,False,False,True,False
91,898,908,7,258882,<image|>,0.9796692489390447,-0.02054026536643505,-25.29103660583496,-25.31157684326172,False,False,True,False
91,891,909,8,108,"

",0.06699002535690866,-2.703211545944214,-23.167499542236328,-25.870710372924805,False,False,False,False
91,899,910,9,258882,<image|>,0.20067920712612963,-1.6060476303100586,-25.667499542236328,-27.273548126220703,False,False,False,False
92,901,911,0,258882,<image|>,0.9148087726073629,-0.08904022723436356,-23.245710372924805,-23.33475112915039,False,False,True,True
92,902,912,1,258882,<image|>,0.9537607375044953,-0.047342438250780106,-23.50541114807129,-23.552753448486328,False,False,True,False
92,903,913,2,258882,<image|>,0.9964791957731618,-0.003527016844600439,-23.926862716674805,-23.930389404296875,False,False,True,True
92,904,914,3,258882,<image|>,0.9838257542076243,-0.016306476667523384,-23.998018264770508,-24.014324188232422,False,False,True,True
92,905,915,4,258882,<image|>,0.9940002897140797,-0.006017780862748623,-24.1140079498291,-24.120025634765625,False,False,True,True
92,906,916,5,258882,<image|>,0.9429434660435769,-0.05874894931912422,-24.53232192993164,-24.5910701751709,False,False,True,False
92,907,917,6,258882,<image|>,0.9432006757022919,-0.05847621336579323,-24.947208404541016,-25.00568389892578,False,False,True,False
92,908,918,7,258882,<image|>,0.975997416734633,-0.024295339360833168,-25.31157684326172,-25.335872650146484,False,False,True,False
92,901,919,8,108,"

",0.07509207292424903,-2.5890402793884277,-23.245710372924805,-25.83475112915039,False,False,False,False
92,902,920,9,108,"

",0.036981313338050124,-3.297342538833618,-23.50541114807129,-26.802753448486328,False,False,False,False
93,911,921,0,258882,<image|>,0.9132341329431666,-0.09076298773288727,-23.33475112915039,-23.425514221191406,False,False,True,True
93,912,922,1,258882,<image|>,0.8764693962684607,-0.13185349106788635,-23.552753448486328,-23.684606552124023,False,False,True,False
93,913,923,2,258882,<image|>,0.9969042117833885,-0.003100590081885457,-23.930389404296875,-23.933490753173828,False,False,True,True
93,914,924,3,258882,<image|>,0.9615341990275733,-0.03922514617443085,-24.014324188232422,-24.05354881286621,False,False,True,True
93,915,925,4,258882,<image|>,0.9950478961614334,-0.004964406136423349,-24.120025634765625,-24.124990463256836,False,False,True,True
93,916,926,5,258882,<image|>,0.9642537012634839,-0.036400843411684036,-24.5910701751709,-24.627471923828125,False,False,True,False
93,917,927,6,258882,<image|>,0.9363791626531398,-0.06573479622602463,-25.00568389892578,-25.07141876220703,False,False,True,False
93,918,928,7,258882,<image|>,0.9735709961694821,-0.02678452804684639,-25.335872650146484,-25.36265754699707,False,False,True,False
93,912,929,8,108,"

",0.10467933223221992,-2.2568535804748535,-23.552753448486328,-25.809606552124023,False,False,False,False
93,911,930,9,108,"

",0.07496281472670593,-2.5907630920410156,-23.33475112915039,-25.925514221191406,False,False,False,False
94,921,931,0,258882,<image|>,0.9327768795290678,-0.06958924978971481,-23.425514221191406,-23.49510383605957,False,False,True,True
94,922,932,1,258882,<image|>,0.7880118162019768,-0.23824219405651093,-23.684606552124023,-23.922849655151367,False,False,True,False
94,923,933,2,258882,<image|>,0.9968982881255242,-0.0031065321527421474,-23.933490753173828,-23.93659782409668,False,False,True,True
94,924,934,3,258882,<image|>,0.9625746466434686,-0.03814366087317467,-24.05354881286621,-24.091691970825195,False,False,True,True
94,925,935,4,258882,<image|>,0.9981190840490493,-0.0018826870946213603,-24.124990463256836,-24.126873016357422,False,False,True,True
94,926,936,5,258882,<image|>,0.9917706029558355,-0.00826344545930624,-24.627471923828125,-24.63573455810547,False,False,True,False
94,927,937,6,258882,<image|>,0.9207329257098719,-0.08258526772260666,-25.07141876220703,-25.154003143310547,False,False,True,False
94,928,938,7,258882,<image|>,0.9735488491559836,-0.026807276532053947,-25.36265754699707,-25.38946533203125,False,False,True,False
94,922,939,8,108,"

",0.1551687337456135,-1.8632421493530273,-23.684606552124023,-25.547847747802734,False,False,False,False
94,921,940,9,108,"

",0.05963043755558039,-2.819589138031006,-23.425514221191406,-26.24510383605957,False,False,False,False
95,931,941,0,258882,<image|>,0.9436981108096808,-0.05794896185398102,-23.49510383605957,-23.55305290222168,False,False,True,True
95,933,942,1,258882,<image|>,0.9982323951722814,-0.0017691688844934106,-23.93659782409668,-23.93836784362793,False,False,True,True
95,932,943,2,258882,<image|>,0.8365480804160453,-0.17847128212451935,-23.922849655151367,-24.101320266723633,False,False,True,False
95,934,944,3,258882,<image|>,0.9702806575226038,-0.030169911682605743,-24.091691970825195,-24.121862411499023,False,False,True,True
95,935,945,4,258882,<image|>,0.9970791075039757,-0.002925166627392173,-24.126873016357422,-24.129798889160156,False,False,True,True
95,936,946,5,258882,<image|>,0.972507552988248,-0.027877436950802803,-24.63573455810547,-24.663612365722656,False,False,True,False
95,937,947,6,258882,<image|>,0.975236848486402,-0.0250749159604311,-25.154003143310547,-25.1790771484375,False,False,True,False
95,938,948,7,258882,<image|>,0.9666899859007378,-0.033877428621053696,-25.38946533203125,-25.423343658447266,False,False,True,False
95,932,949,8,108,"

",0.1282887974014349,-2.053471326828003,-23.922849655151367,-25.976320266723633,False,False,False,False
95,931,950,9,108,"

",0.046983957460696696,-3.0579490661621094,-23.49510383605957,-26.55305290222168,False,False,False,False
96,941,951,0,258882,<image|>,0.9303409470770594,-0.07220415025949478,-23.55305290222168,-23.62525749206543,False,False,True,True
96,942,952,1,258882,<image|>,0.9978476696580999,-0.0021546499338001013,-23.93836784362793,-23.940523147583008,False,False,True,True
96,945,953,2,258882,<image|>,0.9970427250660814,-0.0029616563115268946,-24.129798889160156,-24.132761001586914,False,False,True,True
96,944,954,3,258882,<image|>,0.9622219907440902,-0.038510095328092575,-24.121862411499023,-24.160371780395508,False,False,True,True
96,943,955,4,258882,<image|>,0.8573832807477477,-0.15387022495269775,-24.101320266723633,-24.255189895629883,False,False,True,False
96,946,956,5,258882,<image|>,0.9369394300423076,-0.06513664126396179,-24.663612365722656,-24.728748321533203,False,False,True,False
96,947,957,6,258882,<image|>,0.96174276891916,-0.039008256047964096,-25.1790771484375,-25.21808624267578,False,False,True,False
96,948,958,7,258882,<image|>,0.9661132816328822,-0.03447418287396431,-25.423343658447266,-25.45781707763672,False,False,True,False
96,943,959,8,108,"

",0.11603422297468911,-2.153870105743408,-24.101320266723633,-26.255189895629883,False,False,False,False
96,941,960,9,108,"

",0.059474709155264656,-2.822204113006592,-23.55305290222168,-26.37525749206543,False,False,False,False
97,951,961,0,258882,<image|>,0.9053973689109229,-0.09938134998083115,-23.62525749206543,-23.724637985229492,False,False,True,True
97,952,962,1,258882,<image|>,0.9968031650965978,-0.003201955696567893,-23.940523147583008,-23.9437255859375,False,False,True,True
97,953,963,2,258882,<image|>,0.9956069713043547,-0.004402706399559975,-24.132761001586914,-24.137163162231445,False,False,True,True
97,954,964,3,258882,<image|>,0.9529483481070844,-0.04819457605481148,-24.160371780395508,-24.208566665649414,False,False,True,True
97,955,965,4,258882,<image|>,0.8651552011449198,-0.1448463648557663,-24.255189895629883,-24.400035858154297,False,False,True,False
97,956,966,5,258882,<image|>,0.9623700227955089,-0.03835626319050789,-24.728748321533203,-24.767105102539062,False,False,True,False
97,957,967,6,258882,<image|>,0.9453847702926548,-0.05616327002644539,-25.21808624267578,-25.274250030517578,False,False,True,False
97,958,968,7,258882,<image|>,0.9397294821981156,-0.062163230031728745,-25.45781707763672,-25.51997947692871,False,False,True,False
97,951,969,8,108,"

",0.08421506564506301,-2.474381446838379,-23.62525749206543,-26.099639892578125,False,False,False,False
97,955,970,9,108,"

",0.103328045985589,-2.2698464393615723,-24.255189895629883,-26.525035858154297,False,False,False,False
98,961,971,0,258882,<image|>,0.9361288977578669,-0.06600210070610046,-23.724637985229492,-23.790639877319336,False,False,True,True
98,962,972,1,258882,<image|>,0.9559684660977117,-0.04503035172820091,-23.9437255859375,-23.98875617980957,False,False,True,True
98,963,973,2,258882,<image|>,0.9646668661645823,-0.03597245365381241,-24.137163162231445,-24.17313575744629,False,False,True,True
98,964,974,3,258882,<image|>,0.9535807612559424,-0.04753115773200989,-24.208566665649414,-24.2560977935791,False,False,True,True
98,966,975,4,258882,<image|>,0.9351378221379643,-0.06706135720014572,-24.767105102539062,-24.834165573120117,False,False,True,False
98,965,976,5,258882,<image|>,0.45588319835332075,-0.7855186462402344,-24.400035858154297,-25.18555450439453,False,False,True,False
98,965,977,6,108,"

",0.3550421918666628,-1.0355186462402344,-24.400035858154297,-25.43555450439453,False,False,True,False
98,968,978,7,258882,<image|>,0.8967048046397313,-0.10902856290340424,-25.51997947692871,-25.62900733947754,False,False,True,False
98,967,979,8,108,"

",0.5560986813970153,-0.586809515953064,-25.274250030517578,-25.861059188842773,False,False,False,False
98,961,980,9,108,"

",0.05281277691548172,-2.941002130508423,-23.724637985229492,-26.665639877319336,False,False,False,False
99,971,981,0,258882,<image|>,0.9120838994352076,-0.09202329814434052,-23.790639877319336,-23.88266372680664,False,False,True,True
99,972,982,1,258882,<image|>,0.9264202043596919,-0.07642736285924911,-23.98875617980957,-24.065183639526367,False,False,True,True
99,973,983,2,258882,<image|>,0.9246751917581496,-0.07831274718046188,-24.17313575744629,-24.251447677612305,False,False,True,True
99,974,984,3,258882,<image|>,0.8642104248936495,-0.14593899250030518,-24.2560977935791,-24.402036666870117,False,False,True,True
99,975,985,4,258882,<image|>,0.9601239786822935,-0.04069285839796066,-24.834165573120117,-24.874858856201172,False,False,True,False
99,976,986,5,258882,<image|>,0.6242035159311893,-0.4712788164615631,-25.18555450439453,-25.65683364868164,False,False,True,False
99,978,987,6,258882,<image|>,0.8815306797114816,-0.1260954737663269,-25.62900733947754,-25.755102157592773,False,False,True,False
99,977,988,7,108,"

",0.4664901627313609,-0.7625183463096619,-25.43555450439453,-26.19807243347168,False,False,False,False
99,971,989,8,108,"

",0.06607113114725602,-2.7170233726501465,-23.790639877319336,-26.50766372680664,False,False,False,False
99,974,990,9,108,"

",0.10321522855630486,-2.2709388732910156,-24.2560977935791,-26.527036666870117,False,False,False,False
100,982,991,0,258882,<image|>,0.9890529392645246,-0.011007420718669891,-24.065183639526367,-24.076190948486328,False,False,True,True
100,981,992,1,258882,<image|>,0.804381934167762,-0.21768108010292053,-23.88266372680664,-24.100345611572266,False,False,True,True
100,983,993,2,258882,<image|>,0.9833134843604949,-0.016827303916215897,-24.251447677612305,-24.268274307250977,False,False,True,True
100,984,994,3,258882,<image|>,0.6916098679006125,-0.3687332570552826,-24.402036666870117,-24.770769119262695,False,False,True,True
100,985,995,4,258882,<image|>,0.9929224484261419,-0.007102716248482466,-24.874858856201172,-24.881961822509766,False,False,True,False
100,981,996,5,108,"

",0.15839219888141906,-1.8426810503005981,-23.88266372680664,-25.725345611572266,False,False,True,False
100,984,997,6,108,"

",0.2245328433717159,-1.493733286857605,-24.402036666870117,-25.895769119262695,False,False,True,False
100,987,998,7,258882,<image|>,0.8444022721200093,-0.16912627220153809,-25.755102157592773,-25.92422866821289,False,False,True,False
100,986,999,8,258882,<image|>,0.5486364142891942,-0.6003193259239197,-25.65683364868164,-26.257152557373047,False,False,True,False
100,986,1000,9,108,"

",0.29366389334623805,-1.2253193855285645,-25.65683364868164,-26.882152557373047,False,False,True,False
