name,role,component,layer,dtype,shape,params
model.audio_tower.layers.0.feed_forward1.ffw_layer_1.input_max,model.audio_tower.layers.N.feed_forward1.ffw_layer_1.input_max,audio,0.0,BF16,(),1
model.audio_tower.layers.0.feed_forward1.ffw_layer_1.input_min,model.audio_tower.layers.N.feed_forward1.ffw_layer_1.input_min,audio,0.0,BF16,(),1
model.audio_tower.layers.0.feed_forward1.ffw_layer_1.linear.weight,model.audio_tower.layers.N.feed_forward1.ffw_layer_1.linear.weight,audio,0.0,BF16,"(4096, 1024)",4194304
model.audio_tower.layers.0.feed_forward1.ffw_layer_1.output_max,model.audio_tower.layers.N.feed_forward1.ffw_layer_1.output_max,audio,0.0,BF16,(),1
model.audio_tower.layers.0.feed_forward1.ffw_layer_1.output_min,model.audio_tower.layers.N.feed_forward1.ffw_layer_1.output_min,audio,0.0,BF16,(),1
model.audio_tower.layers.0.feed_forward1.ffw_layer_2.input_max,model.audio_tower.layers.N.feed_forward1.ffw_layer_2.input_max,audio,0.0,BF16,(),1
model.audio_tower.layers.0.feed_forward1.ffw_layer_2.input_min,model.audio_tower.layers.N.feed_forward1.ffw_layer_2.input_min,audio,0.0,BF16,(),1
model.audio_tower.layers.0.feed_forward1.ffw_layer_2.linear.weight,model.audio_tower.layers.N.feed_forward1.ffw_layer_2.linear.weight,audio,0.0,BF16,"(1024, 4096)",4194304
model.audio_tower.layers.0.feed_forward1.ffw_layer_2.output_max,model.audio_tower.layers.N.feed_forward1.ffw_layer_2.output_max,audio,0.0,BF16,(),1
model.audio_tower.layers.0.feed_forward1.ffw_layer_2.output_min,model.audio_tower.layers.N.feed_forward1.ffw_layer_2.output_min,audio,0.0,BF16,(),1
model.audio_tower.layers.0.feed_forward1.post_layer_norm.weight,model.audio_tower.layers.N.feed_forward1.post_layer_norm.weight,audio,0.0,BF16,"(1024,)",1024
model.audio_tower.layers.0.feed_forward1.pre_layer_norm.weight,model.audio_tower.layers.N.feed_forward1.pre_layer_norm.weight,audio,0.0,BF16,"(1024,)",1024
model.audio_tower.layers.0.feed_forward2.ffw_layer_1.input_max,model.audio_tower.layers.N.feed_forward2.ffw_layer_1.input_max,audio,0.0,BF16,(),1
model.audio_tower.layers.0.feed_forward2.ffw_layer_1.input_min,model.audio_tower.layers.N.feed_forward2.ffw_layer_1.input_min,audio,0.0,BF16,(),1
model.audio_tower.layers.0.feed_forward2.ffw_layer_1.linear.weight,model.audio_tower.layers.N.feed_forward2.ffw_layer_1.linear.weight,audio,0.0,BF16,"(4096, 1024)",4194304
model.audio_tower.layers.0.feed_forward2.ffw_layer_1.output_max,model.audio_tower.layers.N.feed_forward2.ffw_layer_1.output_max,audio,0.0,BF16,(),1
model.audio_tower.layers.0.feed_forward2.ffw_layer_1.output_min,model.audio_tower.layers.N.feed_forward2.ffw_layer_1.output_min,audio,0.0,BF16,(),1
model.audio_tower.layers.0.feed_forward2.ffw_layer_2.input_max,model.audio_tower.layers.N.feed_forward2.ffw_layer_2.input_max,audio,0.0,BF16,(),1
model.audio_tower.layers.0.feed_forward2.ffw_layer_2.input_min,model.audio_tower.layers.N.feed_forward2.ffw_layer_2.input_min,audio,0.0,BF16,(),1
model.audio_tower.layers.0.feed_forward2.ffw_layer_2.linear.weight,model.audio_tower.layers.N.feed_forward2.ffw_layer_2.linear.weight,audio,0.0,BF16,"(1024, 4096)",4194304
model.audio_tower.layers.0.feed_forward2.ffw_layer_2.output_max,model.audio_tower.layers.N.feed_forward2.ffw_layer_2.output_max,audio,0.0,BF16,(),1
model.audio_tower.layers.0.feed_forward2.ffw_layer_2.output_min,model.audio_tower.layers.N.feed_forward2.ffw_layer_2.output_min,audio,0.0,BF16,(),1
model.audio_tower.layers.0.feed_forward2.post_layer_norm.weight,model.audio_tower.layers.N.feed_forward2.post_layer_norm.weight,audio,0.0,BF16,"(1024,)",1024
model.audio_tower.layers.0.feed_forward2.pre_layer_norm.weight,model.audio_tower.layers.N.feed_forward2.pre_layer_norm.weight,audio,0.0,BF16,"(1024,)",1024
model.audio_tower.layers.0.lconv1d.conv_norm.weight,model.audio_tower.layers.N.lconv1d.conv_norm.weight,audio,0.0,BF16,"(1024,)",1024
model.audio_tower.layers.0.lconv1d.depthwise_conv1d.weight,model.audio_tower.layers.N.lconv1d.depthwise_conv1d.weight,audio,0.0,BF16,"(1024, 1, 5)",5120
model.audio_tower.layers.0.lconv1d.linear_end.input_max,model.audio_tower.layers.N.lconv1d.linear_end.input_max,audio,0.0,BF16,(),1
model.audio_tower.layers.0.lconv1d.linear_end.input_min,model.audio_tower.layers.N.lconv1d.linear_end.input_min,audio,0.0,BF16,(),1
model.audio_tower.layers.0.lconv1d.linear_end.linear.weight,model.audio_tower.layers.N.lconv1d.linear_end.linear.weight,audio,0.0,BF16,"(1024, 1024)",1048576
model.audio_tower.layers.0.lconv1d.linear_end.output_max,model.audio_tower.layers.N.lconv1d.linear_end.output_max,audio,0.0,BF16,(),1
model.audio_tower.layers.0.lconv1d.linear_end.output_min,model.audio_tower.layers.N.lconv1d.linear_end.output_min,audio,0.0,BF16,(),1
model.audio_tower.layers.0.lconv1d.linear_start.input_max,model.audio_tower.layers.N.lconv1d.linear_start.input_max,audio,0.0,BF16,(),1
model.audio_tower.layers.0.lconv1d.linear_start.input_min,model.audio_tower.layers.N.lconv1d.linear_start.input_min,audio,0.0,BF16,(),1
model.audio_tower.layers.0.lconv1d.linear_start.linear.weight,model.audio_tower.layers.N.lconv1d.linear_start.linear.weight,audio,0.0,BF16,"(2048, 1024)",2097152
model.audio_tower.layers.0.lconv1d.linear_start.output_max,model.audio_tower.layers.N.lconv1d.linear_start.output_max,audio,0.0,BF16,(),1
model.audio_tower.layers.0.lconv1d.linear_start.output_min,model.audio_tower.layers.N.lconv1d.linear_start.output_min,audio,0.0,BF16,(),1
model.audio_tower.layers.0.lconv1d.pre_layer_norm.weight,model.audio_tower.layers.N.lconv1d.pre_layer_norm.weight,audio,0.0,BF16,"(1024,)",1024
model.audio_tower.layers.0.norm_out.weight,model.audio_tower.layers.N.norm_out.weight,audio,0.0,BF16,"(1024,)",1024
model.audio_tower.layers.0.norm_post_attn.weight,model.audio_tower.layers.N.norm_post_attn.weight,audio,0.0,BF16,"(1024,)",1024
model.audio_tower.layers.0.norm_pre_attn.weight,model.audio_tower.layers.N.norm_pre_attn.weight,audio,0.0,BF16,"(1024,)",1024
model.audio_tower.layers.0.self_attn.k_proj.input_max,model.audio_tower.layers.N.self_attn.k_proj.input_max,audio,0.0,BF16,(),1
model.audio_tower.layers.0.self_attn.k_proj.input_min,model.audio_tower.layers.N.self_attn.k_proj.input_min,audio,0.0,BF16,(),1
model.audio_tower.layers.0.self_attn.k_proj.linear.weight,model.audio_tower.layers.N.self_attn.k_proj.linear.weight,audio,0.0,BF16,"(1024, 1024)",1048576
model.audio_tower.layers.0.self_attn.k_proj.output_max,model.audio_tower.layers.N.self_attn.k_proj.output_max,audio,0.0,BF16,(),1
model.audio_tower.layers.0.self_attn.k_proj.output_min,model.audio_tower.layers.N.self_attn.k_proj.output_min,audio,0.0,BF16,(),1
model.audio_tower.layers.0.self_attn.per_dim_scale,model.audio_tower.layers.N.self_attn.per_dim_scale,audio,0.0,BF16,"(128,)",128
model.audio_tower.layers.0.self_attn.post.input_max,model.audio_tower.layers.N.self_attn.post.input_max,audio,0.0,BF16,(),1
model.audio_tower.layers.0.self_attn.post.input_min,model.audio_tower.layers.N.self_attn.post.input_min,audio,0.0,BF16,(),1
model.audio_tower.layers.0.self_attn.post.linear.weight,model.audio_tower.layers.N.self_attn.post.linear.weight,audio,0.0,BF16,"(1024, 1024)",1048576
model.audio_tower.layers.0.self_attn.post.output_max,model.audio_tower.layers.N.self_attn.post.output_max,audio,0.0,BF16,(),1
model.audio_tower.layers.0.self_attn.post.output_min,model.audio_tower.layers.N.self_attn.post.output_min,audio,0.0,BF16,(),1
model.audio_tower.layers.0.self_attn.q_proj.input_max,model.audio_tower.layers.N.self_attn.q_proj.input_max,audio,0.0,BF16,(),1
model.audio_tower.layers.0.self_attn.q_proj.input_min,model.audio_tower.layers.N.self_attn.q_proj.input_min,audio,0.0,BF16,(),1
model.audio_tower.layers.0.self_attn.q_proj.linear.weight,model.audio_tower.layers.N.self_attn.q_proj.linear.weight,audio,0.0,BF16,"(1024, 1024)",1048576
model.audio_tower.layers.0.self_attn.q_proj.output_max,model.audio_tower.layers.N.self_attn.q_proj.output_max,audio,0.0,BF16,(),1
model.audio_tower.layers.0.self_attn.q_proj.output_min,model.audio_tower.layers.N.self_attn.q_proj.output_min,audio,0.0,BF16,(),1
model.audio_tower.layers.0.self_attn.relative_k_proj.weight,model.audio_tower.layers.N.self_attn.relative_k_proj.weight,audio,0.0,BF16,"(1024, 1024)",1048576
model.audio_tower.layers.0.self_attn.v_proj.input_max,model.audio_tower.layers.N.self_attn.v_proj.input_max,audio,0.0,BF16,(),1
model.audio_tower.layers.0.self_attn.v_proj.input_min,model.audio_tower.layers.N.self_attn.v_proj.input_min,audio,0.0,BF16,(),1
model.audio_tower.layers.0.self_attn.v_proj.linear.weight,model.audio_tower.layers.N.self_attn.v_proj.linear.weight,audio,0.0,BF16,"(1024, 1024)",1048576
model.audio_tower.layers.0.self_attn.v_proj.output_max,model.audio_tower.layers.N.self_attn.v_proj.output_max,audio,0.0,BF16,(),1
model.audio_tower.layers.0.self_attn.v_proj.output_min,model.audio_tower.layers.N.self_attn.v_proj.output_min,audio,0.0,BF16,(),1
model.audio_tower.layers.1.feed_forward1.ffw_layer_1.input_max,model.audio_tower.layers.N.feed_forward1.ffw_layer_1.input_max,audio,1.0,BF16,(),1
model.audio_tower.layers.1.feed_forward1.ffw_layer_1.input_min,model.audio_tower.layers.N.feed_forward1.ffw_layer_1.input_min,audio,1.0,BF16,(),1
model.audio_tower.layers.1.feed_forward1.ffw_layer_1.linear.weight,model.audio_tower.layers.N.feed_forward1.ffw_layer_1.linear.weight,audio,1.0,BF16,"(4096, 1024)",4194304
model.audio_tower.layers.1.feed_forward1.ffw_layer_1.output_max,model.audio_tower.layers.N.feed_forward1.ffw_layer_1.output_max,audio,1.0,BF16,(),1
model.audio_tower.layers.1.feed_forward1.ffw_layer_1.output_min,model.audio_tower.layers.N.feed_forward1.ffw_layer_1.output_min,audio,1.0,BF16,(),1
model.audio_tower.layers.1.feed_forward1.ffw_layer_2.input_max,model.audio_tower.layers.N.feed_forward1.ffw_layer_2.input_max,audio,1.0,BF16,(),1
model.audio_tower.layers.1.feed_forward1.ffw_layer_2.input_min,model.audio_tower.layers.N.feed_forward1.ffw_layer_2.input_min,audio,1.0,BF16,(),1
model.audio_tower.layers.1.feed_forward1.ffw_layer_2.linear.weight,model.audio_tower.layers.N.feed_forward1.ffw_layer_2.linear.weight,audio,1.0,BF16,"(1024, 4096)",4194304
model.audio_tower.layers.1.feed_forward1.ffw_layer_2.output_max,model.audio_tower.layers.N.feed_forward1.ffw_layer_2.output_max,audio,1.0,BF16,(),1
model.audio_tower.layers.1.feed_forward1.ffw_layer_2.output_min,model.audio_tower.layers.N.feed_forward1.ffw_layer_2.output_min,audio,1.0,BF16,(),1
model.audio_tower.layers.1.feed_forward1.post_layer_norm.weight,model.audio_tower.layers.N.feed_forward1.post_layer_norm.weight,audio,1.0,BF16,"(1024,)",1024
model.audio_tower.layers.1.feed_forward1.pre_layer_norm.weight,model.audio_tower.layers.N.feed_forward1.pre_layer_norm.weight,audio,1.0,BF16,"(1024,)",1024
model.audio_tower.layers.1.feed_forward2.ffw_layer_1.input_max,model.audio_tower.layers.N.feed_forward2.ffw_layer_1.input_max,audio,1.0,BF16,(),1
model.audio_tower.layers.1.feed_forward2.ffw_layer_1.input_min,model.audio_tower.layers.N.feed_forward2.ffw_layer_1.input_min,audio,1.0,BF16,(),1
model.audio_tower.layers.1.feed_forward2.ffw_layer_1.linear.weight,model.audio_tower.layers.N.feed_forward2.ffw_layer_1.linear.weight,audio,1.0,BF16,"(4096, 1024)",4194304
model.audio_tower.layers.1.feed_forward2.ffw_layer_1.output_max,model.audio_tower.layers.N.feed_forward2.ffw_layer_1.output_max,audio,1.0,BF16,(),1
model.audio_tower.layers.1.feed_forward2.ffw_layer_1.output_min,model.audio_tower.layers.N.feed_forward2.ffw_layer_1.output_min,audio,1.0,BF16,(),1
model.audio_tower.layers.1.feed_forward2.ffw_layer_2.input_max,model.audio_tower.layers.N.feed_forward2.ffw_layer_2.input_max,audio,1.0,BF16,(),1
model.audio_tower.layers.1.feed_forward2.ffw_layer_2.input_min,model.audio_tower.layers.N.feed_forward2.ffw_layer_2.input_min,audio,1.0,BF16,(),1
model.audio_tower.layers.1.feed_forward2.ffw_layer_2.linear.weight,model.audio_tower.layers.N.feed_forward2.ffw_layer_2.linear.weight,audio,1.0,BF16,"(1024, 4096)",4194304
model.audio_tower.layers.1.feed_forward2.ffw_layer_2.output_max,model.audio_tower.layers.N.feed_forward2.ffw_layer_2.output_max,audio,1.0,BF16,(),1
model.audio_tower.layers.1.feed_forward2.ffw_layer_2.output_min,model.audio_tower.layers.N.feed_forward2.ffw_layer_2.output_min,audio,1.0,BF16,(),1
model.audio_tower.layers.1.feed_forward2.post_layer_norm.weight,model.audio_tower.layers.N.feed_forward2.post_layer_norm.weight,audio,1.0,BF16,"(1024,)",1024
model.audio_tower.layers.1.feed_forward2.pre_layer_norm.weight,model.audio_tower.layers.N.feed_forward2.pre_layer_norm.weight,audio,1.0,BF16,"(1024,)",1024
model.audio_tower.layers.1.lconv1d.conv_norm.weight,model.audio_tower.layers.N.lconv1d.conv_norm.weight,audio,1.0,BF16,"(1024,)",1024
model.audio_tower.layers.1.lconv1d.depthwise_conv1d.weight,model.audio_tower.layers.N.lconv1d.depthwise_conv1d.weight,audio,1.0,BF16,"(1024, 1, 5)",5120
model.audio_tower.layers.1.lconv1d.linear_end.input_max,model.audio_tower.layers.N.lconv1d.linear_end.input_max,audio,1.0,BF16,(),1
model.audio_tower.layers.1.lconv1d.linear_end.input_min,model.audio_tower.layers.N.lconv1d.linear_end.input_min,audio,1.0,BF16,(),1
model.audio_tower.layers.1.lconv1d.linear_end.linear.weight,model.audio_tower.layers.N.lconv1d.linear_end.linear.weight,audio,1.0,BF16,"(1024, 1024)",1048576
model.audio_tower.layers.1.lconv1d.linear_end.output_max,model.audio_tower.layers.N.lconv1d.linear_end.output_max,audio,1.0,BF16,(),1
model.audio_tower.layers.1.lconv1d.linear_end.output_min,model.audio_tower.layers.N.lconv1d.linear_end.output_min,audio,1.0,BF16,(),1
model.audio_tower.layers.1.lconv1d.linear_start.input_max,model.audio_tower.layers.N.lconv1d.linear_start.input_max,audio,1.0,BF16,(),1
model.audio_tower.layers.1.lconv1d.linear_start.input_min,model.audio_tower.layers.N.lconv1d.linear_start.input_min,audio,1.0,BF16,(),1
model.audio_tower.layers.1.lconv1d.linear_start.linear.weight,model.audio_tower.layers.N.lconv1d.linear_start.linear.weight,audio,1.0,BF16,"(2048, 1024)",2097152
model.audio_tower.layers.1.lconv1d.linear_start.output_max,model.audio_tower.layers.N.lconv1d.linear_start.output_max,audio,1.0,BF16,(),1
model.audio_tower.layers.1.lconv1d.linear_start.output_min,model.audio_tower.layers.N.lconv1d.linear_start.output_min,audio,1.0,BF16,(),1
model.audio_tower.layers.1.lconv1d.pre_layer_norm.weight,model.audio_tower.layers.N.lconv1d.pre_layer_norm.weight,audio,1.0,BF16,"(1024,)",1024
model.audio_tower.layers.1.norm_out.weight,model.audio_tower.layers.N.norm_out.weight,audio,1.0,BF16,"(1024,)",1024
model.audio_tower.layers.1.norm_post_attn.weight,model.audio_tower.layers.N.norm_post_attn.weight,audio,1.0,BF16,"(1024,)",1024
model.audio_tower.layers.1.norm_pre_attn.weight,model.audio_tower.layers.N.norm_pre_attn.weight,audio,1.0,BF16,"(1024,)",1024
model.audio_tower.layers.1.self_attn.k_proj.input_max,model.audio_tower.layers.N.self_attn.k_proj.input_max,audio,1.0,BF16,(),1
model.audio_tower.layers.1.self_attn.k_proj.input_min,model.audio_tower.layers.N.self_attn.k_proj.input_min,audio,1.0,BF16,(),1
model.audio_tower.layers.1.self_attn.k_proj.linear.weight,model.audio_tower.layers.N.self_attn.k_proj.linear.weight,audio,1.0,BF16,"(1024, 1024)",1048576
model.audio_tower.layers.1.self_attn.k_proj.output_max,model.audio_tower.layers.N.self_attn.k_proj.output_max,audio,1.0,BF16,(),1
model.audio_tower.layers.1.self_attn.k_proj.output_min,model.audio_tower.layers.N.self_attn.k_proj.output_min,audio,1.0,BF16,(),1
model.audio_tower.layers.1.self_attn.per_dim_scale,model.audio_tower.layers.N.self_attn.per_dim_scale,audio,1.0,BF16,"(128,)",128
model.audio_tower.layers.1.self_attn.post.input_max,model.audio_tower.layers.N.self_attn.post.input_max,audio,1.0,BF16,(),1
model.audio_tower.layers.1.self_attn.post.input_min,model.audio_tower.layers.N.self_attn.post.input_min,audio,1.0,BF16,(),1
model.audio_tower.layers.1.self_attn.post.linear.weight,model.audio_tower.layers.N.self_attn.post.linear.weight,audio,1.0,BF16,"(1024, 1024)",1048576
model.audio_tower.layers.1.self_attn.post.output_max,model.audio_tower.layers.N.self_attn.post.output_max,audio,1.0,BF16,(),1
model.audio_tower.layers.1.self_attn.post.output_min,model.audio_tower.layers.N.self_attn.post.output_min,audio,1.0,BF16,(),1
model.audio_tower.layers.1.self_attn.q_proj.input_max,model.audio_tower.layers.N.self_attn.q_proj.input_max,audio,1.0,BF16,(),1
model.audio_tower.layers.1.self_attn.q_proj.input_min,model.audio_tower.layers.N.self_attn.q_proj.input_min,audio,1.0,BF16,(),1
model.audio_tower.layers.1.self_attn.q_proj.linear.weight,model.audio_tower.layers.N.self_attn.q_proj.linear.weight,audio,1.0,BF16,"(1024, 1024)",1048576
model.audio_tower.layers.1.self_attn.q_proj.output_max,model.audio_tower.layers.N.self_attn.q_proj.output_max,audio,1.0,BF16,(),1
model.audio_tower.layers.1.self_attn.q_proj.output_min,model.audio_tower.layers.N.self_attn.q_proj.output_min,audio,1.0,BF16,(),1
model.audio_tower.layers.1.self_attn.relative_k_proj.weight,model.audio_tower.layers.N.self_attn.relative_k_proj.weight,audio,1.0,BF16,"(1024, 1024)",1048576
model.audio_tower.layers.1.self_attn.v_proj.input_max,model.audio_tower.layers.N.self_attn.v_proj.input_max,audio,1.0,BF16,(),1
model.audio_tower.layers.1.self_attn.v_proj.input_min,model.audio_tower.layers.N.self_attn.v_proj.input_min,audio,1.0,BF16,(),1
model.audio_tower.layers.1.self_attn.v_proj.linear.weight,model.audio_tower.layers.N.self_attn.v_proj.linear.weight,audio,1.0,BF16,"(1024, 1024)",1048576
model.audio_tower.layers.1.self_attn.v_proj.output_max,model.audio_tower.layers.N.self_attn.v_proj.output_max,audio,1.0,BF16,(),1
model.audio_tower.layers.1.self_attn.v_proj.output_min,model.audio_tower.layers.N.self_attn.v_proj.output_min,audio,1.0,BF16,(),1
model.audio_tower.layers.10.feed_forward1.ffw_layer_1.input_max,model.audio_tower.layers.N.feed_forward1.ffw_layer_1.input_max,audio,10.0,BF16,(),1
model.audio_tower.layers.10.feed_forward1.ffw_layer_1.input_min,model.audio_tower.layers.N.feed_forward1.ffw_layer_1.input_min,audio,10.0,BF16,(),1
model.audio_tower.layers.10.feed_forward1.ffw_layer_1.linear.weight,model.audio_tower.layers.N.feed_forward1.ffw_layer_1.linear.weight,audio,10.0,BF16,"(4096, 1024)",4194304
model.audio_tower.layers.10.feed_forward1.ffw_layer_1.output_max,model.audio_tower.layers.N.feed_forward1.ffw_layer_1.output_max,audio,10.0,BF16,(),1
model.audio_tower.layers.10.feed_forward1.ffw_layer_1.output_min,model.audio_tower.layers.N.feed_forward1.ffw_layer_1.output_min,audio,10.0,BF16,(),1
model.audio_tower.layers.10.feed_forward1.ffw_layer_2.input_max,model.audio_tower.layers.N.feed_forward1.ffw_layer_2.input_max,audio,10.0,BF16,(),1
model.audio_tower.layers.10.feed_forward1.ffw_layer_2.input_min,model.audio_tower.layers.N.feed_forward1.ffw_layer_2.input_min,audio,10.0,BF16,(),1
model.audio_tower.layers.10.feed_forward1.ffw_layer_2.linear.weight,model.audio_tower.layers.N.feed_forward1.ffw_layer_2.linear.weight,audio,10.0,BF16,"(1024, 4096)",4194304
model.audio_tower.layers.10.feed_forward1.ffw_layer_2.output_max,model.audio_tower.layers.N.feed_forward1.ffw_layer_2.output_max,audio,10.0,BF16,(),1
model.audio_tower.layers.10.feed_forward1.ffw_layer_2.output_min,model.audio_tower.layers.N.feed_forward1.ffw_layer_2.output_min,audio,10.0,BF16,(),1
model.audio_tower.layers.10.feed_forward1.post_layer_norm.weight,model.audio_tower.layers.N.feed_forward1.post_layer_norm.weight,audio,10.0,BF16,"(1024,)",1024
model.audio_tower.layers.10.feed_forward1.pre_layer_norm.weight,model.audio_tower.layers.N.feed_forward1.pre_layer_norm.weight,audio,10.0,BF16,"(1024,)",1024
model.audio_tower.layers.10.feed_forward2.ffw_layer_1.input_max,model.audio_tower.layers.N.feed_forward2.ffw_layer_1.input_max,audio,10.0,BF16,(),1
model.audio_tower.layers.10.feed_forward2.ffw_layer_1.input_min,model.audio_tower.layers.N.feed_forward2.ffw_layer_1.input_min,audio,10.0,BF16,(),1
model.audio_tower.layers.10.feed_forward2.ffw_layer_1.linear.weight,model.audio_tower.layers.N.feed_forward2.ffw_layer_1.linear.weight,audio,10.0,BF16,"(4096, 1024)",4194304
model.audio_tower.layers.10.feed_forward2.ffw_layer_1.output_max,model.audio_tower.layers.N.feed_forward2.ffw_layer_1.output_max,audio,10.0,BF16,(),1
model.audio_tower.layers.10.feed_forward2.ffw_layer_1.output_min,model.audio_tower.layers.N.feed_forward2.ffw_layer_1.output_min,audio,10.0,BF16,(),1
model.audio_tower.layers.10.feed_forward2.ffw_layer_2.input_max,model.audio_tower.layers.N.feed_forward2.ffw_layer_2.input_max,audio,10.0,BF16,(),1
model.audio_tower.layers.10.feed_forward2.ffw_layer_2.input_min,model.audio_tower.layers.N.feed_forward2.ffw_layer_2.input_min,audio,10.0,BF16,(),1
model.audio_tower.layers.10.feed_forward2.ffw_layer_2.linear.weight,model.audio_tower.layers.N.feed_forward2.ffw_layer_2.linear.weight,audio,10.0,BF16,"(1024, 4096)",4194304
model.audio_tower.layers.10.feed_forward2.ffw_layer_2.output_max,model.audio_tower.layers.N.feed_forward2.ffw_layer_2.output_max,audio,10.0,BF16,(),1
model.audio_tower.layers.10.feed_forward2.ffw_layer_2.output_min,model.audio_tower.layers.N.feed_forward2.ffw_layer_2.output_min,audio,10.0,BF16,(),1
model.audio_tower.layers.10.feed_forward2.post_layer_norm.weight,model.audio_tower.layers.N.feed_forward2.post_layer_norm.weight,audio,10.0,BF16,"(1024,)",1024
model.audio_tower.layers.10.feed_forward2.pre_layer_norm.weight,model.audio_tower.layers.N.feed_forward2.pre_layer_norm.weight,audio,10.0,BF16,"(1024,)",1024
model.audio_tower.layers.10.lconv1d.conv_norm.weight,model.audio_tower.layers.N.lconv1d.conv_norm.weight,audio,10.0,BF16,"(1024,)",1024
model.audio_tower.layers.10.lconv1d.depthwise_conv1d.weight,model.audio_tower.layers.N.lconv1d.depthwise_conv1d.weight,audio,10.0,BF16,"(1024, 1, 5)",5120
model.audio_tower.layers.10.lconv1d.linear_end.input_max,model.audio_tower.layers.N.lconv1d.linear_end.input_max,audio,10.0,BF16,(),1
model.audio_tower.layers.10.lconv1d.linear_end.input_min,model.audio_tower.layers.N.lconv1d.linear_end.input_min,audio,10.0,BF16,(),1
model.audio_tower.layers.10.lconv1d.linear_end.linear.weight,model.audio_tower.layers.N.lconv1d.linear_end.linear.weight,audio,10.0,BF16,"(1024, 1024)",1048576
model.audio_tower.layers.10.lconv1d.linear_end.output_max,model.audio_tower.layers.N.lconv1d.linear_end.output_max,audio,10.0,BF16,(),1
model.audio_tower.layers.10.lconv1d.linear_end.output_min,model.audio_tower.layers.N.lconv1d.linear_end.output_min,audio,10.0,BF16,(),1
model.audio_tower.layers.10.lconv1d.linear_start.input_max,model.audio_tower.layers.N.lconv1d.linear_start.input_max,audio,10.0,BF16,(),1
model.audio_tower.layers.10.lconv1d.linear_start.input_min,model.audio_tower.layers.N.lconv1d.linear_start.input_min,audio,10.0,BF16,(),1
model.audio_tower.layers.10.lconv1d.linear_start.linear.weight,model.audio_tower.layers.N.lconv1d.linear_start.linear.weight,audio,10.0,BF16,"(2048, 1024)",2097152
model.audio_tower.layers.10.lconv1d.linear_start.output_max,model.audio_tower.layers.N.lconv1d.linear_start.output_max,audio,10.0,BF16,(),1
model.audio_tower.layers.10.lconv1d.linear_start.output_min,model.audio_tower.layers.N.lconv1d.linear_start.output_min,audio,10.0,BF16,(),1
model.audio_tower.layers.10.lconv1d.pre_layer_norm.weight,model.audio_tower.layers.N.lconv1d.pre_layer_norm.weight,audio,10.0,BF16,"(1024,)",1024
model.audio_tower.layers.10.norm_out.weight,model.audio_tower.layers.N.norm_out.weight,audio,10.0,BF16,"(1024,)",1024
model.audio_tower.layers.10.norm_post_attn.weight,model.audio_tower.layers.N.norm_post_attn.weight,audio,10.0,BF16,"(1024,)",1024
model.audio_tower.layers.10.norm_pre_attn.weight,model.audio_tower.layers.N.norm_pre_attn.weight,audio,10.0,BF16,"(1024,)",1024
model.audio_tower.layers.10.self_attn.k_proj.input_max,model.audio_tower.layers.N.self_attn.k_proj.input_max,audio,10.0,BF16,(),1
model.audio_tower.layers.10.self_attn.k_proj.input_min,model.audio_tower.layers.N.self_attn.k_proj.input_min,audio,10.0,BF16,(),1
model.audio_tower.layers.10.self_attn.k_proj.linear.weight,model.audio_tower.layers.N.self_attn.k_proj.linear.weight,audio,10.0,BF16,"(1024, 1024)",1048576
model.audio_tower.layers.10.self_attn.k_proj.output_max,model.audio_tower.layers.N.self_attn.k_proj.output_max,audio,10.0,BF16,(),1
model.audio_tower.layers.10.self_attn.k_proj.output_min,model.audio_tower.layers.N.self_attn.k_proj.output_min,audio,10.0,BF16,(),1
model.audio_tower.layers.10.self_attn.per_dim_scale,model.audio_tower.layers.N.self_attn.per_dim_scale,audio,10.0,BF16,"(128,)",128
model.audio_tower.layers.10.self_attn.post.input_max,model.audio_tower.layers.N.self_attn.post.input_max,audio,10.0,BF16,(),1
model.audio_tower.layers.10.self_attn.post.input_min,model.audio_tower.layers.N.self_attn.post.input_min,audio,10.0,BF16,(),1
model.audio_tower.layers.10.self_attn.post.linear.weight,model.audio_tower.layers.N.self_attn.post.linear.weight,audio,10.0,BF16,"(1024, 1024)",1048576
model.audio_tower.layers.10.self_attn.post.output_max,model.audio_tower.layers.N.self_attn.post.output_max,audio,10.0,BF16,(),1
model.audio_tower.layers.10.self_attn.post.output_min,model.audio_tower.layers.N.self_attn.post.output_min,audio,10.0,BF16,(),1
model.audio_tower.layers.10.self_attn.q_proj.input_max,model.audio_tower.layers.N.self_attn.q_proj.input_max,audio,10.0,BF16,(),1
model.audio_tower.layers.10.self_attn.q_proj.input_min,model.audio_tower.layers.N.self_attn.q_proj.input_min,audio,10.0,BF16,(),1
model.audio_tower.layers.10.self_attn.q_proj.linear.weight,model.audio_tower.layers.N.self_attn.q_proj.linear.weight,audio,10.0,BF16,"(1024, 1024)",1048576
model.audio_tower.layers.10.self_attn.q_proj.output_max,model.audio_tower.layers.N.self_attn.q_proj.output_max,audio,10.0,BF16,(),1
model.audio_tower.layers.10.self_attn.q_proj.output_min,model.audio_tower.layers.N.self_attn.q_proj.output_min,audio,10.0,BF16,(),1
model.audio_tower.layers.10.self_attn.relative_k_proj.weight,model.audio_tower.layers.N.self_attn.relative_k_proj.weight,audio,10.0,BF16,"(1024, 1024)",1048576
model.audio_tower.layers.10.self_attn.v_proj.input_max,model.audio_tower.layers.N.self_attn.v_proj.input_max,audio,10.0,BF16,(),1
model.audio_tower.layers.10.self_attn.v_proj.input_min,model.audio_tower.layers.N.self_attn.v_proj.input_min,audio,10.0,BF16,(),1
model.audio_tower.layers.10.self_attn.v_proj.linear.weight,model.audio_tower.layers.N.self_attn.v_proj.linear.weight,audio,10.0,BF16,"(1024, 1024)",1048576
model.audio_tower.layers.10.self_attn.v_proj.output_max,model.audio_tower.layers.N.self_attn.v_proj.output_max,audio,10.0,BF16,(),1
model.audio_tower.layers.10.self_attn.v_proj.output_min,model.audio_tower.layers.N.self_attn.v_proj.output_min,audio,10.0,BF16,(),1
model.audio_tower.layers.11.feed_forward1.ffw_layer_1.input_max,model.audio_tower.layers.N.feed_forward1.ffw_layer_1.input_max,audio,11.0,BF16,(),1
model.audio_tower.layers.11.feed_forward1.ffw_layer_1.input_min,model.audio_tower.layers.N.feed_forward1.ffw_layer_1.input_min,audio,11.0,BF16,(),1
model.audio_tower.layers.11.feed_forward1.ffw_layer_1.linear.weight,model.audio_tower.layers.N.feed_forward1.ffw_layer_1.linear.weight,audio,11.0,BF16,"(4096, 1024)",4194304
model.audio_tower.layers.11.feed_forward1.ffw_layer_1.output_max,model.audio_tower.layers.N.feed_forward1.ffw_layer_1.output_max,audio,11.0,BF16,(),1
model.audio_tower.layers.11.feed_forward1.ffw_layer_1.output_min,model.audio_tower.layers.N.feed_forward1.ffw_layer_1.output_min,audio,11.0,BF16,(),1
model.audio_tower.layers.11.feed_forward1.ffw_layer_2.input_max,model.audio_tower.layers.N.feed_forward1.ffw_layer_2.input_max,audio,11.0,BF16,(),1
model.audio_tower.layers.11.feed_forward1.ffw_layer_2.input_min,model.audio_tower.layers.N.feed_forward1.ffw_layer_2.input_min,audio,11.0,BF16,(),1
model.audio_tower.layers.11.feed_forward1.ffw_layer_2.linear.weight,model.audio_tower.layers.N.feed_forward1.ffw_layer_2.linear.weight,audio,11.0,BF16,"(1024, 4096)",4194304
model.audio_tower.layers.11.feed_forward1.ffw_layer_2.output_max,model.audio_tower.layers.N.feed_forward1.ffw_layer_2.output_max,audio,11.0,BF16,(),1
model.audio_tower.layers.11.feed_forward1.ffw_layer_2.output_min,model.audio_tower.layers.N.feed_forward1.ffw_layer_2.output_min,audio,11.0,BF16,(),1
model.audio_tower.layers.11.feed_forward1.post_layer_norm.weight,model.audio_tower.layers.N.feed_forward1.post_layer_norm.weight,audio,11.0,BF16,"(1024,)",1024
model.audio_tower.layers.11.feed_forward1.pre_layer_norm.weight,model.audio_tower.layers.N.feed_forward1.pre_layer_norm.weight,audio,11.0,BF16,"(1024,)",1024
model.audio_tower.layers.11.feed_forward2.ffw_layer_1.input_max,model.audio_tower.layers.N.feed_forward2.ffw_layer_1.input_max,audio,11.0,BF16,(),1
model.audio_tower.layers.11.feed_forward2.ffw_layer_1.input_min,model.audio_tower.layers.N.feed_forward2.ffw_layer_1.input_min,audio,11.0,BF16,(),1
model.audio_tower.layers.11.feed_forward2.ffw_layer_1.linear.weight,model.audio_tower.layers.N.feed_forward2.ffw_layer_1.linear.weight,audio,11.0,BF16,"(4096, 1024)",4194304
model.audio_tower.layers.11.feed_forward2.ffw_layer_1.output_max,model.audio_tower.layers.N.feed_forward2.ffw_layer_1.output_max,audio,11.0,BF16,(),1
model.audio_tower.layers.11.feed_forward2.ffw_layer_1.output_min,model.audio_tower.layers.N.feed_forward2.ffw_layer_1.output_min,audio,11.0,BF16,(),1
model.audio_tower.layers.11.feed_forward2.ffw_layer_2.input_max,model.audio_tower.layers.N.feed_forward2.ffw_layer_2.input_max,audio,11.0,BF16,(),1
model.audio_tower.layers.11.feed_forward2.ffw_layer_2.input_min,model.audio_tower.layers.N.feed_forward2.ffw_layer_2.input_min,audio,11.0,BF16,(),1
model.audio_tower.layers.11.feed_forward2.ffw_layer_2.linear.weight,model.audio_tower.layers.N.feed_forward2.ffw_layer_2.linear.weight,audio,11.0,BF16,"(1024, 4096)",4194304
model.audio_tower.layers.11.feed_forward2.ffw_layer_2.output_max,model.audio_tower.layers.N.feed_forward2.ffw_layer_2.output_max,audio,11.0,BF16,(),1
model.audio_tower.layers.11.feed_forward2.ffw_layer_2.output_min,model.audio_tower.layers.N.feed_forward2.ffw_layer_2.output_min,audio,11.0,BF16,(),1
model.audio_tower.layers.11.feed_forward2.post_layer_norm.weight,model.audio_tower.layers.N.feed_forward2.post_layer_norm.weight,audio,11.0,BF16,"(1024,)",1024
model.audio_tower.layers.11.feed_forward2.pre_layer_norm.weight,model.audio_tower.layers.N.feed_forward2.pre_layer_norm.weight,audio,11.0,BF16,"(1024,)",1024
model.audio_tower.layers.11.lconv1d.conv_norm.weight,model.audio_tower.layers.N.lconv1d.conv_norm.weight,audio,11.0,BF16,"(1024,)",1024
model.audio_tower.layers.11.lconv1d.depthwise_conv1d.weight,model.audio_tower.layers.N.lconv1d.depthwise_conv1d.weight,audio,11.0,BF16,"(1024, 1, 5)",5120
model.audio_tower.layers.11.lconv1d.linear_end.input_max,model.audio_tower.layers.N.lconv1d.linear_end.input_max,audio,11.0,BF16,(),1
model.audio_tower.layers.11.lconv1d.linear_end.input_min,model.audio_tower.layers.N.lconv1d.linear_end.input_min,audio,11.0,BF16,(),1
model.audio_tower.layers.11.lconv1d.linear_end.linear.weight,model.audio_tower.layers.N.lconv1d.linear_end.linear.weight,audio,11.0,BF16,"(1024, 1024)",1048576
model.audio_tower.layers.11.lconv1d.linear_end.output_max,model.audio_tower.layers.N.lconv1d.linear_end.output_max,audio,11.0,BF16,(),1
model.audio_tower.layers.11.lconv1d.linear_end.output_min,model.audio_tower.layers.N.lconv1d.linear_end.output_min,audio,11.0,BF16,(),1
model.audio_tower.layers.11.lconv1d.linear_start.input_max,model.audio_tower.layers.N.lconv1d.linear_start.input_max,audio,11.0,BF16,(),1
model.audio_tower.layers.11.lconv1d.linear_start.input_min,model.audio_tower.layers.N.lconv1d.linear_start.input_min,audio,11.0,BF16,(),1
model.audio_tower.layers.11.lconv1d.linear_start.linear.weight,model.audio_tower.layers.N.lconv1d.linear_start.linear.weight,audio,11.0,BF16,"(2048, 1024)",2097152
model.audio_tower.layers.11.lconv1d.linear_start.output_max,model.audio_tower.layers.N.lconv1d.linear_start.output_max,audio,11.0,BF16,(),1
model.audio_tower.layers.11.lconv1d.linear_start.output_min,model.audio_tower.layers.N.lconv1d.linear_start.output_min,audio,11.0,BF16,(),1
model.audio_tower.layers.11.lconv1d.pre_layer_norm.weight,model.audio_tower.layers.N.lconv1d.pre_layer_norm.weight,audio,11.0,BF16,"(1024,)",1024
model.audio_tower.layers.11.norm_out.weight,model.audio_tower.layers.N.norm_out.weight,audio,11.0,BF16,"(1024,)",1024
model.audio_tower.layers.11.norm_post_attn.weight,model.audio_tower.layers.N.norm_post_attn.weight,audio,11.0,BF16,"(1024,)",1024
model.audio_tower.layers.11.norm_pre_attn.weight,model.audio_tower.layers.N.norm_pre_attn.weight,audio,11.0,BF16,"(1024,)",1024
model.audio_tower.layers.11.self_attn.k_proj.input_max,model.audio_tower.layers.N.self_attn.k_proj.input_max,audio,11.0,BF16,(),1
model.audio_tower.layers.11.self_attn.k_proj.input_min,model.audio_tower.layers.N.self_attn.k_proj.input_min,audio,11.0,BF16,(),1
model.audio_tower.layers.11.self_attn.k_proj.linear.weight,model.audio_tower.layers.N.self_attn.k_proj.linear.weight,audio,11.0,BF16,"(1024, 1024)",1048576
model.audio_tower.layers.11.self_attn.k_proj.output_max,model.audio_tower.layers.N.self_attn.k_proj.output_max,audio,11.0,BF16,(),1
model.audio_tower.layers.11.self_attn.k_proj.output_min,model.audio_tower.layers.N.self_attn.k_proj.output_min,audio,11.0,BF16,(),1
model.audio_tower.layers.11.self_attn.per_dim_scale,model.audio_tower.layers.N.self_attn.per_dim_scale,audio,11.0,BF16,"(128,)",128
model.audio_tower.layers.11.self_attn.post.input_max,model.audio_tower.layers.N.self_attn.post.input_max,audio,11.0,BF16,(),1
model.audio_tower.layers.11.self_attn.post.input_min,model.audio_tower.layers.N.self_attn.post.input_min,audio,11.0,BF16,(),1
model.audio_tower.layers.11.self_attn.post.linear.weight,model.audio_tower.layers.N.self_attn.post.linear.weight,audio,11.0,BF16,"(1024, 1024)",1048576
model.audio_tower.layers.11.self_attn.post.output_max,model.audio_tower.layers.N.self_attn.post.output_max,audio,11.0,BF16,(),1
model.audio_tower.layers.11.self_attn.post.output_min,model.audio_tower.layers.N.self_attn.post.output_min,audio,11.0,BF16,(),1
model.audio_tower.layers.11.self_attn.q_proj.input_max,model.audio_tower.layers.N.self_attn.q_proj.input_max,audio,11.0,BF16,(),1
model.audio_tower.layers.11.self_attn.q_proj.input_min,model.audio_tower.layers.N.self_attn.q_proj.input_min,audio,11.0,BF16,(),1
model.audio_tower.layers.11.self_attn.q_proj.linear.weight,model.audio_tower.layers.N.self_attn.q_proj.linear.weight,audio,11.0,BF16,"(1024, 1024)",1048576
model.audio_tower.layers.11.self_attn.q_proj.output_max,model.audio_tower.layers.N.self_attn.q_proj.output_max,audio,11.0,BF16,(),1
model.audio_tower.layers.11.self_attn.q_proj.output_min,model.audio_tower.layers.N.self_attn.q_proj.output_min,audio,11.0,BF16,(),1
model.audio_tower.layers.11.self_attn.relative_k_proj.weight,model.audio_tower.layers.N.self_attn.relative_k_proj.weight,audio,11.0,BF16,"(1024, 1024)",1048576
model.audio_tower.layers.11.self_attn.v_proj.input_max,model.audio_tower.layers.N.self_attn.v_proj.input_max,audio,11.0,BF16,(),1
model.audio_tower.layers.11.self_attn.v_proj.input_min,model.audio_tower.layers.N.self_attn.v_proj.input_min,audio,11.0,BF16,(),1
model.audio_tower.layers.11.self_attn.v_proj.linear.weight,model.audio_tower.layers.N.self_attn.v_proj.linear.weight,audio,11.0,BF16,"(1024, 1024)",1048576
model.audio_tower.layers.11.self_attn.v_proj.output_max,model.audio_tower.layers.N.self_attn.v_proj.output_max,audio,11.0,BF16,(),1
model.audio_tower.layers.11.self_attn.v_proj.output_min,model.audio_tower.layers.N.self_attn.v_proj.output_min,audio,11.0,BF16,(),1
model.audio_tower.layers.2.feed_forward1.ffw_layer_1.input_max,model.audio_tower.layers.N.feed_forward1.ffw_layer_1.input_max,audio,2.0,BF16,(),1
model.audio_tower.layers.2.feed_forward1.ffw_layer_1.input_min,model.audio_tower.layers.N.feed_forward1.ffw_layer_1.input_min,audio,2.0,BF16,(),1
model.audio_tower.layers.2.feed_forward1.ffw_layer_1.linear.weight,model.audio_tower.layers.N.feed_forward1.ffw_layer_1.linear.weight,audio,2.0,BF16,"(4096, 1024)",4194304
model.audio_tower.layers.2.feed_forward1.ffw_layer_1.output_max,model.audio_tower.layers.N.feed_forward1.ffw_layer_1.output_max,audio,2.0,BF16,(),1
model.audio_tower.layers.2.feed_forward1.ffw_layer_1.output_min,model.audio_tower.layers.N.feed_forward1.ffw_layer_1.output_min,audio,2.0,BF16,(),1
model.audio_tower.layers.2.feed_forward1.ffw_layer_2.input_max,model.audio_tower.layers.N.feed_forward1.ffw_layer_2.input_max,audio,2.0,BF16,(),1
model.audio_tower.layers.2.feed_forward1.ffw_layer_2.input_min,model.audio_tower.layers.N.feed_forward1.ffw_layer_2.input_min,audio,2.0,BF16,(),1
model.audio_tower.layers.2.feed_forward1.ffw_layer_2.linear.weight,model.audio_tower.layers.N.feed_forward1.ffw_layer_2.linear.weight,audio,2.0,BF16,"(1024, 4096)",4194304
model.audio_tower.layers.2.feed_forward1.ffw_layer_2.output_max,model.audio_tower.layers.N.feed_forward1.ffw_layer_2.output_max,audio,2.0,BF16,(),1
model.audio_tower.layers.2.feed_forward1.ffw_layer_2.output_min,model.audio_tower.layers.N.feed_forward1.ffw_layer_2.output_min,audio,2.0,BF16,(),1
model.audio_tower.layers.2.feed_forward1.post_layer_norm.weight,model.audio_tower.layers.N.feed_forward1.post_layer_norm.weight,audio,2.0,BF16,"(1024,)",1024
model.audio_tower.layers.2.feed_forward1.pre_layer_norm.weight,model.audio_tower.layers.N.feed_forward1.pre_layer_norm.weight,audio,2.0,BF16,"(1024,)",1024
model.audio_tower.layers.2.feed_forward2.ffw_layer_1.input_max,model.audio_tower.layers.N.feed_forward2.ffw_layer_1.input_max,audio,2.0,BF16,(),1
model.audio_tower.layers.2.feed_forward2.ffw_layer_1.input_min,model.audio_tower.layers.N.feed_forward2.ffw_layer_1.input_min,audio,2.0,BF16,(),1
model.audio_tower.layers.2.feed_forward2.ffw_layer_1.linear.weight,model.audio_tower.layers.N.feed_forward2.ffw_layer_1.linear.weight,audio,2.0,BF16,"(4096, 1024)",4194304
model.audio_tower.layers.2.feed_forward2.ffw_layer_1.output_max,model.audio_tower.layers.N.feed_forward2.ffw_layer_1.output_max,audio,2.0,BF16,(),1
model.audio_tower.layers.2.feed_forward2.ffw_layer_1.output_min,model.audio_tower.layers.N.feed_forward2.ffw_layer_1.output_min,audio,2.0,BF16,(),1
model.audio_tower.layers.2.feed_forward2.ffw_layer_2.input_max,model.audio_tower.layers.N.feed_forward2.ffw_layer_2.input_max,audio,2.0,BF16,(),1
model.audio_tower.layers.2.feed_forward2.ffw_layer_2.input_min,model.audio_tower.layers.N.feed_forward2.ffw_layer_2.input_min,audio,2.0,BF16,(),1
model.audio_tower.layers.2.feed_forward2.ffw_layer_2.linear.weight,model.audio_tower.layers.N.feed_forward2.ffw_layer_2.linear.weight,audio,2.0,BF16,"(1024, 4096)",4194304
model.audio_tower.layers.2.feed_forward2.ffw_layer_2.output_max,model.audio_tower.layers.N.feed_forward2.ffw_layer_2.output_max,audio,2.0,BF16,(),1
model.audio_tower.layers.2.feed_forward2.ffw_layer_2.output_min,model.audio_tower.layers.N.feed_forward2.ffw_layer_2.output_min,audio,2.0,BF16,(),1
model.audio_tower.layers.2.feed_forward2.post_layer_norm.weight,model.audio_tower.layers.N.feed_forward2.post_layer_norm.weight,audio,2.0,BF16,"(1024,)",1024
model.audio_tower.layers.2.feed_forward2.pre_layer_norm.weight,model.audio_tower.layers.N.feed_forward2.pre_layer_norm.weight,audio,2.0,BF16,"(1024,)",1024
model.audio_tower.layers.2.lconv1d.conv_norm.weight,model.audio_tower.layers.N.lconv1d.conv_norm.weight,audio,2.0,BF16,"(1024,)",1024
model.audio_tower.layers.2.lconv1d.depthwise_conv1d.weight,model.audio_tower.layers.N.lconv1d.depthwise_conv1d.weight,audio,2.0,BF16,"(1024, 1, 5)",5120
model.audio_tower.layers.2.lconv1d.linear_end.input_max,model.audio_tower.layers.N.lconv1d.linear_end.input_max,audio,2.0,BF16,(),1
model.audio_tower.layers.2.lconv1d.linear_end.input_min,model.audio_tower.layers.N.lconv1d.linear_end.input_min,audio,2.0,BF16,(),1
model.audio_tower.layers.2.lconv1d.linear_end.linear.weight,model.audio_tower.layers.N.lconv1d.linear_end.linear.weight,audio,2.0,BF16,"(1024, 1024)",1048576
model.audio_tower.layers.2.lconv1d.linear_end.output_max,model.audio_tower.layers.N.lconv1d.linear_end.output_max,audio,2.0,BF16,(),1
model.audio_tower.layers.2.lconv1d.linear_end.output_min,model.audio_tower.layers.N.lconv1d.linear_end.output_min,audio,2.0,BF16,(),1
model.audio_tower.layers.2.lconv1d.linear_start.input_max,model.audio_tower.layers.N.lconv1d.linear_start.input_max,audio,2.0,BF16,(),1
model.audio_tower.layers.2.lconv1d.linear_start.input_min,model.audio_tower.layers.N.lconv1d.linear_start.input_min,audio,2.0,BF16,(),1
model.audio_tower.layers.2.lconv1d.linear_start.linear.weight,model.audio_tower.layers.N.lconv1d.linear_start.linear.weight,audio,2.0,BF16,"(2048, 1024)",2097152
model.audio_tower.layers.2.lconv1d.linear_start.output_max,model.audio_tower.layers.N.lconv1d.linear_start.output_max,audio,2.0,BF16,(),1
model.audio_tower.layers.2.lconv1d.linear_start.output_min,model.audio_tower.layers.N.lconv1d.linear_start.output_min,audio,2.0,BF16,(),1
model.audio_tower.layers.2.lconv1d.pre_layer_norm.weight,model.audio_tower.layers.N.lconv1d.pre_layer_norm.weight,audio,2.0,BF16,"(1024,)",1024
model.audio_tower.layers.2.norm_out.weight,model.audio_tower.layers.N.norm_out.weight,audio,2.0,BF16,"(1024,)",1024
model.audio_tower.layers.2.norm_post_attn.weight,model.audio_tower.layers.N.norm_post_attn.weight,audio,2.0,BF16,"(1024,)",1024
model.audio_tower.layers.2.norm_pre_attn.weight,model.audio_tower.layers.N.norm_pre_attn.weight,audio,2.0,BF16,"(1024,)",1024
model.audio_tower.layers.2.self_attn.k_proj.input_max,model.audio_tower.layers.N.self_attn.k_proj.input_max,audio,2.0,BF16,(),1
model.audio_tower.layers.2.self_attn.k_proj.input_min,model.audio_tower.layers.N.self_attn.k_proj.input_min,audio,2.0,BF16,(),1
model.audio_tower.layers.2.self_attn.k_proj.linear.weight,model.audio_tower.layers.N.self_attn.k_proj.linear.weight,audio,2.0,BF16,"(1024, 1024)",1048576
model.audio_tower.layers.2.self_attn.k_proj.output_max,model.audio_tower.layers.N.self_attn.k_proj.output_max,audio,2.0,BF16,(),1
model.audio_tower.layers.2.self_attn.k_proj.output_min,model.audio_tower.layers.N.self_attn.k_proj.output_min,audio,2.0,BF16,(),1
model.audio_tower.layers.2.self_attn.per_dim_scale,model.audio_tower.layers.N.self_attn.per_dim_scale,audio,2.0,BF16,"(128,)",128
model.audio_tower.layers.2.self_attn.post.input_max,model.audio_tower.layers.N.self_attn.post.input_max,audio,2.0,BF16,(),1
model.audio_tower.layers.2.self_attn.post.input_min,model.audio_tower.layers.N.self_attn.post.input_min,audio,2.0,BF16,(),1
model.audio_tower.layers.2.self_attn.post.linear.weight,model.audio_tower.layers.N.self_attn.post.linear.weight,audio,2.0,BF16,"(1024, 1024)",1048576
model.audio_tower.layers.2.self_attn.post.output_max,model.audio_tower.layers.N.self_attn.post.output_max,audio,2.0,BF16,(),1
model.audio_tower.layers.2.self_attn.post.output_min,model.audio_tower.layers.N.self_attn.post.output_min,audio,2.0,BF16,(),1
model.audio_tower.layers.2.self_attn.q_proj.input_max,model.audio_tower.layers.N.self_attn.q_proj.input_max,audio,2.0,BF16,(),1
model.audio_tower.layers.2.self_attn.q_proj.input_min,model.audio_tower.layers.N.self_attn.q_proj.input_min,audio,2.0,BF16,(),1
model.audio_tower.layers.2.self_attn.q_proj.linear.weight,model.audio_tower.layers.N.self_attn.q_proj.linear.weight,audio,2.0,BF16,"(1024, 1024)",1048576
model.audio_tower.layers.2.self_attn.q_proj.output_max,model.audio_tower.layers.N.self_attn.q_proj.output_max,audio,2.0,BF16,(),1
model.audio_tower.layers.2.self_attn.q_proj.output_min,model.audio_tower.layers.N.self_attn.q_proj.output_min,audio,2.0,BF16,(),1
model.audio_tower.layers.2.self_attn.relative_k_proj.weight,model.audio_tower.layers.N.self_attn.relative_k_proj.weight,audio,2.0,BF16,"(1024, 1024)",1048576
model.audio_tower.layers.2.self_attn.v_proj.input_max,model.audio_tower.layers.N.self_attn.v_proj.input_max,audio,2.0,BF16,(),1
model.audio_tower.layers.2.self_attn.v_proj.input_min,model.audio_tower.layers.N.self_attn.v_proj.input_min,audio,2.0,BF16,(),1
model.audio_tower.layers.2.self_attn.v_proj.linear.weight,model.audio_tower.layers.N.self_attn.v_proj.linear.weight,audio,2.0,BF16,"(1024, 1024)",1048576
model.audio_tower.layers.2.self_attn.v_proj.output_max,model.audio_tower.layers.N.self_attn.v_proj.output_max,audio,2.0,BF16,(),1
model.audio_tower.layers.2.self_attn.v_proj.output_min,model.audio_tower.layers.N.self_attn.v_proj.output_min,audio,2.0,BF16,(),1
model.audio_tower.layers.3.feed_forward1.ffw_layer_1.input_max,model.audio_tower.layers.N.feed_forward1.ffw_layer_1.input_max,audio,3.0,BF16,(),1
model.audio_tower.layers.3.feed_forward1.ffw_layer_1.input_min,model.audio_tower.layers.N.feed_forward1.ffw_layer_1.input_min,audio,3.0,BF16,(),1
model.audio_tower.layers.3.feed_forward1.ffw_layer_1.linear.weight,model.audio_tower.layers.N.feed_forward1.ffw_layer_1.linear.weight,audio,3.0,BF16,"(4096, 1024)",4194304
model.audio_tower.layers.3.feed_forward1.ffw_layer_1.output_max,model.audio_tower.layers.N.feed_forward1.ffw_layer_1.output_max,audio,3.0,BF16,(),1
model.audio_tower.layers.3.feed_forward1.ffw_layer_1.output_min,model.audio_tower.layers.N.feed_forward1.ffw_layer_1.output_min,audio,3.0,BF16,(),1
model.audio_tower.layers.3.feed_forward1.ffw_layer_2.input_max,model.audio_tower.layers.N.feed_forward1.ffw_layer_2.input_max,audio,3.0,BF16,(),1
model.audio_tower.layers.3.feed_forward1.ffw_layer_2.input_min,model.audio_tower.layers.N.feed_forward1.ffw_layer_2.input_min,audio,3.0,BF16,(),1
model.audio_tower.layers.3.feed_forward1.ffw_layer_2.linear.weight,model.audio_tower.layers.N.feed_forward1.ffw_layer_2.linear.weight,audio,3.0,BF16,"(1024, 4096)",4194304
model.audio_tower.layers.3.feed_forward1.ffw_layer_2.output_max,model.audio_tower.layers.N.feed_forward1.ffw_layer_2.output_max,audio,3.0,BF16,(),1
model.audio_tower.layers.3.feed_forward1.ffw_layer_2.output_min,model.audio_tower.layers.N.feed_forward1.ffw_layer_2.output_min,audio,3.0,BF16,(),1
model.audio_tower.layers.3.feed_forward1.post_layer_norm.weight,model.audio_tower.layers.N.feed_forward1.post_layer_norm.weight,audio,3.0,BF16,"(1024,)",1024
model.audio_tower.layers.3.feed_forward1.pre_layer_norm.weight,model.audio_tower.layers.N.feed_forward1.pre_layer_norm.weight,audio,3.0,BF16,"(1024,)",1024
model.audio_tower.layers.3.feed_forward2.ffw_layer_1.input_max,model.audio_tower.layers.N.feed_forward2.ffw_layer_1.input_max,audio,3.0,BF16,(),1
model.audio_tower.layers.3.feed_forward2.ffw_layer_1.input_min,model.audio_tower.layers.N.feed_forward2.ffw_layer_1.input_min,audio,3.0,BF16,(),1
model.audio_tower.layers.3.feed_forward2.ffw_layer_1.linear.weight,model.audio_tower.layers.N.feed_forward2.ffw_layer_1.linear.weight,audio,3.0,BF16,"(4096, 1024)",4194304
model.audio_tower.layers.3.feed_forward2.ffw_layer_1.output_max,model.audio_tower.layers.N.feed_forward2.ffw_layer_1.output_max,audio,3.0,BF16,(),1
model.audio_tower.layers.3.feed_forward2.ffw_layer_1.output_min,model.audio_tower.layers.N.feed_forward2.ffw_layer_1.output_min,audio,3.0,BF16,(),1
model.audio_tower.layers.3.feed_forward2.ffw_layer_2.input_max,model.audio_tower.layers.N.feed_forward2.ffw_layer_2.input_max,audio,3.0,BF16,(),1
model.audio_tower.layers.3.feed_forward2.ffw_layer_2.input_min,model.audio_tower.layers.N.feed_forward2.ffw_layer_2.input_min,audio,3.0,BF16,(),1
model.audio_tower.layers.3.feed_forward2.ffw_layer_2.linear.weight,model.audio_tower.layers.N.feed_forward2.ffw_layer_2.linear.weight,audio,3.0,BF16,"(1024, 4096)",4194304
model.audio_tower.layers.3.feed_forward2.ffw_layer_2.output_max,model.audio_tower.layers.N.feed_forward2.ffw_layer_2.output_max,audio,3.0,BF16,(),1
model.audio_tower.layers.3.feed_forward2.ffw_layer_2.output_min,model.audio_tower.layers.N.feed_forward2.ffw_layer_2.output_min,audio,3.0,BF16,(),1
model.audio_tower.layers.3.feed_forward2.post_layer_norm.weight,model.audio_tower.layers.N.feed_forward2.post_layer_norm.weight,audio,3.0,BF16,"(1024,)",1024
model.audio_tower.layers.3.feed_forward2.pre_layer_norm.weight,model.audio_tower.layers.N.feed_forward2.pre_layer_norm.weight,audio,3.0,BF16,"(1024,)",1024
model.audio_tower.layers.3.lconv1d.conv_norm.weight,model.audio_tower.layers.N.lconv1d.conv_norm.weight,audio,3.0,BF16,"(1024,)",1024
model.audio_tower.layers.3.lconv1d.depthwise_conv1d.weight,model.audio_tower.layers.N.lconv1d.depthwise_conv1d.weight,audio,3.0,BF16,"(1024, 1, 5)",5120
model.audio_tower.layers.3.lconv1d.linear_end.input_max,model.audio_tower.layers.N.lconv1d.linear_end.input_max,audio,3.0,BF16,(),1
model.audio_tower.layers.3.lconv1d.linear_end.input_min,model.audio_tower.layers.N.lconv1d.linear_end.input_min,audio,3.0,BF16,(),1
model.audio_tower.layers.3.lconv1d.linear_end.linear.weight,model.audio_tower.layers.N.lconv1d.linear_end.linear.weight,audio,3.0,BF16,"(1024, 1024)",1048576
model.audio_tower.layers.3.lconv1d.linear_end.output_max,model.audio_tower.layers.N.lconv1d.linear_end.output_max,audio,3.0,BF16,(),1
model.audio_tower.layers.3.lconv1d.linear_end.output_min,model.audio_tower.layers.N.lconv1d.linear_end.output_min,audio,3.0,BF16,(),1
model.audio_tower.layers.3.lconv1d.linear_start.input_max,model.audio_tower.layers.N.lconv1d.linear_start.input_max,audio,3.0,BF16,(),1
model.audio_tower.layers.3.lconv1d.linear_start.input_min,model.audio_tower.layers.N.lconv1d.linear_start.input_min,audio,3.0,BF16,(),1
model.audio_tower.layers.3.lconv1d.linear_start.linear.weight,model.audio_tower.layers.N.lconv1d.linear_start.linear.weight,audio,3.0,BF16,"(2048, 1024)",2097152
model.audio_tower.layers.3.lconv1d.linear_start.output_max,model.audio_tower.layers.N.lconv1d.linear_start.output_max,audio,3.0,BF16,(),1
model.audio_tower.layers.3.lconv1d.linear_start.output_min,model.audio_tower.layers.N.lconv1d.linear_start.output_min,audio,3.0,BF16,(),1
model.audio_tower.layers.3.lconv1d.pre_layer_norm.weight,model.audio_tower.layers.N.lconv1d.pre_layer_norm.weight,audio,3.0,BF16,"(1024,)",1024
model.audio_tower.layers.3.norm_out.weight,model.audio_tower.layers.N.norm_out.weight,audio,3.0,BF16,"(1024,)",1024
model.audio_tower.layers.3.norm_post_attn.weight,model.audio_tower.layers.N.norm_post_attn.weight,audio,3.0,BF16,"(1024,)",1024
model.audio_tower.layers.3.norm_pre_attn.weight,model.audio_tower.layers.N.norm_pre_attn.weight,audio,3.0,BF16,"(1024,)",1024
model.audio_tower.layers.3.self_attn.k_proj.input_max,model.audio_tower.layers.N.self_attn.k_proj.input_max,audio,3.0,BF16,(),1
model.audio_tower.layers.3.self_attn.k_proj.input_min,model.audio_tower.layers.N.self_attn.k_proj.input_min,audio,3.0,BF16,(),1
model.audio_tower.layers.3.self_attn.k_proj.linear.weight,model.audio_tower.layers.N.self_attn.k_proj.linear.weight,audio,3.0,BF16,"(1024, 1024)",1048576
model.audio_tower.layers.3.self_attn.k_proj.output_max,model.audio_tower.layers.N.self_attn.k_proj.output_max,audio,3.0,BF16,(),1
model.audio_tower.layers.3.self_attn.k_proj.output_min,model.audio_tower.layers.N.self_attn.k_proj.output_min,audio,3.0,BF16,(),1
model.audio_tower.layers.3.self_attn.per_dim_scale,model.audio_tower.layers.N.self_attn.per_dim_scale,audio,3.0,BF16,"(128,)",128
model.audio_tower.layers.3.self_attn.post.input_max,model.audio_tower.layers.N.self_attn.post.input_max,audio,3.0,BF16,(),1
model.audio_tower.layers.3.self_attn.post.input_min,model.audio_tower.layers.N.self_attn.post.input_min,audio,3.0,BF16,(),1
model.audio_tower.layers.3.self_attn.post.linear.weight,model.audio_tower.layers.N.self_attn.post.linear.weight,audio,3.0,BF16,"(1024, 1024)",1048576
model.audio_tower.layers.3.self_attn.post.output_max,model.audio_tower.layers.N.self_attn.post.output_max,audio,3.0,BF16,(),1
model.audio_tower.layers.3.self_attn.post.output_min,model.audio_tower.layers.N.self_attn.post.output_min,audio,3.0,BF16,(),1
model.audio_tower.layers.3.self_attn.q_proj.input_max,model.audio_tower.layers.N.self_attn.q_proj.input_max,audio,3.0,BF16,(),1
model.audio_tower.layers.3.self_attn.q_proj.input_min,model.audio_tower.layers.N.self_attn.q_proj.input_min,audio,3.0,BF16,(),1
model.audio_tower.layers.3.self_attn.q_proj.linear.weight,model.audio_tower.layers.N.self_attn.q_proj.linear.weight,audio,3.0,BF16,"(1024, 1024)",1048576
model.audio_tower.layers.3.self_attn.q_proj.output_max,model.audio_tower.layers.N.self_attn.q_proj.output_max,audio,3.0,BF16,(),1
model.audio_tower.layers.3.self_attn.q_proj.output_min,model.audio_tower.layers.N.self_attn.q_proj.output_min,audio,3.0,BF16,(),1
model.audio_tower.layers.3.self_attn.relative_k_proj.weight,model.audio_tower.layers.N.self_attn.relative_k_proj.weight,audio,3.0,BF16,"(1024, 1024)",1048576
model.audio_tower.layers.3.self_attn.v_proj.input_max,model.audio_tower.layers.N.self_attn.v_proj.input_max,audio,3.0,BF16,(),1
model.audio_tower.layers.3.self_attn.v_proj.input_min,model.audio_tower.layers.N.self_attn.v_proj.input_min,audio,3.0,BF16,(),1
model.audio_tower.layers.3.self_attn.v_proj.linear.weight,model.audio_tower.layers.N.self_attn.v_proj.linear.weight,audio,3.0,BF16,"(1024, 1024)",1048576
model.audio_tower.layers.3.self_attn.v_proj.output_max,model.audio_tower.layers.N.self_attn.v_proj.output_max,audio,3.0,BF16,(),1
model.audio_tower.layers.3.self_attn.v_proj.output_min,model.audio_tower.layers.N.self_attn.v_proj.output_min,audio,3.0,BF16,(),1
model.audio_tower.layers.4.feed_forward1.ffw_layer_1.input_max,model.audio_tower.layers.N.feed_forward1.ffw_layer_1.input_max,audio,4.0,BF16,(),1
model.audio_tower.layers.4.feed_forward1.ffw_layer_1.input_min,model.audio_tower.layers.N.feed_forward1.ffw_layer_1.input_min,audio,4.0,BF16,(),1
model.audio_tower.layers.4.feed_forward1.ffw_layer_1.linear.weight,model.audio_tower.layers.N.feed_forward1.ffw_layer_1.linear.weight,audio,4.0,BF16,"(4096, 1024)",4194304
model.audio_tower.layers.4.feed_forward1.ffw_layer_1.output_max,model.audio_tower.layers.N.feed_forward1.ffw_layer_1.output_max,audio,4.0,BF16,(),1
model.audio_tower.layers.4.feed_forward1.ffw_layer_1.output_min,model.audio_tower.layers.N.feed_forward1.ffw_layer_1.output_min,audio,4.0,BF16,(),1
model.audio_tower.layers.4.feed_forward1.ffw_layer_2.input_max,model.audio_tower.layers.N.feed_forward1.ffw_layer_2.input_max,audio,4.0,BF16,(),1
model.audio_tower.layers.4.feed_forward1.ffw_layer_2.input_min,model.audio_tower.layers.N.feed_forward1.ffw_layer_2.input_min,audio,4.0,BF16,(),1
model.audio_tower.layers.4.feed_forward1.ffw_layer_2.linear.weight,model.audio_tower.layers.N.feed_forward1.ffw_layer_2.linear.weight,audio,4.0,BF16,"(1024, 4096)",4194304
model.audio_tower.layers.4.feed_forward1.ffw_layer_2.output_max,model.audio_tower.layers.N.feed_forward1.ffw_layer_2.output_max,audio,4.0,BF16,(),1
model.audio_tower.layers.4.feed_forward1.ffw_layer_2.output_min,model.audio_tower.layers.N.feed_forward1.ffw_layer_2.output_min,audio,4.0,BF16,(),1
model.audio_tower.layers.4.feed_forward1.post_layer_norm.weight,model.audio_tower.layers.N.feed_forward1.post_layer_norm.weight,audio,4.0,BF16,"(1024,)",1024
model.audio_tower.layers.4.feed_forward1.pre_layer_norm.weight,model.audio_tower.layers.N.feed_forward1.pre_layer_norm.weight,audio,4.0,BF16,"(1024,)",1024
model.audio_tower.layers.4.feed_forward2.ffw_layer_1.input_max,model.audio_tower.layers.N.feed_forward2.ffw_layer_1.input_max,audio,4.0,BF16,(),1
model.audio_tower.layers.4.feed_forward2.ffw_layer_1.input_min,model.audio_tower.layers.N.feed_forward2.ffw_layer_1.input_min,audio,4.0,BF16,(),1
model.audio_tower.layers.4.feed_forward2.ffw_layer_1.linear.weight,model.audio_tower.layers.N.feed_forward2.ffw_layer_1.linear.weight,audio,4.0,BF16,"(4096, 1024)",4194304
model.audio_tower.layers.4.feed_forward2.ffw_layer_1.output_max,model.audio_tower.layers.N.feed_forward2.ffw_layer_1.output_max,audio,4.0,BF16,(),1
model.audio_tower.layers.4.feed_forward2.ffw_layer_1.output_min,model.audio_tower.layers.N.feed_forward2.ffw_layer_1.output_min,audio,4.0,BF16,(),1
model.audio_tower.layers.4.feed_forward2.ffw_layer_2.input_max,model.audio_tower.layers.N.feed_forward2.ffw_layer_2.input_max,audio,4.0,BF16,(),1
model.audio_tower.layers.4.feed_forward2.ffw_layer_2.input_min,model.audio_tower.layers.N.feed_forward2.ffw_layer_2.input_min,audio,4.0,BF16,(),1
model.audio_tower.layers.4.feed_forward2.ffw_layer_2.linear.weight,model.audio_tower.layers.N.feed_forward2.ffw_layer_2.linear.weight,audio,4.0,BF16,"(1024, 4096)",4194304
model.audio_tower.layers.4.feed_forward2.ffw_layer_2.output_max,model.audio_tower.layers.N.feed_forward2.ffw_layer_2.output_max,audio,4.0,BF16,(),1
model.audio_tower.layers.4.feed_forward2.ffw_layer_2.output_min,model.audio_tower.layers.N.feed_forward2.ffw_layer_2.output_min,audio,4.0,BF16,(),1
model.audio_tower.layers.4.feed_forward2.post_layer_norm.weight,model.audio_tower.layers.N.feed_forward2.post_layer_norm.weight,audio,4.0,BF16,"(1024,)",1024
model.audio_tower.layers.4.feed_forward2.pre_layer_norm.weight,model.audio_tower.layers.N.feed_forward2.pre_layer_norm.weight,audio,4.0,BF16,"(1024,)",1024
model.audio_tower.layers.4.lconv1d.conv_norm.weight,model.audio_tower.layers.N.lconv1d.conv_norm.weight,audio,4.0,BF16,"(1024,)",1024
model.audio_tower.layers.4.lconv1d.depthwise_conv1d.weight,model.audio_tower.layers.N.lconv1d.depthwise_conv1d.weight,audio,4.0,BF16,"(1024, 1, 5)",5120
model.audio_tower.layers.4.lconv1d.linear_end.input_max,model.audio_tower.layers.N.lconv1d.linear_end.input_max,audio,4.0,BF16,(),1
model.audio_tower.layers.4.lconv1d.linear_end.input_min,model.audio_tower.layers.N.lconv1d.linear_end.input_min,audio,4.0,BF16,(),1
model.audio_tower.layers.4.lconv1d.linear_end.linear.weight,model.audio_tower.layers.N.lconv1d.linear_end.linear.weight,audio,4.0,BF16,"(1024, 1024)",1048576
model.audio_tower.layers.4.lconv1d.linear_end.output_max,model.audio_tower.layers.N.lconv1d.linear_end.output_max,audio,4.0,BF16,(),1
model.audio_tower.layers.4.lconv1d.linear_end.output_min,model.audio_tower.layers.N.lconv1d.linear_end.output_min,audio,4.0,BF16,(),1
model.audio_tower.layers.4.lconv1d.linear_start.input_max,model.audio_tower.layers.N.lconv1d.linear_start.input_max,audio,4.0,BF16,(),1
model.audio_tower.layers.4.lconv1d.linear_start.input_min,model.audio_tower.layers.N.lconv1d.linear_start.input_min,audio,4.0,BF16,(),1
model.audio_tower.layers.4.lconv1d.linear_start.linear.weight,model.audio_tower.layers.N.lconv1d.linear_start.linear.weight,audio,4.0,BF16,"(2048, 1024)",2097152
model.audio_tower.layers.4.lconv1d.linear_start.output_max,model.audio_tower.layers.N.lconv1d.linear_start.output_max,audio,4.0,BF16,(),1
model.audio_tower.layers.4.lconv1d.linear_start.output_min,model.audio_tower.layers.N.lconv1d.linear_start.output_min,audio,4.0,BF16,(),1
model.audio_tower.layers.4.lconv1d.pre_layer_norm.weight,model.audio_tower.layers.N.lconv1d.pre_layer_norm.weight,audio,4.0,BF16,"(1024,)",1024
model.audio_tower.layers.4.norm_out.weight,model.audio_tower.layers.N.norm_out.weight,audio,4.0,BF16,"(1024,)",1024
model.audio_tower.layers.4.norm_post_attn.weight,model.audio_tower.layers.N.norm_post_attn.weight,audio,4.0,BF16,"(1024,)",1024
model.audio_tower.layers.4.norm_pre_attn.weight,model.audio_tower.layers.N.norm_pre_attn.weight,audio,4.0,BF16,"(1024,)",1024
model.audio_tower.layers.4.self_attn.k_proj.input_max,model.audio_tower.layers.N.self_attn.k_proj.input_max,audio,4.0,BF16,(),1
model.audio_tower.layers.4.self_attn.k_proj.input_min,model.audio_tower.layers.N.self_attn.k_proj.input_min,audio,4.0,BF16,(),1
model.audio_tower.layers.4.self_attn.k_proj.linear.weight,model.audio_tower.layers.N.self_attn.k_proj.linear.weight,audio,4.0,BF16,"(1024, 1024)",1048576
model.audio_tower.layers.4.self_attn.k_proj.output_max,model.audio_tower.layers.N.self_attn.k_proj.output_max,audio,4.0,BF16,(),1
model.audio_tower.layers.4.self_attn.k_proj.output_min,model.audio_tower.layers.N.self_attn.k_proj.output_min,audio,4.0,BF16,(),1
model.audio_tower.layers.4.self_attn.per_dim_scale,model.audio_tower.layers.N.self_attn.per_dim_scale,audio,4.0,BF16,"(128,)",128
model.audio_tower.layers.4.self_attn.post.input_max,model.audio_tower.layers.N.self_attn.post.input_max,audio,4.0,BF16,(),1
model.audio_tower.layers.4.self_attn.post.input_min,model.audio_tower.layers.N.self_attn.post.input_min,audio,4.0,BF16,(),1
model.audio_tower.layers.4.self_attn.post.linear.weight,model.audio_tower.layers.N.self_attn.post.linear.weight,audio,4.0,BF16,"(1024, 1024)",1048576
model.audio_tower.layers.4.self_attn.post.output_max,model.audio_tower.layers.N.self_attn.post.output_max,audio,4.0,BF16,(),1
model.audio_tower.layers.4.self_attn.post.output_min,model.audio_tower.layers.N.self_attn.post.output_min,audio,4.0,BF16,(),1
model.audio_tower.layers.4.self_attn.q_proj.input_max,model.audio_tower.layers.N.self_attn.q_proj.input_max,audio,4.0,BF16,(),1
model.audio_tower.layers.4.self_attn.q_proj.input_min,model.audio_tower.layers.N.self_attn.q_proj.input_min,audio,4.0,BF16,(),1
model.audio_tower.layers.4.self_attn.q_proj.linear.weight,model.audio_tower.layers.N.self_attn.q_proj.linear.weight,audio,4.0,BF16,"(1024, 1024)",1048576
model.audio_tower.layers.4.self_attn.q_proj.output_max,model.audio_tower.layers.N.self_attn.q_proj.output_max,audio,4.0,BF16,(),1
model.audio_tower.layers.4.self_attn.q_proj.output_min,model.audio_tower.layers.N.self_attn.q_proj.output_min,audio,4.0,BF16,(),1
model.audio_tower.layers.4.self_attn.relative_k_proj.weight,model.audio_tower.layers.N.self_attn.relative_k_proj.weight,audio,4.0,BF16,"(1024, 1024)",1048576
model.audio_tower.layers.4.self_attn.v_proj.input_max,model.audio_tower.layers.N.self_attn.v_proj.input_max,audio,4.0,BF16,(),1
model.audio_tower.layers.4.self_attn.v_proj.input_min,model.audio_tower.layers.N.self_attn.v_proj.input_min,audio,4.0,BF16,(),1
model.audio_tower.layers.4.self_attn.v_proj.linear.weight,model.audio_tower.layers.N.self_attn.v_proj.linear.weight,audio,4.0,BF16,"(1024, 1024)",1048576
model.audio_tower.layers.4.self_attn.v_proj.output_max,model.audio_tower.layers.N.self_attn.v_proj.output_max,audio,4.0,BF16,(),1
model.audio_tower.layers.4.self_attn.v_proj.output_min,model.audio_tower.layers.N.self_attn.v_proj.output_min,audio,4.0,BF16,(),1
model.audio_tower.layers.5.feed_forward1.ffw_layer_1.input_max,model.audio_tower.layers.N.feed_forward1.ffw_layer_1.input_max,audio,5.0,BF16,(),1
model.audio_tower.layers.5.feed_forward1.ffw_layer_1.input_min,model.audio_tower.layers.N.feed_forward1.ffw_layer_1.input_min,audio,5.0,BF16,(),1
model.audio_tower.layers.5.feed_forward1.ffw_layer_1.linear.weight,model.audio_tower.layers.N.feed_forward1.ffw_layer_1.linear.weight,audio,5.0,BF16,"(4096, 1024)",4194304
model.audio_tower.layers.5.feed_forward1.ffw_layer_1.output_max,model.audio_tower.layers.N.feed_forward1.ffw_layer_1.output_max,audio,5.0,BF16,(),1
model.audio_tower.layers.5.feed_forward1.ffw_layer_1.output_min,model.audio_tower.layers.N.feed_forward1.ffw_layer_1.output_min,audio,5.0,BF16,(),1
model.audio_tower.layers.5.feed_forward1.ffw_layer_2.input_max,model.audio_tower.layers.N.feed_forward1.ffw_layer_2.input_max,audio,5.0,BF16,(),1
model.audio_tower.layers.5.feed_forward1.ffw_layer_2.input_min,model.audio_tower.layers.N.feed_forward1.ffw_layer_2.input_min,audio,5.0,BF16,(),1
model.audio_tower.layers.5.feed_forward1.ffw_layer_2.linear.weight,model.audio_tower.layers.N.feed_forward1.ffw_layer_2.linear.weight,audio,5.0,BF16,"(1024, 4096)",4194304
model.audio_tower.layers.5.feed_forward1.ffw_layer_2.output_max,model.audio_tower.layers.N.feed_forward1.ffw_layer_2.output_max,audio,5.0,BF16,(),1
model.audio_tower.layers.5.feed_forward1.ffw_layer_2.output_min,model.audio_tower.layers.N.feed_forward1.ffw_layer_2.output_min,audio,5.0,BF16,(),1
model.audio_tower.layers.5.feed_forward1.post_layer_norm.weight,model.audio_tower.layers.N.feed_forward1.post_layer_norm.weight,audio,5.0,BF16,"(1024,)",1024
model.audio_tower.layers.5.feed_forward1.pre_layer_norm.weight,model.audio_tower.layers.N.feed_forward1.pre_layer_norm.weight,audio,5.0,BF16,"(1024,)",1024
model.audio_tower.layers.5.feed_forward2.ffw_layer_1.input_max,model.audio_tower.layers.N.feed_forward2.ffw_layer_1.input_max,audio,5.0,BF16,(),1
model.audio_tower.layers.5.feed_forward2.ffw_layer_1.input_min,model.audio_tower.layers.N.feed_forward2.ffw_layer_1.input_min,audio,5.0,BF16,(),1
model.audio_tower.layers.5.feed_forward2.ffw_layer_1.linear.weight,model.audio_tower.layers.N.feed_forward2.ffw_layer_1.linear.weight,audio,5.0,BF16,"(4096, 1024)",4194304
model.audio_tower.layers.5.feed_forward2.ffw_layer_1.output_max,model.audio_tower.layers.N.feed_forward2.ffw_layer_1.output_max,audio,5.0,BF16,(),1
model.audio_tower.layers.5.feed_forward2.ffw_layer_1.output_min,model.audio_tower.layers.N.feed_forward2.ffw_layer_1.output_min,audio,5.0,BF16,(),1
model.audio_tower.layers.5.feed_forward2.ffw_layer_2.input_max,model.audio_tower.layers.N.feed_forward2.ffw_layer_2.input_max,audio,5.0,BF16,(),1
model.audio_tower.layers.5.feed_forward2.ffw_layer_2.input_min,model.audio_tower.layers.N.feed_forward2.ffw_layer_2.input_min,audio,5.0,BF16,(),1
model.audio_tower.layers.5.feed_forward2.ffw_layer_2.linear.weight,model.audio_tower.layers.N.feed_forward2.ffw_layer_2.linear.weight,audio,5.0,BF16,"(1024, 4096)",4194304
model.audio_tower.layers.5.feed_forward2.ffw_layer_2.output_max,model.audio_tower.layers.N.feed_forward2.ffw_layer_2.output_max,audio,5.0,BF16,(),1
model.audio_tower.layers.5.feed_forward2.ffw_layer_2.output_min,model.audio_tower.layers.N.feed_forward2.ffw_layer_2.output_min,audio,5.0,BF16,(),1
model.audio_tower.layers.5.feed_forward2.post_layer_norm.weight,model.audio_tower.layers.N.feed_forward2.post_layer_norm.weight,audio,5.0,BF16,"(1024,)",1024
model.audio_tower.layers.5.feed_forward2.pre_layer_norm.weight,model.audio_tower.layers.N.feed_forward2.pre_layer_norm.weight,audio,5.0,BF16,"(1024,)",1024
model.audio_tower.layers.5.lconv1d.conv_norm.weight,model.audio_tower.layers.N.lconv1d.conv_norm.weight,audio,5.0,BF16,"(1024,)",1024
model.audio_tower.layers.5.lconv1d.depthwise_conv1d.weight,model.audio_tower.layers.N.lconv1d.depthwise_conv1d.weight,audio,5.0,BF16,"(1024, 1, 5)",5120
model.audio_tower.layers.5.lconv1d.linear_end.input_max,model.audio_tower.layers.N.lconv1d.linear_end.input_max,audio,5.0,BF16,(),1
model.audio_tower.layers.5.lconv1d.linear_end.input_min,model.audio_tower.layers.N.lconv1d.linear_end.input_min,audio,5.0,BF16,(),1
model.audio_tower.layers.5.lconv1d.linear_end.linear.weight,model.audio_tower.layers.N.lconv1d.linear_end.linear.weight,audio,5.0,BF16,"(1024, 1024)",1048576
model.audio_tower.layers.5.lconv1d.linear_end.output_max,model.audio_tower.layers.N.lconv1d.linear_end.output_max,audio,5.0,BF16,(),1
model.audio_tower.layers.5.lconv1d.linear_end.output_min,model.audio_tower.layers.N.lconv1d.linear_end.output_min,audio,5.0,BF16,(),1
model.audio_tower.layers.5.lconv1d.linear_start.input_max,model.audio_tower.layers.N.lconv1d.linear_start.input_max,audio,5.0,BF16,(),1
model.audio_tower.layers.5.lconv1d.linear_start.input_min,model.audio_tower.layers.N.lconv1d.linear_start.input_min,audio,5.0,BF16,(),1
model.audio_tower.layers.5.lconv1d.linear_start.linear.weight,model.audio_tower.layers.N.lconv1d.linear_start.linear.weight,audio,5.0,BF16,"(2048, 1024)",2097152
model.audio_tower.layers.5.lconv1d.linear_start.output_max,model.audio_tower.layers.N.lconv1d.linear_start.output_max,audio,5.0,BF16,(),1
model.audio_tower.layers.5.lconv1d.linear_start.output_min,model.audio_tower.layers.N.lconv1d.linear_start.output_min,audio,5.0,BF16,(),1
model.audio_tower.layers.5.lconv1d.pre_layer_norm.weight,model.audio_tower.layers.N.lconv1d.pre_layer_norm.weight,audio,5.0,BF16,"(1024,)",1024
model.audio_tower.layers.5.norm_out.weight,model.audio_tower.layers.N.norm_out.weight,audio,5.0,BF16,"(1024,)",1024
model.audio_tower.layers.5.norm_post_attn.weight,model.audio_tower.layers.N.norm_post_attn.weight,audio,5.0,BF16,"(1024,)",1024
model.audio_tower.layers.5.norm_pre_attn.weight,model.audio_tower.layers.N.norm_pre_attn.weight,audio,5.0,BF16,"(1024,)",1024
model.audio_tower.layers.5.self_attn.k_proj.input_max,model.audio_tower.layers.N.self_attn.k_proj.input_max,audio,5.0,BF16,(),1
model.audio_tower.layers.5.self_attn.k_proj.input_min,model.audio_tower.layers.N.self_attn.k_proj.input_min,audio,5.0,BF16,(),1
model.audio_tower.layers.5.self_attn.k_proj.linear.weight,model.audio_tower.layers.N.self_attn.k_proj.linear.weight,audio,5.0,BF16,"(1024, 1024)",1048576
model.audio_tower.layers.5.self_attn.k_proj.output_max,model.audio_tower.layers.N.self_attn.k_proj.output_max,audio,5.0,BF16,(),1
model.audio_tower.layers.5.self_attn.k_proj.output_min,model.audio_tower.layers.N.self_attn.k_proj.output_min,audio,5.0,BF16,(),1
model.audio_tower.layers.5.self_attn.per_dim_scale,model.audio_tower.layers.N.self_attn.per_dim_scale,audio,5.0,BF16,"(128,)",128
model.audio_tower.layers.5.self_attn.post.input_max,model.audio_tower.layers.N.self_attn.post.input_max,audio,5.0,BF16,(),1
model.audio_tower.layers.5.self_attn.post.input_min,model.audio_tower.layers.N.self_attn.post.input_min,audio,5.0,BF16,(),1
model.audio_tower.layers.5.self_attn.post.linear.weight,model.audio_tower.layers.N.self_attn.post.linear.weight,audio,5.0,BF16,"(1024, 1024)",1048576
model.audio_tower.layers.5.self_attn.post.output_max,model.audio_tower.layers.N.self_attn.post.output_max,audio,5.0,BF16,(),1
model.audio_tower.layers.5.self_attn.post.output_min,model.audio_tower.layers.N.self_attn.post.output_min,audio,5.0,BF16,(),1
model.audio_tower.layers.5.self_attn.q_proj.input_max,model.audio_tower.layers.N.self_attn.q_proj.input_max,audio,5.0,BF16,(),1
model.audio_tower.layers.5.self_attn.q_proj.input_min,model.audio_tower.layers.N.self_attn.q_proj.input_min,audio,5.0,BF16,(),1
model.audio_tower.layers.5.self_attn.q_proj.linear.weight,model.audio_tower.layers.N.self_attn.q_proj.linear.weight,audio,5.0,BF16,"(1024, 1024)",1048576
model.audio_tower.layers.5.self_attn.q_proj.output_max,model.audio_tower.layers.N.self_attn.q_proj.output_max,audio,5.0,BF16,(),1
model.audio_tower.layers.5.self_attn.q_proj.output_min,model.audio_tower.layers.N.self_attn.q_proj.output_min,audio,5.0,BF16,(),1
model.audio_tower.layers.5.self_attn.relative_k_proj.weight,model.audio_tower.layers.N.self_attn.relative_k_proj.weight,audio,5.0,BF16,"(1024, 1024)",1048576
model.audio_tower.layers.5.self_attn.v_proj.input_max,model.audio_tower.layers.N.self_attn.v_proj.input_max,audio,5.0,BF16,(),1
model.audio_tower.layers.5.self_attn.v_proj.input_min,model.audio_tower.layers.N.self_attn.v_proj.input_min,audio,5.0,BF16,(),1
model.audio_tower.layers.5.self_attn.v_proj.linear.weight,model.audio_tower.layers.N.self_attn.v_proj.linear.weight,audio,5.0,BF16,"(1024, 1024)",1048576
model.audio_tower.layers.5.self_attn.v_proj.output_max,model.audio_tower.layers.N.self_attn.v_proj.output_max,audio,5.0,BF16,(),1
model.audio_tower.layers.5.self_attn.v_proj.output_min,model.audio_tower.layers.N.self_attn.v_proj.output_min,audio,5.0,BF16,(),1
model.audio_tower.layers.6.feed_forward1.ffw_layer_1.input_max,model.audio_tower.layers.N.feed_forward1.ffw_layer_1.input_max,audio,6.0,BF16,(),1
model.audio_tower.layers.6.feed_forward1.ffw_layer_1.input_min,model.audio_tower.layers.N.feed_forward1.ffw_layer_1.input_min,audio,6.0,BF16,(),1
model.audio_tower.layers.6.feed_forward1.ffw_layer_1.linear.weight,model.audio_tower.layers.N.feed_forward1.ffw_layer_1.linear.weight,audio,6.0,BF16,"(4096, 1024)",4194304
model.audio_tower.layers.6.feed_forward1.ffw_layer_1.output_max,model.audio_tower.layers.N.feed_forward1.ffw_layer_1.output_max,audio,6.0,BF16,(),1
model.audio_tower.layers.6.feed_forward1.ffw_layer_1.output_min,model.audio_tower.layers.N.feed_forward1.ffw_layer_1.output_min,audio,6.0,BF16,(),1
model.audio_tower.layers.6.feed_forward1.ffw_layer_2.input_max,model.audio_tower.layers.N.feed_forward1.ffw_layer_2.input_max,audio,6.0,BF16,(),1
model.audio_tower.layers.6.feed_forward1.ffw_layer_2.input_min,model.audio_tower.layers.N.feed_forward1.ffw_layer_2.input_min,audio,6.0,BF16,(),1
model.audio_tower.layers.6.feed_forward1.ffw_layer_2.linear.weight,model.audio_tower.layers.N.feed_forward1.ffw_layer_2.linear.weight,audio,6.0,BF16,"(1024, 4096)",4194304
model.audio_tower.layers.6.feed_forward1.ffw_layer_2.output_max,model.audio_tower.layers.N.feed_forward1.ffw_layer_2.output_max,audio,6.0,BF16,(),1
model.audio_tower.layers.6.feed_forward1.ffw_layer_2.output_min,model.audio_tower.layers.N.feed_forward1.ffw_layer_2.output_min,audio,6.0,BF16,(),1
model.audio_tower.layers.6.feed_forward1.post_layer_norm.weight,model.audio_tower.layers.N.feed_forward1.post_layer_norm.weight,audio,6.0,BF16,"(1024,)",1024
model.audio_tower.layers.6.feed_forward1.pre_layer_norm.weight,model.audio_tower.layers.N.feed_forward1.pre_layer_norm.weight,audio,6.0,BF16,"(1024,)",1024
model.audio_tower.layers.6.feed_forward2.ffw_layer_1.input_max,model.audio_tower.layers.N.feed_forward2.ffw_layer_1.input_max,audio,6.0,BF16,(),1
model.audio_tower.layers.6.feed_forward2.ffw_layer_1.input_min,model.audio_tower.layers.N.feed_forward2.ffw_layer_1.input_min,audio,6.0,BF16,(),1
model.audio_tower.layers.6.feed_forward2.ffw_layer_1.linear.weight,model.audio_tower.layers.N.feed_forward2.ffw_layer_1.linear.weight,audio,6.0,BF16,"(4096, 1024)",4194304
model.audio_tower.layers.6.feed_forward2.ffw_layer_1.output_max,model.audio_tower.layers.N.feed_forward2.ffw_layer_1.output_max,audio,6.0,BF16,(),1
model.audio_tower.layers.6.feed_forward2.ffw_layer_1.output_min,model.audio_tower.layers.N.feed_forward2.ffw_layer_1.output_min,audio,6.0,BF16,(),1
model.audio_tower.layers.6.feed_forward2.ffw_layer_2.input_max,model.audio_tower.layers.N.feed_forward2.ffw_layer_2.input_max,audio,6.0,BF16,(),1
model.audio_tower.layers.6.feed_forward2.ffw_layer_2.input_min,model.audio_tower.layers.N.feed_forward2.ffw_layer_2.input_min,audio,6.0,BF16,(),1
model.audio_tower.layers.6.feed_forward2.ffw_layer_2.linear.weight,model.audio_tower.layers.N.feed_forward2.ffw_layer_2.linear.weight,audio,6.0,BF16,"(1024, 4096)",4194304
model.audio_tower.layers.6.feed_forward2.ffw_layer_2.output_max,model.audio_tower.layers.N.feed_forward2.ffw_layer_2.output_max,audio,6.0,BF16,(),1
model.audio_tower.layers.6.feed_forward2.ffw_layer_2.output_min,model.audio_tower.layers.N.feed_forward2.ffw_layer_2.output_min,audio,6.0,BF16,(),1
model.audio_tower.layers.6.feed_forward2.post_layer_norm.weight,model.audio_tower.layers.N.feed_forward2.post_layer_norm.weight,audio,6.0,BF16,"(1024,)",1024
model.audio_tower.layers.6.feed_forward2.pre_layer_norm.weight,model.audio_tower.layers.N.feed_forward2.pre_layer_norm.weight,audio,6.0,BF16,"(1024,)",1024
model.audio_tower.layers.6.lconv1d.conv_norm.weight,model.audio_tower.layers.N.lconv1d.conv_norm.weight,audio,6.0,BF16,"(1024,)",1024
model.audio_tower.layers.6.lconv1d.depthwise_conv1d.weight,model.audio_tower.layers.N.lconv1d.depthwise_conv1d.weight,audio,6.0,BF16,"(1024, 1, 5)",5120
model.audio_tower.layers.6.lconv1d.linear_end.input_max,model.audio_tower.layers.N.lconv1d.linear_end.input_max,audio,6.0,BF16,(),1
model.audio_tower.layers.6.lconv1d.linear_end.input_min,model.audio_tower.layers.N.lconv1d.linear_end.input_min,audio,6.0,BF16,(),1
model.audio_tower.layers.6.lconv1d.linear_end.linear.weight,model.audio_tower.layers.N.lconv1d.linear_end.linear.weight,audio,6.0,BF16,"(1024, 1024)",1048576
model.audio_tower.layers.6.lconv1d.linear_end.output_max,model.audio_tower.layers.N.lconv1d.linear_end.output_max,audio,6.0,BF16,(),1
model.audio_tower.layers.6.lconv1d.linear_end.output_min,model.audio_tower.layers.N.lconv1d.linear_end.output_min,audio,6.0,BF16,(),1
model.audio_tower.layers.6.lconv1d.linear_start.input_max,model.audio_tower.layers.N.lconv1d.linear_start.input_max,audio,6.0,BF16,(),1
model.audio_tower.layers.6.lconv1d.linear_start.input_min,model.audio_tower.layers.N.lconv1d.linear_start.input_min,audio,6.0,BF16,(),1
model.audio_tower.layers.6.lconv1d.linear_start.linear.weight,model.audio_tower.layers.N.lconv1d.linear_start.linear.weight,audio,6.0,BF16,"(2048, 1024)",2097152
model.audio_tower.layers.6.lconv1d.linear_start.output_max,model.audio_tower.layers.N.lconv1d.linear_start.output_max,audio,6.0,BF16,(),1
model.audio_tower.layers.6.lconv1d.linear_start.output_min,model.audio_tower.layers.N.lconv1d.linear_start.output_min,audio,6.0,BF16,(),1
model.audio_tower.layers.6.lconv1d.pre_layer_norm.weight,model.audio_tower.layers.N.lconv1d.pre_layer_norm.weight,audio,6.0,BF16,"(1024,)",1024
model.audio_tower.layers.6.norm_out.weight,model.audio_tower.layers.N.norm_out.weight,audio,6.0,BF16,"(1024,)",1024
model.audio_tower.layers.6.norm_post_attn.weight,model.audio_tower.layers.N.norm_post_attn.weight,audio,6.0,BF16,"(1024,)",1024
model.audio_tower.layers.6.norm_pre_attn.weight,model.audio_tower.layers.N.norm_pre_attn.weight,audio,6.0,BF16,"(1024,)",1024
model.audio_tower.layers.6.self_attn.k_proj.input_max,model.audio_tower.layers.N.self_attn.k_proj.input_max,audio,6.0,BF16,(),1
model.audio_tower.layers.6.self_attn.k_proj.input_min,model.audio_tower.layers.N.self_attn.k_proj.input_min,audio,6.0,BF16,(),1
model.audio_tower.layers.6.self_attn.k_proj.linear.weight,model.audio_tower.layers.N.self_attn.k_proj.linear.weight,audio,6.0,BF16,"(1024, 1024)",1048576
model.audio_tower.layers.6.self_attn.k_proj.output_max,model.audio_tower.layers.N.self_attn.k_proj.output_max,audio,6.0,BF16,(),1
model.audio_tower.layers.6.self_attn.k_proj.output_min,model.audio_tower.layers.N.self_attn.k_proj.output_min,audio,6.0,BF16,(),1
model.audio_tower.layers.6.self_attn.per_dim_scale,model.audio_tower.layers.N.self_attn.per_dim_scale,audio,6.0,BF16,"(128,)",128
model.audio_tower.layers.6.self_attn.post.input_max,model.audio_tower.layers.N.self_attn.post.input_max,audio,6.0,BF16,(),1
model.audio_tower.layers.6.self_attn.post.input_min,model.audio_tower.layers.N.self_attn.post.input_min,audio,6.0,BF16,(),1
model.audio_tower.layers.6.self_attn.post.linear.weight,model.audio_tower.layers.N.self_attn.post.linear.weight,audio,6.0,BF16,"(1024, 1024)",1048576
model.audio_tower.layers.6.self_attn.post.output_max,model.audio_tower.layers.N.self_attn.post.output_max,audio,6.0,BF16,(),1
model.audio_tower.layers.6.self_attn.post.output_min,model.audio_tower.layers.N.self_attn.post.output_min,audio,6.0,BF16,(),1
model.audio_tower.layers.6.self_attn.q_proj.input_max,model.audio_tower.layers.N.self_attn.q_proj.input_max,audio,6.0,BF16,(),1
model.audio_tower.layers.6.self_attn.q_proj.input_min,model.audio_tower.layers.N.self_attn.q_proj.input_min,audio,6.0,BF16,(),1
model.audio_tower.layers.6.self_attn.q_proj.linear.weight,model.audio_tower.layers.N.self_attn.q_proj.linear.weight,audio,6.0,BF16,"(1024, 1024)",1048576
model.audio_tower.layers.6.self_attn.q_proj.output_max,model.audio_tower.layers.N.self_attn.q_proj.output_max,audio,6.0,BF16,(),1
model.audio_tower.layers.6.self_attn.q_proj.output_min,model.audio_tower.layers.N.self_attn.q_proj.output_min,audio,6.0,BF16,(),1
model.audio_tower.layers.6.self_attn.relative_k_proj.weight,model.audio_tower.layers.N.self_attn.relative_k_proj.weight,audio,6.0,BF16,"(1024, 1024)",1048576
model.audio_tower.layers.6.self_attn.v_proj.input_max,model.audio_tower.layers.N.self_attn.v_proj.input_max,audio,6.0,BF16,(),1
model.audio_tower.layers.6.self_attn.v_proj.input_min,model.audio_tower.layers.N.self_attn.v_proj.input_min,audio,6.0,BF16,(),1
model.audio_tower.layers.6.self_attn.v_proj.linear.weight,model.audio_tower.layers.N.self_attn.v_proj.linear.weight,audio,6.0,BF16,"(1024, 1024)",1048576
model.audio_tower.layers.6.self_attn.v_proj.output_max,model.audio_tower.layers.N.self_attn.v_proj.output_max,audio,6.0,BF16,(),1
model.audio_tower.layers.6.self_attn.v_proj.output_min,model.audio_tower.layers.N.self_attn.v_proj.output_min,audio,6.0,BF16,(),1
model.audio_tower.layers.7.feed_forward1.ffw_layer_1.input_max,model.audio_tower.layers.N.feed_forward1.ffw_layer_1.input_max,audio,7.0,BF16,(),1
model.audio_tower.layers.7.feed_forward1.ffw_layer_1.input_min,model.audio_tower.layers.N.feed_forward1.ffw_layer_1.input_min,audio,7.0,BF16,(),1
model.audio_tower.layers.7.feed_forward1.ffw_layer_1.linear.weight,model.audio_tower.layers.N.feed_forward1.ffw_layer_1.linear.weight,audio,7.0,BF16,"(4096, 1024)",4194304
model.audio_tower.layers.7.feed_forward1.ffw_layer_1.output_max,model.audio_tower.layers.N.feed_forward1.ffw_layer_1.output_max,audio,7.0,BF16,(),1
model.audio_tower.layers.7.feed_forward1.ffw_layer_1.output_min,model.audio_tower.layers.N.feed_forward1.ffw_layer_1.output_min,audio,7.0,BF16,(),1
model.audio_tower.layers.7.feed_forward1.ffw_layer_2.input_max,model.audio_tower.layers.N.feed_forward1.ffw_layer_2.input_max,audio,7.0,BF16,(),1
model.audio_tower.layers.7.feed_forward1.ffw_layer_2.input_min,model.audio_tower.layers.N.feed_forward1.ffw_layer_2.input_min,audio,7.0,BF16,(),1
model.audio_tower.layers.7.feed_forward1.ffw_layer_2.linear.weight,model.audio_tower.layers.N.feed_forward1.ffw_layer_2.linear.weight,audio,7.0,BF16,"(1024, 4096)",4194304
model.audio_tower.layers.7.feed_forward1.ffw_layer_2.output_max,model.audio_tower.layers.N.feed_forward1.ffw_layer_2.output_max,audio,7.0,BF16,(),1
model.audio_tower.layers.7.feed_forward1.ffw_layer_2.output_min,model.audio_tower.layers.N.feed_forward1.ffw_layer_2.output_min,audio,7.0,BF16,(),1
model.audio_tower.layers.7.feed_forward1.post_layer_norm.weight,model.audio_tower.layers.N.feed_forward1.post_layer_norm.weight,audio,7.0,BF16,"(1024,)",1024
model.audio_tower.layers.7.feed_forward1.pre_layer_norm.weight,model.audio_tower.layers.N.feed_forward1.pre_layer_norm.weight,audio,7.0,BF16,"(1024,)",1024
model.audio_tower.layers.7.feed_forward2.ffw_layer_1.input_max,model.audio_tower.layers.N.feed_forward2.ffw_layer_1.input_max,audio,7.0,BF16,(),1
model.audio_tower.layers.7.feed_forward2.ffw_layer_1.input_min,model.audio_tower.layers.N.feed_forward2.ffw_layer_1.input_min,audio,7.0,BF16,(),1
model.audio_tower.layers.7.feed_forward2.ffw_layer_1.linear.weight,model.audio_tower.layers.N.feed_forward2.ffw_layer_1.linear.weight,audio,7.0,BF16,"(4096, 1024)",4194304
model.audio_tower.layers.7.feed_forward2.ffw_layer_1.output_max,model.audio_tower.layers.N.feed_forward2.ffw_layer_1.output_max,audio,7.0,BF16,(),1
model.audio_tower.layers.7.feed_forward2.ffw_layer_1.output_min,model.audio_tower.layers.N.feed_forward2.ffw_layer_1.output_min,audio,7.0,BF16,(),1
model.audio_tower.layers.7.feed_forward2.ffw_layer_2.input_max,model.audio_tower.layers.N.feed_forward2.ffw_layer_2.input_max,audio,7.0,BF16,(),1
model.audio_tower.layers.7.feed_forward2.ffw_layer_2.input_min,model.audio_tower.layers.N.feed_forward2.ffw_layer_2.input_min,audio,7.0,BF16,(),1
model.audio_tower.layers.7.feed_forward2.ffw_layer_2.linear.weight,model.audio_tower.layers.N.feed_forward2.ffw_layer_2.linear.weight,audio,7.0,BF16,"(1024, 4096)",4194304
model.audio_tower.layers.7.feed_forward2.ffw_layer_2.output_max,model.audio_tower.layers.N.feed_forward2.ffw_layer_2.output_max,audio,7.0,BF16,(),1
model.audio_tower.layers.7.feed_forward2.ffw_layer_2.output_min,model.audio_tower.layers.N.feed_forward2.ffw_layer_2.output_min,audio,7.0,BF16,(),1
model.audio_tower.layers.7.feed_forward2.post_layer_norm.weight,model.audio_tower.layers.N.feed_forward2.post_layer_norm.weight,audio,7.0,BF16,"(1024,)",1024
model.audio_tower.layers.7.feed_forward2.pre_layer_norm.weight,model.audio_tower.layers.N.feed_forward2.pre_layer_norm.weight,audio,7.0,BF16,"(1024,)",1024
model.audio_tower.layers.7.lconv1d.conv_norm.weight,model.audio_tower.layers.N.lconv1d.conv_norm.weight,audio,7.0,BF16,"(1024,)",1024
model.audio_tower.layers.7.lconv1d.depthwise_conv1d.weight,model.audio_tower.layers.N.lconv1d.depthwise_conv1d.weight,audio,7.0,BF16,"(1024, 1, 5)",5120
model.audio_tower.layers.7.lconv1d.linear_end.input_max,model.audio_tower.layers.N.lconv1d.linear_end.input_max,audio,7.0,BF16,(),1
model.audio_tower.layers.7.lconv1d.linear_end.input_min,model.audio_tower.layers.N.lconv1d.linear_end.input_min,audio,7.0,BF16,(),1
model.audio_tower.layers.7.lconv1d.linear_end.linear.weight,model.audio_tower.layers.N.lconv1d.linear_end.linear.weight,audio,7.0,BF16,"(1024, 1024)",1048576
model.audio_tower.layers.7.lconv1d.linear_end.output_max,model.audio_tower.layers.N.lconv1d.linear_end.output_max,audio,7.0,BF16,(),1
model.audio_tower.layers.7.lconv1d.linear_end.output_min,model.audio_tower.layers.N.lconv1d.linear_end.output_min,audio,7.0,BF16,(),1
model.audio_tower.layers.7.lconv1d.linear_start.input_max,model.audio_tower.layers.N.lconv1d.linear_start.input_max,audio,7.0,BF16,(),1
model.audio_tower.layers.7.lconv1d.linear_start.input_min,model.audio_tower.layers.N.lconv1d.linear_start.input_min,audio,7.0,BF16,(),1
model.audio_tower.layers.7.lconv1d.linear_start.linear.weight,model.audio_tower.layers.N.lconv1d.linear_start.linear.weight,audio,7.0,BF16,"(2048, 1024)",2097152
model.audio_tower.layers.7.lconv1d.linear_start.output_max,model.audio_tower.layers.N.lconv1d.linear_start.output_max,audio,7.0,BF16,(),1
model.audio_tower.layers.7.lconv1d.linear_start.output_min,model.audio_tower.layers.N.lconv1d.linear_start.output_min,audio,7.0,BF16,(),1
model.audio_tower.layers.7.lconv1d.pre_layer_norm.weight,model.audio_tower.layers.N.lconv1d.pre_layer_norm.weight,audio,7.0,BF16,"(1024,)",1024
model.audio_tower.layers.7.norm_out.weight,model.audio_tower.layers.N.norm_out.weight,audio,7.0,BF16,"(1024,)",1024
model.audio_tower.layers.7.norm_post_attn.weight,model.audio_tower.layers.N.norm_post_attn.weight,audio,7.0,BF16,"(1024,)",1024
model.audio_tower.layers.7.norm_pre_attn.weight,model.audio_tower.layers.N.norm_pre_attn.weight,audio,7.0,BF16,"(1024,)",1024
model.audio_tower.layers.7.self_attn.k_proj.input_max,model.audio_tower.layers.N.self_attn.k_proj.input_max,audio,7.0,BF16,(),1
model.audio_tower.layers.7.self_attn.k_proj.input_min,model.audio_tower.layers.N.self_attn.k_proj.input_min,audio,7.0,BF16,(),1
model.audio_tower.layers.7.self_attn.k_proj.linear.weight,model.audio_tower.layers.N.self_attn.k_proj.linear.weight,audio,7.0,BF16,"(1024, 1024)",1048576
model.audio_tower.layers.7.self_attn.k_proj.output_max,model.audio_tower.layers.N.self_attn.k_proj.output_max,audio,7.0,BF16,(),1
model.audio_tower.layers.7.self_attn.k_proj.output_min,model.audio_tower.layers.N.self_attn.k_proj.output_min,audio,7.0,BF16,(),1
model.audio_tower.layers.7.self_attn.per_dim_scale,model.audio_tower.layers.N.self_attn.per_dim_scale,audio,7.0,BF16,"(128,)",128
model.audio_tower.layers.7.self_attn.post.input_max,model.audio_tower.layers.N.self_attn.post.input_max,audio,7.0,BF16,(),1
model.audio_tower.layers.7.self_attn.post.input_min,model.audio_tower.layers.N.self_attn.post.input_min,audio,7.0,BF16,(),1
model.audio_tower.layers.7.self_attn.post.linear.weight,model.audio_tower.layers.N.self_attn.post.linear.weight,audio,7.0,BF16,"(1024, 1024)",1048576
model.audio_tower.layers.7.self_attn.post.output_max,model.audio_tower.layers.N.self_attn.post.output_max,audio,7.0,BF16,(),1
model.audio_tower.layers.7.self_attn.post.output_min,model.audio_tower.layers.N.self_attn.post.output_min,audio,7.0,BF16,(),1
model.audio_tower.layers.7.self_attn.q_proj.input_max,model.audio_tower.layers.N.self_attn.q_proj.input_max,audio,7.0,BF16,(),1
model.audio_tower.layers.7.self_attn.q_proj.input_min,model.audio_tower.layers.N.self_attn.q_proj.input_min,audio,7.0,BF16,(),1
model.audio_tower.layers.7.self_attn.q_proj.linear.weight,model.audio_tower.layers.N.self_attn.q_proj.linear.weight,audio,7.0,BF16,"(1024, 1024)",1048576
model.audio_tower.layers.7.self_attn.q_proj.output_max,model.audio_tower.layers.N.self_attn.q_proj.output_max,audio,7.0,BF16,(),1
model.audio_tower.layers.7.self_attn.q_proj.output_min,model.audio_tower.layers.N.self_attn.q_proj.output_min,audio,7.0,BF16,(),1
model.audio_tower.layers.7.self_attn.relative_k_proj.weight,model.audio_tower.layers.N.self_attn.relative_k_proj.weight,audio,7.0,BF16,"(1024, 1024)",1048576
model.audio_tower.layers.7.self_attn.v_proj.input_max,model.audio_tower.layers.N.self_attn.v_proj.input_max,audio,7.0,BF16,(),1
model.audio_tower.layers.7.self_attn.v_proj.input_min,model.audio_tower.layers.N.self_attn.v_proj.input_min,audio,7.0,BF16,(),1
model.audio_tower.layers.7.self_attn.v_proj.linear.weight,model.audio_tower.layers.N.self_attn.v_proj.linear.weight,audio,7.0,BF16,"(1024, 1024)",1048576
model.audio_tower.layers.7.self_attn.v_proj.output_max,model.audio_tower.layers.N.self_attn.v_proj.output_max,audio,7.0,BF16,(),1
model.audio_tower.layers.7.self_attn.v_proj.output_min,model.audio_tower.layers.N.self_attn.v_proj.output_min,audio,7.0,BF16,(),1
model.audio_tower.layers.8.feed_forward1.ffw_layer_1.input_max,model.audio_tower.layers.N.feed_forward1.ffw_layer_1.input_max,audio,8.0,BF16,(),1
model.audio_tower.layers.8.feed_forward1.ffw_layer_1.input_min,model.audio_tower.layers.N.feed_forward1.ffw_layer_1.input_min,audio,8.0,BF16,(),1
model.audio_tower.layers.8.feed_forward1.ffw_layer_1.linear.weight,model.audio_tower.layers.N.feed_forward1.ffw_layer_1.linear.weight,audio,8.0,BF16,"(4096, 1024)",4194304
model.audio_tower.layers.8.feed_forward1.ffw_layer_1.output_max,model.audio_tower.layers.N.feed_forward1.ffw_layer_1.output_max,audio,8.0,BF16,(),1
model.audio_tower.layers.8.feed_forward1.ffw_layer_1.output_min,model.audio_tower.layers.N.feed_forward1.ffw_layer_1.output_min,audio,8.0,BF16,(),1
model.audio_tower.layers.8.feed_forward1.ffw_layer_2.input_max,model.audio_tower.layers.N.feed_forward1.ffw_layer_2.input_max,audio,8.0,BF16,(),1
model.audio_tower.layers.8.feed_forward1.ffw_layer_2.input_min,model.audio_tower.layers.N.feed_forward1.ffw_layer_2.input_min,audio,8.0,BF16,(),1
model.audio_tower.layers.8.feed_forward1.ffw_layer_2.linear.weight,model.audio_tower.layers.N.feed_forward1.ffw_layer_2.linear.weight,audio,8.0,BF16,"(1024, 4096)",4194304
model.audio_tower.layers.8.feed_forward1.ffw_layer_2.output_max,model.audio_tower.layers.N.feed_forward1.ffw_layer_2.output_max,audio,8.0,BF16,(),1
model.audio_tower.layers.8.feed_forward1.ffw_layer_2.output_min,model.audio_tower.layers.N.feed_forward1.ffw_layer_2.output_min,audio,8.0,BF16,(),1
model.audio_tower.layers.8.feed_forward1.post_layer_norm.weight,model.audio_tower.layers.N.feed_forward1.post_layer_norm.weight,audio,8.0,BF16,"(1024,)",1024
model.audio_tower.layers.8.feed_forward1.pre_layer_norm.weight,model.audio_tower.layers.N.feed_forward1.pre_layer_norm.weight,audio,8.0,BF16,"(1024,)",1024
model.audio_tower.layers.8.feed_forward2.ffw_layer_1.input_max,model.audio_tower.layers.N.feed_forward2.ffw_layer_1.input_max,audio,8.0,BF16,(),1
model.audio_tower.layers.8.feed_forward2.ffw_layer_1.input_min,model.audio_tower.layers.N.feed_forward2.ffw_layer_1.input_min,audio,8.0,BF16,(),1
model.audio_tower.layers.8.feed_forward2.ffw_layer_1.linear.weight,model.audio_tower.layers.N.feed_forward2.ffw_layer_1.linear.weight,audio,8.0,BF16,"(4096, 1024)",4194304
model.audio_tower.layers.8.feed_forward2.ffw_layer_1.output_max,model.audio_tower.layers.N.feed_forward2.ffw_layer_1.output_max,audio,8.0,BF16,(),1
model.audio_tower.layers.8.feed_forward2.ffw_layer_1.output_min,model.audio_tower.layers.N.feed_forward2.ffw_layer_1.output_min,audio,8.0,BF16,(),1
model.audio_tower.layers.8.feed_forward2.ffw_layer_2.input_max,model.audio_tower.layers.N.feed_forward2.ffw_layer_2.input_max,audio,8.0,BF16,(),1
model.audio_tower.layers.8.feed_forward2.ffw_layer_2.input_min,model.audio_tower.layers.N.feed_forward2.ffw_layer_2.input_min,audio,8.0,BF16,(),1
model.audio_tower.layers.8.feed_forward2.ffw_layer_2.linear.weight,model.audio_tower.layers.N.feed_forward2.ffw_layer_2.linear.weight,audio,8.0,BF16,"(1024, 4096)",4194304
model.audio_tower.layers.8.feed_forward2.ffw_layer_2.output_max,model.audio_tower.layers.N.feed_forward2.ffw_layer_2.output_max,audio,8.0,BF16,(),1
model.audio_tower.layers.8.feed_forward2.ffw_layer_2.output_min,model.audio_tower.layers.N.feed_forward2.ffw_layer_2.output_min,audio,8.0,BF16,(),1
model.audio_tower.layers.8.feed_forward2.post_layer_norm.weight,model.audio_tower.layers.N.feed_forward2.post_layer_norm.weight,audio,8.0,BF16,"(1024,)",1024
model.audio_tower.layers.8.feed_forward2.pre_layer_norm.weight,model.audio_tower.layers.N.feed_forward2.pre_layer_norm.weight,audio,8.0,BF16,"(1024,)",1024
model.audio_tower.layers.8.lconv1d.conv_norm.weight,model.audio_tower.layers.N.lconv1d.conv_norm.weight,audio,8.0,BF16,"(1024,)",1024
model.audio_tower.layers.8.lconv1d.depthwise_conv1d.weight,model.audio_tower.layers.N.lconv1d.depthwise_conv1d.weight,audio,8.0,BF16,"(1024, 1, 5)",5120
model.audio_tower.layers.8.lconv1d.linear_end.input_max,model.audio_tower.layers.N.lconv1d.linear_end.input_max,audio,8.0,BF16,(),1
model.audio_tower.layers.8.lconv1d.linear_end.input_min,model.audio_tower.layers.N.lconv1d.linear_end.input_min,audio,8.0,BF16,(),1
model.audio_tower.layers.8.lconv1d.linear_end.linear.weight,model.audio_tower.layers.N.lconv1d.linear_end.linear.weight,audio,8.0,BF16,"(1024, 1024)",1048576
model.audio_tower.layers.8.lconv1d.linear_end.output_max,model.audio_tower.layers.N.lconv1d.linear_end.output_max,audio,8.0,BF16,(),1
model.audio_tower.layers.8.lconv1d.linear_end.output_min,model.audio_tower.layers.N.lconv1d.linear_end.output_min,audio,8.0,BF16,(),1
model.audio_tower.layers.8.lconv1d.linear_start.input_max,model.audio_tower.layers.N.lconv1d.linear_start.input_max,audio,8.0,BF16,(),1
model.audio_tower.layers.8.lconv1d.linear_start.input_min,model.audio_tower.layers.N.lconv1d.linear_start.input_min,audio,8.0,BF16,(),1
model.audio_tower.layers.8.lconv1d.linear_start.linear.weight,model.audio_tower.layers.N.lconv1d.linear_start.linear.weight,audio,8.0,BF16,"(2048, 1024)",2097152
model.audio_tower.layers.8.lconv1d.linear_start.output_max,model.audio_tower.layers.N.lconv1d.linear_start.output_max,audio,8.0,BF16,(),1
model.audio_tower.layers.8.lconv1d.linear_start.output_min,model.audio_tower.layers.N.lconv1d.linear_start.output_min,audio,8.0,BF16,(),1
model.audio_tower.layers.8.lconv1d.pre_layer_norm.weight,model.audio_tower.layers.N.lconv1d.pre_layer_norm.weight,audio,8.0,BF16,"(1024,)",1024
model.audio_tower.layers.8.norm_out.weight,model.audio_tower.layers.N.norm_out.weight,audio,8.0,BF16,"(1024,)",1024
model.audio_tower.layers.8.norm_post_attn.weight,model.audio_tower.layers.N.norm_post_attn.weight,audio,8.0,BF16,"(1024,)",1024
model.audio_tower.layers.8.norm_pre_attn.weight,model.audio_tower.layers.N.norm_pre_attn.weight,audio,8.0,BF16,"(1024,)",1024
model.audio_tower.layers.8.self_attn.k_proj.input_max,model.audio_tower.layers.N.self_attn.k_proj.input_max,audio,8.0,BF16,(),1
model.audio_tower.layers.8.self_attn.k_proj.input_min,model.audio_tower.layers.N.self_attn.k_proj.input_min,audio,8.0,BF16,(),1
model.audio_tower.layers.8.self_attn.k_proj.linear.weight,model.audio_tower.layers.N.self_attn.k_proj.linear.weight,audio,8.0,BF16,"(1024, 1024)",1048576
model.audio_tower.layers.8.self_attn.k_proj.output_max,model.audio_tower.layers.N.self_attn.k_proj.output_max,audio,8.0,BF16,(),1
model.audio_tower.layers.8.self_attn.k_proj.output_min,model.audio_tower.layers.N.self_attn.k_proj.output_min,audio,8.0,BF16,(),1
model.audio_tower.layers.8.self_attn.per_dim_scale,model.audio_tower.layers.N.self_attn.per_dim_scale,audio,8.0,BF16,"(128,)",128
model.audio_tower.layers.8.self_attn.post.input_max,model.audio_tower.layers.N.self_attn.post.input_max,audio,8.0,BF16,(),1
model.audio_tower.layers.8.self_attn.post.input_min,model.audio_tower.layers.N.self_attn.post.input_min,audio,8.0,BF16,(),1
model.audio_tower.layers.8.self_attn.post.linear.weight,model.audio_tower.layers.N.self_attn.post.linear.weight,audio,8.0,BF16,"(1024, 1024)",1048576
model.audio_tower.layers.8.self_attn.post.output_max,model.audio_tower.layers.N.self_attn.post.output_max,audio,8.0,BF16,(),1
model.audio_tower.layers.8.self_attn.post.output_min,model.audio_tower.layers.N.self_attn.post.output_min,audio,8.0,BF16,(),1
model.audio_tower.layers.8.self_attn.q_proj.input_max,model.audio_tower.layers.N.self_attn.q_proj.input_max,audio,8.0,BF16,(),1
model.audio_tower.layers.8.self_attn.q_proj.input_min,model.audio_tower.layers.N.self_attn.q_proj.input_min,audio,8.0,BF16,(),1
model.audio_tower.layers.8.self_attn.q_proj.linear.weight,model.audio_tower.layers.N.self_attn.q_proj.linear.weight,audio,8.0,BF16,"(1024, 1024)",1048576
model.audio_tower.layers.8.self_attn.q_proj.output_max,model.audio_tower.layers.N.self_attn.q_proj.output_max,audio,8.0,BF16,(),1
model.audio_tower.layers.8.self_attn.q_proj.output_min,model.audio_tower.layers.N.self_attn.q_proj.output_min,audio,8.0,BF16,(),1
model.audio_tower.layers.8.self_attn.relative_k_proj.weight,model.audio_tower.layers.N.self_attn.relative_k_proj.weight,audio,8.0,BF16,"(1024, 1024)",1048576
model.audio_tower.layers.8.self_attn.v_proj.input_max,model.audio_tower.layers.N.self_attn.v_proj.input_max,audio,8.0,BF16,(),1
model.audio_tower.layers.8.self_attn.v_proj.input_min,model.audio_tower.layers.N.self_attn.v_proj.input_min,audio,8.0,BF16,(),1
model.audio_tower.layers.8.self_attn.v_proj.linear.weight,model.audio_tower.layers.N.self_attn.v_proj.linear.weight,audio,8.0,BF16,"(1024, 1024)",1048576
model.audio_tower.layers.8.self_attn.v_proj.output_max,model.audio_tower.layers.N.self_attn.v_proj.output_max,audio,8.0,BF16,(),1
model.audio_tower.layers.8.self_attn.v_proj.output_min,model.audio_tower.layers.N.self_attn.v_proj.output_min,audio,8.0,BF16,(),1
model.audio_tower.layers.9.feed_forward1.ffw_layer_1.input_max,model.audio_tower.layers.N.feed_forward1.ffw_layer_1.input_max,audio,9.0,BF16,(),1
model.audio_tower.layers.9.feed_forward1.ffw_layer_1.input_min,model.audio_tower.layers.N.feed_forward1.ffw_layer_1.input_min,audio,9.0,BF16,(),1
model.audio_tower.layers.9.feed_forward1.ffw_layer_1.linear.weight,model.audio_tower.layers.N.feed_forward1.ffw_layer_1.linear.weight,audio,9.0,BF16,"(4096, 1024)",4194304
model.audio_tower.layers.9.feed_forward1.ffw_layer_1.output_max,model.audio_tower.layers.N.feed_forward1.ffw_layer_1.output_max,audio,9.0,BF16,(),1
model.audio_tower.layers.9.feed_forward1.ffw_layer_1.output_min,model.audio_tower.layers.N.feed_forward1.ffw_layer_1.output_min,audio,9.0,BF16,(),1
model.audio_tower.layers.9.feed_forward1.ffw_layer_2.input_max,model.audio_tower.layers.N.feed_forward1.ffw_layer_2.input_max,audio,9.0,BF16,(),1
model.audio_tower.layers.9.feed_forward1.ffw_layer_2.input_min,model.audio_tower.layers.N.feed_forward1.ffw_layer_2.input_min,audio,9.0,BF16,(),1
model.audio_tower.layers.9.feed_forward1.ffw_layer_2.linear.weight,model.audio_tower.layers.N.feed_forward1.ffw_layer_2.linear.weight,audio,9.0,BF16,"(1024, 4096)",4194304
model.audio_tower.layers.9.feed_forward1.ffw_layer_2.output_max,model.audio_tower.layers.N.feed_forward1.ffw_layer_2.output_max,audio,9.0,BF16,(),1
model.audio_tower.layers.9.feed_forward1.ffw_layer_2.output_min,model.audio_tower.layers.N.feed_forward1.ffw_layer_2.output_min,audio,9.0,BF16,(),1
model.audio_tower.layers.9.feed_forward1.post_layer_norm.weight,model.audio_tower.layers.N.feed_forward1.post_layer_norm.weight,audio,9.0,BF16,"(1024,)",1024
model.audio_tower.layers.9.feed_forward1.pre_layer_norm.weight,model.audio_tower.layers.N.feed_forward1.pre_layer_norm.weight,audio,9.0,BF16,"(1024,)",1024
model.audio_tower.layers.9.feed_forward2.ffw_layer_1.input_max,model.audio_tower.layers.N.feed_forward2.ffw_layer_1.input_max,audio,9.0,BF16,(),1
model.audio_tower.layers.9.feed_forward2.ffw_layer_1.input_min,model.audio_tower.layers.N.feed_forward2.ffw_layer_1.input_min,audio,9.0,BF16,(),1
model.audio_tower.layers.9.feed_forward2.ffw_layer_1.linear.weight,model.audio_tower.layers.N.feed_forward2.ffw_layer_1.linear.weight,audio,9.0,BF16,"(4096, 1024)",4194304
model.audio_tower.layers.9.feed_forward2.ffw_layer_1.output_max,model.audio_tower.layers.N.feed_forward2.ffw_layer_1.output_max,audio,9.0,BF16,(),1
model.audio_tower.layers.9.feed_forward2.ffw_layer_1.output_min,model.audio_tower.layers.N.feed_forward2.ffw_layer_1.output_min,audio,9.0,BF16,(),1
model.audio_tower.layers.9.feed_forward2.ffw_layer_2.input_max,model.audio_tower.layers.N.feed_forward2.ffw_layer_2.input_max,audio,9.0,BF16,(),1
model.audio_tower.layers.9.feed_forward2.ffw_layer_2.input_min,model.audio_tower.layers.N.feed_forward2.ffw_layer_2.input_min,audio,9.0,BF16,(),1
model.audio_tower.layers.9.feed_forward2.ffw_layer_2.linear.weight,model.audio_tower.layers.N.feed_forward2.ffw_layer_2.linear.weight,audio,9.0,BF16,"(1024, 4096)",4194304
model.audio_tower.layers.9.feed_forward2.ffw_layer_2.output_max,model.audio_tower.layers.N.feed_forward2.ffw_layer_2.output_max,audio,9.0,BF16,(),1
model.audio_tower.layers.9.feed_forward2.ffw_layer_2.output_min,model.audio_tower.layers.N.feed_forward2.ffw_layer_2.output_min,audio,9.0,BF16,(),1
model.audio_tower.layers.9.feed_forward2.post_layer_norm.weight,model.audio_tower.layers.N.feed_forward2.post_layer_norm.weight,audio,9.0,BF16,"(1024,)",1024
model.audio_tower.layers.9.feed_forward2.pre_layer_norm.weight,model.audio_tower.layers.N.feed_forward2.pre_layer_norm.weight,audio,9.0,BF16,"(1024,)",1024
model.audio_tower.layers.9.lconv1d.conv_norm.weight,model.audio_tower.layers.N.lconv1d.conv_norm.weight,audio,9.0,BF16,"(1024,)",1024
model.audio_tower.layers.9.lconv1d.depthwise_conv1d.weight,model.audio_tower.layers.N.lconv1d.depthwise_conv1d.weight,audio,9.0,BF16,"(1024, 1, 5)",5120
model.audio_tower.layers.9.lconv1d.linear_end.input_max,model.audio_tower.layers.N.lconv1d.linear_end.input_max,audio,9.0,BF16,(),1
model.audio_tower.layers.9.lconv1d.linear_end.input_min,model.audio_tower.layers.N.lconv1d.linear_end.input_min,audio,9.0,BF16,(),1
model.audio_tower.layers.9.lconv1d.linear_end.linear.weight,model.audio_tower.layers.N.lconv1d.linear_end.linear.weight,audio,9.0,BF16,"(1024, 1024)",1048576
model.audio_tower.layers.9.lconv1d.linear_end.output_max,model.audio_tower.layers.N.lconv1d.linear_end.output_max,audio,9.0,BF16,(),1
model.audio_tower.layers.9.lconv1d.linear_end.output_min,model.audio_tower.layers.N.lconv1d.linear_end.output_min,audio,9.0,BF16,(),1
model.audio_tower.layers.9.lconv1d.linear_start.input_max,model.audio_tower.layers.N.lconv1d.linear_start.input_max,audio,9.0,BF16,(),1
model.audio_tower.layers.9.lconv1d.linear_start.input_min,model.audio_tower.layers.N.lconv1d.linear_start.input_min,audio,9.0,BF16,(),1
model.audio_tower.layers.9.lconv1d.linear_start.linear.weight,model.audio_tower.layers.N.lconv1d.linear_start.linear.weight,audio,9.0,BF16,"(2048, 1024)",2097152
model.audio_tower.layers.9.lconv1d.linear_start.output_max,model.audio_tower.layers.N.lconv1d.linear_start.output_max,audio,9.0,BF16,(),1
model.audio_tower.layers.9.lconv1d.linear_start.output_min,model.audio_tower.layers.N.lconv1d.linear_start.output_min,audio,9.0,BF16,(),1
model.audio_tower.layers.9.lconv1d.pre_layer_norm.weight,model.audio_tower.layers.N.lconv1d.pre_layer_norm.weight,audio,9.0,BF16,"(1024,)",1024
model.audio_tower.layers.9.norm_out.weight,model.audio_tower.layers.N.norm_out.weight,audio,9.0,BF16,"(1024,)",1024
model.audio_tower.layers.9.norm_post_attn.weight,model.audio_tower.layers.N.norm_post_attn.weight,audio,9.0,BF16,"(1024,)",1024
model.audio_tower.layers.9.norm_pre_attn.weight,model.audio_tower.layers.N.norm_pre_attn.weight,audio,9.0,BF16,"(1024,)",1024
model.audio_tower.layers.9.self_attn.k_proj.input_max,model.audio_tower.layers.N.self_attn.k_proj.input_max,audio,9.0,BF16,(),1
model.audio_tower.layers.9.self_attn.k_proj.input_min,model.audio_tower.layers.N.self_attn.k_proj.input_min,audio,9.0,BF16,(),1
model.audio_tower.layers.9.self_attn.k_proj.linear.weight,model.audio_tower.layers.N.self_attn.k_proj.linear.weight,audio,9.0,BF16,"(1024, 1024)",1048576
model.audio_tower.layers.9.self_attn.k_proj.output_max,model.audio_tower.layers.N.self_attn.k_proj.output_max,audio,9.0,BF16,(),1
model.audio_tower.layers.9.self_attn.k_proj.output_min,model.audio_tower.layers.N.self_attn.k_proj.output_min,audio,9.0,BF16,(),1
model.audio_tower.layers.9.self_attn.per_dim_scale,model.audio_tower.layers.N.self_attn.per_dim_scale,audio,9.0,BF16,"(128,)",128
model.audio_tower.layers.9.self_attn.post.input_max,model.audio_tower.layers.N.self_attn.post.input_max,audio,9.0,BF16,(),1
model.audio_tower.layers.9.self_attn.post.input_min,model.audio_tower.layers.N.self_attn.post.input_min,audio,9.0,BF16,(),1
model.audio_tower.layers.9.self_attn.post.linear.weight,model.audio_tower.layers.N.self_attn.post.linear.weight,audio,9.0,BF16,"(1024, 1024)",1048576
model.audio_tower.layers.9.self_attn.post.output_max,model.audio_tower.layers.N.self_attn.post.output_max,audio,9.0,BF16,(),1
model.audio_tower.layers.9.self_attn.post.output_min,model.audio_tower.layers.N.self_attn.post.output_min,audio,9.0,BF16,(),1
model.audio_tower.layers.9.self_attn.q_proj.input_max,model.audio_tower.layers.N.self_attn.q_proj.input_max,audio,9.0,BF16,(),1
model.audio_tower.layers.9.self_attn.q_proj.input_min,model.audio_tower.layers.N.self_attn.q_proj.input_min,audio,9.0,BF16,(),1
model.audio_tower.layers.9.self_attn.q_proj.linear.weight,model.audio_tower.layers.N.self_attn.q_proj.linear.weight,audio,9.0,BF16,"(1024, 1024)",1048576
model.audio_tower.layers.9.self_attn.q_proj.output_max,model.audio_tower.layers.N.self_attn.q_proj.output_max,audio,9.0,BF16,(),1
model.audio_tower.layers.9.self_attn.q_proj.output_min,model.audio_tower.layers.N.self_attn.q_proj.output_min,audio,9.0,BF16,(),1
model.audio_tower.layers.9.self_attn.relative_k_proj.weight,model.audio_tower.layers.N.self_attn.relative_k_proj.weight,audio,9.0,BF16,"(1024, 1024)",1048576
model.audio_tower.layers.9.self_attn.v_proj.input_max,model.audio_tower.layers.N.self_attn.v_proj.input_max,audio,9.0,BF16,(),1
model.audio_tower.layers.9.self_attn.v_proj.input_min,model.audio_tower.layers.N.self_attn.v_proj.input_min,audio,9.0,BF16,(),1
model.audio_tower.layers.9.self_attn.v_proj.linear.weight,model.audio_tower.layers.N.self_attn.v_proj.linear.weight,audio,9.0,BF16,"(1024, 1024)",1048576
model.audio_tower.layers.9.self_attn.v_proj.output_max,model.audio_tower.layers.N.self_attn.v_proj.output_max,audio,9.0,BF16,(),1
model.audio_tower.layers.9.self_attn.v_proj.output_min,model.audio_tower.layers.N.self_attn.v_proj.output_min,audio,9.0,BF16,(),1
model.audio_tower.output_proj.bias,model.audio_tower.output_proj.bias,audio,,BF16,"(1536,)",1536
model.audio_tower.output_proj.weight,model.audio_tower.output_proj.weight,audio,,BF16,"(1536, 1024)",1572864
model.audio_tower.subsample_conv_projection.input_proj_linear.weight,model.audio_tower.subsample_conv_projection.input_proj_linear.weight,audio,,BF16,"(1024, 1024)",1048576
model.audio_tower.subsample_conv_projection.layer0.conv.weight,model.audio_tower.subsample_conv_projection.layer0.conv.weight,audio,,BF16,"(128, 1, 3, 3)",1152
model.audio_tower.subsample_conv_projection.layer0.norm.weight,model.audio_tower.subsample_conv_projection.layer0.norm.weight,audio,,BF16,"(128,)",128
model.audio_tower.subsample_conv_projection.layer1.conv.weight,model.audio_tower.subsample_conv_projection.layer1.conv.weight,audio,,BF16,"(32, 128, 3, 3)",36864
model.audio_tower.subsample_conv_projection.layer1.norm.weight,model.audio_tower.subsample_conv_projection.layer1.norm.weight,audio,,BF16,"(32,)",32
model.embed_audio.embedding_projection.weight,model.embed_audio.embedding_projection.weight,language model,,BF16,"(2560, 1536)",3932160
model.embed_vision.embedding_projection.weight,model.embed_vision.embedding_projection.weight,language model,,BF16,"(2560, 768)",1966080
model.language_model.embed_tokens.weight,model.language_model.embed_tokens.weight,language model,,BF16,"(262144, 2560)",671088640
model.language_model.embed_tokens_per_layer.weight,model.language_model.embed_tokens_per_layer.weight,language model,,BF16,"(262144, 10752)",2818572288
model.language_model.layers.0.input_layernorm.weight,model.language_model.layers.N.input_layernorm.weight,language model,0.0,BF16,"(2560,)",2560
model.language_model.layers.0.layer_scalar,model.language_model.layers.N.layer_scalar,language model,0.0,BF16,"(1,)",1
model.language_model.layers.0.mlp.down_proj.weight,model.language_model.layers.N.mlp.down_proj.weight,language model,0.0,BF16,"(2560, 10240)",26214400
model.language_model.layers.0.mlp.gate_proj.weight,model.language_model.layers.N.mlp.gate_proj.weight,language model,0.0,BF16,"(10240, 2560)",26214400
model.language_model.layers.0.mlp.up_proj.weight,model.language_model.layers.N.mlp.up_proj.weight,language model,0.0,BF16,"(10240, 2560)",26214400
model.language_model.layers.0.per_layer_input_gate.weight,model.language_model.layers.N.per_layer_input_gate.weight,language model,0.0,BF16,"(256, 2560)",655360
model.language_model.layers.0.per_layer_projection.weight,model.language_model.layers.N.per_layer_projection.weight,language model,0.0,BF16,"(2560, 256)",655360
model.language_model.layers.0.post_attention_layernorm.weight,model.language_model.layers.N.post_attention_layernorm.weight,language model,0.0,BF16,"(2560,)",2560
model.language_model.layers.0.post_feedforward_layernorm.weight,model.language_model.layers.N.post_feedforward_layernorm.weight,language model,0.0,BF16,"(2560,)",2560
model.language_model.layers.0.post_per_layer_input_norm.weight,model.language_model.layers.N.post_per_layer_input_norm.weight,language model,0.0,BF16,"(2560,)",2560
model.language_model.layers.0.pre_feedforward_layernorm.weight,model.language_model.layers.N.pre_feedforward_layernorm.weight,language model,0.0,BF16,"(2560,)",2560
model.language_model.layers.0.self_attn.k_norm.weight,model.language_model.layers.N.self_attn.k_norm.weight,language model,0.0,BF16,"(256,)",256
model.language_model.layers.0.self_attn.k_proj.weight,model.language_model.layers.N.self_attn.k_proj.weight,language model,0.0,BF16,"(512, 2560)",1310720
model.language_model.layers.0.self_attn.o_proj.weight,model.language_model.layers.N.self_attn.o_proj.weight,language model,0.0,BF16,"(2560, 2048)",5242880
model.language_model.layers.0.self_attn.q_norm.weight,model.language_model.layers.N.self_attn.q_norm.weight,language model,0.0,BF16,"(256,)",256
model.language_model.layers.0.self_attn.q_proj.weight,model.language_model.layers.N.self_attn.q_proj.weight,language model,0.0,BF16,"(2048, 2560)",5242880
model.language_model.layers.0.self_attn.v_proj.weight,model.language_model.layers.N.self_attn.v_proj.weight,language model,0.0,BF16,"(512, 2560)",1310720
model.language_model.layers.1.input_layernorm.weight,model.language_model.layers.N.input_layernorm.weight,language model,1.0,BF16,"(2560,)",2560
model.language_model.layers.1.layer_scalar,model.language_model.layers.N.layer_scalar,language model,1.0,BF16,"(1,)",1
model.language_model.layers.1.mlp.down_proj.weight,model.language_model.layers.N.mlp.down_proj.weight,language model,1.0,BF16,"(2560, 10240)",26214400
model.language_model.layers.1.mlp.gate_proj.weight,model.language_model.layers.N.mlp.gate_proj.weight,language model,1.0,BF16,"(10240, 2560)",26214400
model.language_model.layers.1.mlp.up_proj.weight,model.language_model.layers.N.mlp.up_proj.weight,language model,1.0,BF16,"(10240, 2560)",26214400
model.language_model.layers.1.per_layer_input_gate.weight,model.language_model.layers.N.per_layer_input_gate.weight,language model,1.0,BF16,"(256, 2560)",655360
model.language_model.layers.1.per_layer_projection.weight,model.language_model.layers.N.per_layer_projection.weight,language model,1.0,BF16,"(2560, 256)",655360
model.language_model.layers.1.post_attention_layernorm.weight,model.language_model.layers.N.post_attention_layernorm.weight,language model,1.0,BF16,"(2560,)",2560
model.language_model.layers.1.post_feedforward_layernorm.weight,model.language_model.layers.N.post_feedforward_layernorm.weight,language model,1.0,BF16,"(2560,)",2560
model.language_model.layers.1.post_per_layer_input_norm.weight,model.language_model.layers.N.post_per_layer_input_norm.weight,language model,1.0,BF16,"(2560,)",2560
model.language_model.layers.1.pre_feedforward_layernorm.weight,model.language_model.layers.N.pre_feedforward_layernorm.weight,language model,1.0,BF16,"(2560,)",2560
model.language_model.layers.1.self_attn.k_norm.weight,model.language_model.layers.N.self_attn.k_norm.weight,language model,1.0,BF16,"(256,)",256
model.language_model.layers.1.self_attn.k_proj.weight,model.language_model.layers.N.self_attn.k_proj.weight,language model,1.0,BF16,"(512, 2560)",1310720
model.language_model.layers.1.self_attn.o_proj.weight,model.language_model.layers.N.self_attn.o_proj.weight,language model,1.0,BF16,"(2560, 2048)",5242880
model.language_model.layers.1.self_attn.q_norm.weight,model.language_model.layers.N.self_attn.q_norm.weight,language model,1.0,BF16,"(256,)",256
model.language_model.layers.1.self_attn.q_proj.weight,model.language_model.layers.N.self_attn.q_proj.weight,language model,1.0,BF16,"(2048, 2560)",5242880
model.language_model.layers.1.self_attn.v_proj.weight,model.language_model.layers.N.self_attn.v_proj.weight,language model,1.0,BF16,"(512, 2560)",1310720
model.language_model.layers.10.input_layernorm.weight,model.language_model.layers.N.input_layernorm.weight,language model,10.0,BF16,"(2560,)",2560
model.language_model.layers.10.layer_scalar,model.language_model.layers.N.layer_scalar,language model,10.0,BF16,"(1,)",1
model.language_model.layers.10.mlp.down_proj.weight,model.language_model.layers.N.mlp.down_proj.weight,language model,10.0,BF16,"(2560, 10240)",26214400
model.language_model.layers.10.mlp.gate_proj.weight,model.language_model.layers.N.mlp.gate_proj.weight,language model,10.0,BF16,"(10240, 2560)",26214400
model.language_model.layers.10.mlp.up_proj.weight,model.language_model.layers.N.mlp.up_proj.weight,language model,10.0,BF16,"(10240, 2560)",26214400
model.language_model.layers.10.per_layer_input_gate.weight,model.language_model.layers.N.per_layer_input_gate.weight,language model,10.0,BF16,"(256, 2560)",655360
model.language_model.layers.10.per_layer_projection.weight,model.language_model.layers.N.per_layer_projection.weight,language model,10.0,BF16,"(2560, 256)",655360
model.language_model.layers.10.post_attention_layernorm.weight,model.language_model.layers.N.post_attention_layernorm.weight,language model,10.0,BF16,"(2560,)",2560
model.language_model.layers.10.post_feedforward_layernorm.weight,model.language_model.layers.N.post_feedforward_layernorm.weight,language model,10.0,BF16,"(2560,)",2560
model.language_model.layers.10.post_per_layer_input_norm.weight,model.language_model.layers.N.post_per_layer_input_norm.weight,language model,10.0,BF16,"(2560,)",2560
model.language_model.layers.10.pre_feedforward_layernorm.weight,model.language_model.layers.N.pre_feedforward_layernorm.weight,language model,10.0,BF16,"(2560,)",2560
model.language_model.layers.10.self_attn.k_norm.weight,model.language_model.layers.N.self_attn.k_norm.weight,language model,10.0,BF16,"(256,)",256
model.language_model.layers.10.self_attn.k_proj.weight,model.language_model.layers.N.self_attn.k_proj.weight,language model,10.0,BF16,"(512, 2560)",1310720
model.language_model.layers.10.self_attn.o_proj.weight,model.language_model.layers.N.self_attn.o_proj.weight,language model,10.0,BF16,"(2560, 2048)",5242880
model.language_model.layers.10.self_attn.q_norm.weight,model.language_model.layers.N.self_attn.q_norm.weight,language model,10.0,BF16,"(256,)",256
model.language_model.layers.10.self_attn.q_proj.weight,model.language_model.layers.N.self_attn.q_proj.weight,language model,10.0,BF16,"(2048, 2560)",5242880
model.language_model.layers.10.self_attn.v_proj.weight,model.language_model.layers.N.self_attn.v_proj.weight,language model,10.0,BF16,"(512, 2560)",1310720
model.language_model.layers.11.input_layernorm.weight,model.language_model.layers.N.input_layernorm.weight,language model,11.0,BF16,"(2560,)",2560
model.language_model.layers.11.layer_scalar,model.language_model.layers.N.layer_scalar,language model,11.0,BF16,"(1,)",1
model.language_model.layers.11.mlp.down_proj.weight,model.language_model.layers.N.mlp.down_proj.weight,language model,11.0,BF16,"(2560, 10240)",26214400
model.language_model.layers.11.mlp.gate_proj.weight,model.language_model.layers.N.mlp.gate_proj.weight,language model,11.0,BF16,"(10240, 2560)",26214400
model.language_model.layers.11.mlp.up_proj.weight,model.language_model.layers.N.mlp.up_proj.weight,language model,11.0,BF16,"(10240, 2560)",26214400
model.language_model.layers.11.per_layer_input_gate.weight,model.language_model.layers.N.per_layer_input_gate.weight,language model,11.0,BF16,"(256, 2560)",655360
model.language_model.layers.11.per_layer_projection.weight,model.language_model.layers.N.per_layer_projection.weight,language model,11.0,BF16,"(2560, 256)",655360
model.language_model.layers.11.post_attention_layernorm.weight,model.language_model.layers.N.post_attention_layernorm.weight,language model,11.0,BF16,"(2560,)",2560
model.language_model.layers.11.post_feedforward_layernorm.weight,model.language_model.layers.N.post_feedforward_layernorm.weight,language model,11.0,BF16,"(2560,)",2560
model.language_model.layers.11.post_per_layer_input_norm.weight,model.language_model.layers.N.post_per_layer_input_norm.weight,language model,11.0,BF16,"(2560,)",2560
model.language_model.layers.11.pre_feedforward_layernorm.weight,model.language_model.layers.N.pre_feedforward_layernorm.weight,language model,11.0,BF16,"(2560,)",2560
model.language_model.layers.11.self_attn.k_norm.weight,model.language_model.layers.N.self_attn.k_norm.weight,language model,11.0,BF16,"(512,)",512
model.language_model.layers.11.self_attn.k_proj.weight,model.language_model.layers.N.self_attn.k_proj.weight,language model,11.0,BF16,"(1024, 2560)",2621440
model.language_model.layers.11.self_attn.o_proj.weight,model.language_model.layers.N.self_attn.o_proj.weight,language model,11.0,BF16,"(2560, 4096)",10485760
model.language_model.layers.11.self_attn.q_norm.weight,model.language_model.layers.N.self_attn.q_norm.weight,language model,11.0,BF16,"(512,)",512
model.language_model.layers.11.self_attn.q_proj.weight,model.language_model.layers.N.self_attn.q_proj.weight,language model,11.0,BF16,"(4096, 2560)",10485760
model.language_model.layers.11.self_attn.v_proj.weight,model.language_model.layers.N.self_attn.v_proj.weight,language model,11.0,BF16,"(1024, 2560)",2621440
model.language_model.layers.12.input_layernorm.weight,model.language_model.layers.N.input_layernorm.weight,language model,12.0,BF16,"(2560,)",2560
model.language_model.layers.12.layer_scalar,model.language_model.layers.N.layer_scalar,language model,12.0,BF16,"(1,)",1
model.language_model.layers.12.mlp.down_proj.weight,model.language_model.layers.N.mlp.down_proj.weight,language model,12.0,BF16,"(2560, 10240)",26214400
model.language_model.layers.12.mlp.gate_proj.weight,model.language_model.layers.N.mlp.gate_proj.weight,language model,12.0,BF16,"(10240, 2560)",26214400
model.language_model.layers.12.mlp.up_proj.weight,model.language_model.layers.N.mlp.up_proj.weight,language model,12.0,BF16,"(10240, 2560)",26214400
model.language_model.layers.12.per_layer_input_gate.weight,model.language_model.layers.N.per_layer_input_gate.weight,language model,12.0,BF16,"(256, 2560)",655360
model.language_model.layers.12.per_layer_projection.weight,model.language_model.layers.N.per_layer_projection.weight,language model,12.0,BF16,"(2560, 256)",655360
model.language_model.layers.12.post_attention_layernorm.weight,model.language_model.layers.N.post_attention_layernorm.weight,language model,12.0,BF16,"(2560,)",2560
model.language_model.layers.12.post_feedforward_layernorm.weight,model.language_model.layers.N.post_feedforward_layernorm.weight,language model,12.0,BF16,"(2560,)",2560
model.language_model.layers.12.post_per_layer_input_norm.weight,model.language_model.layers.N.post_per_layer_input_norm.weight,language model,12.0,BF16,"(2560,)",2560
model.language_model.layers.12.pre_feedforward_layernorm.weight,model.language_model.layers.N.pre_feedforward_layernorm.weight,language model,12.0,BF16,"(2560,)",2560
model.language_model.layers.12.self_attn.k_norm.weight,model.language_model.layers.N.self_attn.k_norm.weight,language model,12.0,BF16,"(256,)",256
model.language_model.layers.12.self_attn.k_proj.weight,model.language_model.layers.N.self_attn.k_proj.weight,language model,12.0,BF16,"(512, 2560)",1310720
model.language_model.layers.12.self_attn.o_proj.weight,model.language_model.layers.N.self_attn.o_proj.weight,language model,12.0,BF16,"(2560, 2048)",5242880
model.language_model.layers.12.self_attn.q_norm.weight,model.language_model.layers.N.self_attn.q_norm.weight,language model,12.0,BF16,"(256,)",256
model.language_model.layers.12.self_attn.q_proj.weight,model.language_model.layers.N.self_attn.q_proj.weight,language model,12.0,BF16,"(2048, 2560)",5242880
model.language_model.layers.12.self_attn.v_proj.weight,model.language_model.layers.N.self_attn.v_proj.weight,language model,12.0,BF16,"(512, 2560)",1310720
model.language_model.layers.13.input_layernorm.weight,model.language_model.layers.N.input_layernorm.weight,language model,13.0,BF16,"(2560,)",2560
model.language_model.layers.13.layer_scalar,model.language_model.layers.N.layer_scalar,language model,13.0,BF16,"(1,)",1
model.language_model.layers.13.mlp.down_proj.weight,model.language_model.layers.N.mlp.down_proj.weight,language model,13.0,BF16,"(2560, 10240)",26214400
model.language_model.layers.13.mlp.gate_proj.weight,model.language_model.layers.N.mlp.gate_proj.weight,language model,13.0,BF16,"(10240, 2560)",26214400
model.language_model.layers.13.mlp.up_proj.weight,model.language_model.layers.N.mlp.up_proj.weight,language model,13.0,BF16,"(10240, 2560)",26214400
model.language_model.layers.13.per_layer_input_gate.weight,model.language_model.layers.N.per_layer_input_gate.weight,language model,13.0,BF16,"(256, 2560)",655360
model.language_model.layers.13.per_layer_projection.weight,model.language_model.layers.N.per_layer_projection.weight,language model,13.0,BF16,"(2560, 256)",655360
model.language_model.layers.13.post_attention_layernorm.weight,model.language_model.layers.N.post_attention_layernorm.weight,language model,13.0,BF16,"(2560,)",2560
model.language_model.layers.13.post_feedforward_layernorm.weight,model.language_model.layers.N.post_feedforward_layernorm.weight,language model,13.0,BF16,"(2560,)",2560
model.language_model.layers.13.post_per_layer_input_norm.weight,model.language_model.layers.N.post_per_layer_input_norm.weight,language model,13.0,BF16,"(2560,)",2560
model.language_model.layers.13.pre_feedforward_layernorm.weight,model.language_model.layers.N.pre_feedforward_layernorm.weight,language model,13.0,BF16,"(2560,)",2560
model.language_model.layers.13.self_attn.k_norm.weight,model.language_model.layers.N.self_attn.k_norm.weight,language model,13.0,BF16,"(256,)",256
model.language_model.layers.13.self_attn.k_proj.weight,model.language_model.layers.N.self_attn.k_proj.weight,language model,13.0,BF16,"(512, 2560)",1310720
model.language_model.layers.13.self_attn.o_proj.weight,model.language_model.layers.N.self_attn.o_proj.weight,language model,13.0,BF16,"(2560, 2048)",5242880
model.language_model.layers.13.self_attn.q_norm.weight,model.language_model.layers.N.self_attn.q_norm.weight,language model,13.0,BF16,"(256,)",256
model.language_model.layers.13.self_attn.q_proj.weight,model.language_model.layers.N.self_attn.q_proj.weight,language model,13.0,BF16,"(2048, 2560)",5242880
model.language_model.layers.13.self_attn.v_proj.weight,model.language_model.layers.N.self_attn.v_proj.weight,language model,13.0,BF16,"(512, 2560)",1310720
model.language_model.layers.14.input_layernorm.weight,model.language_model.layers.N.input_layernorm.weight,language model,14.0,BF16,"(2560,)",2560
model.language_model.layers.14.layer_scalar,model.language_model.layers.N.layer_scalar,language model,14.0,BF16,"(1,)",1
model.language_model.layers.14.mlp.down_proj.weight,model.language_model.layers.N.mlp.down_proj.weight,language model,14.0,BF16,"(2560, 10240)",26214400
model.language_model.layers.14.mlp.gate_proj.weight,model.language_model.layers.N.mlp.gate_proj.weight,language model,14.0,BF16,"(10240, 2560)",26214400
model.language_model.layers.14.mlp.up_proj.weight,model.language_model.layers.N.mlp.up_proj.weight,language model,14.0,BF16,"(10240, 2560)",26214400
model.language_model.layers.14.per_layer_input_gate.weight,model.language_model.layers.N.per_layer_input_gate.weight,language model,14.0,BF16,"(256, 2560)",655360
model.language_model.layers.14.per_layer_projection.weight,model.language_model.layers.N.per_layer_projection.weight,language model,14.0,BF16,"(2560, 256)",655360
model.language_model.layers.14.post_attention_layernorm.weight,model.language_model.layers.N.post_attention_layernorm.weight,language model,14.0,BF16,"(2560,)",2560
model.language_model.layers.14.post_feedforward_layernorm.weight,model.language_model.layers.N.post_feedforward_layernorm.weight,language model,14.0,BF16,"(2560,)",2560
model.language_model.layers.14.post_per_layer_input_norm.weight,model.language_model.layers.N.post_per_layer_input_norm.weight,language model,14.0,BF16,"(2560,)",2560
model.language_model.layers.14.pre_feedforward_layernorm.weight,model.language_model.layers.N.pre_feedforward_layernorm.weight,language model,14.0,BF16,"(2560,)",2560
model.language_model.layers.14.self_attn.k_norm.weight,model.language_model.layers.N.self_attn.k_norm.weight,language model,14.0,BF16,"(256,)",256
model.language_model.layers.14.self_attn.k_proj.weight,model.language_model.layers.N.self_attn.k_proj.weight,language model,14.0,BF16,"(512, 2560)",1310720
model.language_model.layers.14.self_attn.o_proj.weight,model.language_model.layers.N.self_attn.o_proj.weight,language model,14.0,BF16,"(2560, 2048)",5242880
model.language_model.layers.14.self_attn.q_norm.weight,model.language_model.layers.N.self_attn.q_norm.weight,language model,14.0,BF16,"(256,)",256
model.language_model.layers.14.self_attn.q_proj.weight,model.language_model.layers.N.self_attn.q_proj.weight,language model,14.0,BF16,"(2048, 2560)",5242880
model.language_model.layers.14.self_attn.v_proj.weight,model.language_model.layers.N.self_attn.v_proj.weight,language model,14.0,BF16,"(512, 2560)",1310720
model.language_model.layers.15.input_layernorm.weight,model.language_model.layers.N.input_layernorm.weight,language model,15.0,BF16,"(2560,)",2560
model.language_model.layers.15.layer_scalar,model.language_model.layers.N.layer_scalar,language model,15.0,BF16,"(1,)",1
model.language_model.layers.15.mlp.down_proj.weight,model.language_model.layers.N.mlp.down_proj.weight,language model,15.0,BF16,"(2560, 10240)",26214400
model.language_model.layers.15.mlp.gate_proj.weight,model.language_model.layers.N.mlp.gate_proj.weight,language model,15.0,BF16,"(10240, 2560)",26214400
model.language_model.layers.15.mlp.up_proj.weight,model.language_model.layers.N.mlp.up_proj.weight,language model,15.0,BF16,"(10240, 2560)",26214400
model.language_model.layers.15.per_layer_input_gate.weight,model.language_model.layers.N.per_layer_input_gate.weight,language model,15.0,BF16,"(256, 2560)",655360
model.language_model.layers.15.per_layer_projection.weight,model.language_model.layers.N.per_layer_projection.weight,language model,15.0,BF16,"(2560, 256)",655360
model.language_model.layers.15.post_attention_layernorm.weight,model.language_model.layers.N.post_attention_layernorm.weight,language model,15.0,BF16,"(2560,)",2560
model.language_model.layers.15.post_feedforward_layernorm.weight,model.language_model.layers.N.post_feedforward_layernorm.weight,language model,15.0,BF16,"(2560,)",2560
model.language_model.layers.15.post_per_layer_input_norm.weight,model.language_model.layers.N.post_per_layer_input_norm.weight,language model,15.0,BF16,"(2560,)",2560
model.language_model.layers.15.pre_feedforward_layernorm.weight,model.language_model.layers.N.pre_feedforward_layernorm.weight,language model,15.0,BF16,"(2560,)",2560
model.language_model.layers.15.self_attn.k_norm.weight,model.language_model.layers.N.self_attn.k_norm.weight,language model,15.0,BF16,"(256,)",256
model.language_model.layers.15.self_attn.k_proj.weight,model.language_model.layers.N.self_attn.k_proj.weight,language model,15.0,BF16,"(512, 2560)",1310720
model.language_model.layers.15.self_attn.o_proj.weight,model.language_model.layers.N.self_attn.o_proj.weight,language model,15.0,BF16,"(2560, 2048)",5242880
model.language_model.layers.15.self_attn.q_norm.weight,model.language_model.layers.N.self_attn.q_norm.weight,language model,15.0,BF16,"(256,)",256
model.language_model.layers.15.self_attn.q_proj.weight,model.language_model.layers.N.self_attn.q_proj.weight,language model,15.0,BF16,"(2048, 2560)",5242880
model.language_model.layers.15.self_attn.v_proj.weight,model.language_model.layers.N.self_attn.v_proj.weight,language model,15.0,BF16,"(512, 2560)",1310720
model.language_model.layers.16.input_layernorm.weight,model.language_model.layers.N.input_layernorm.weight,language model,16.0,BF16,"(2560,)",2560
model.language_model.layers.16.layer_scalar,model.language_model.layers.N.layer_scalar,language model,16.0,BF16,"(1,)",1
model.language_model.layers.16.mlp.down_proj.weight,model.language_model.layers.N.mlp.down_proj.weight,language model,16.0,BF16,"(2560, 10240)",26214400
model.language_model.layers.16.mlp.gate_proj.weight,model.language_model.layers.N.mlp.gate_proj.weight,language model,16.0,BF16,"(10240, 2560)",26214400
model.language_model.layers.16.mlp.up_proj.weight,model.language_model.layers.N.mlp.up_proj.weight,language model,16.0,BF16,"(10240, 2560)",26214400
model.language_model.layers.16.per_layer_input_gate.weight,model.language_model.layers.N.per_layer_input_gate.weight,language model,16.0,BF16,"(256, 2560)",655360
model.language_model.layers.16.per_layer_projection.weight,model.language_model.layers.N.per_layer_projection.weight,language model,16.0,BF16,"(2560, 256)",655360
model.language_model.layers.16.post_attention_layernorm.weight,model.language_model.layers.N.post_attention_layernorm.weight,language model,16.0,BF16,"(2560,)",2560
model.language_model.layers.16.post_feedforward_layernorm.weight,model.language_model.layers.N.post_feedforward_layernorm.weight,language model,16.0,BF16,"(2560,)",2560
model.language_model.layers.16.post_per_layer_input_norm.weight,model.language_model.layers.N.post_per_layer_input_norm.weight,language model,16.0,BF16,"(2560,)",2560
model.language_model.layers.16.pre_feedforward_layernorm.weight,model.language_model.layers.N.pre_feedforward_layernorm.weight,language model,16.0,BF16,"(2560,)",2560
model.language_model.layers.16.self_attn.k_norm.weight,model.language_model.layers.N.self_attn.k_norm.weight,language model,16.0,BF16,"(256,)",256
model.language_model.layers.16.self_attn.k_proj.weight,model.language_model.layers.N.self_attn.k_proj.weight,language model,16.0,BF16,"(512, 2560)",1310720
model.language_model.layers.16.self_attn.o_proj.weight,model.language_model.layers.N.self_attn.o_proj.weight,language model,16.0,BF16,"(2560, 2048)",5242880
model.language_model.layers.16.self_attn.q_norm.weight,model.language_model.layers.N.self_attn.q_norm.weight,language model,16.0,BF16,"(256,)",256
model.language_model.layers.16.self_attn.q_proj.weight,model.language_model.layers.N.self_attn.q_proj.weight,language model,16.0,BF16,"(2048, 2560)",5242880
model.language_model.layers.16.self_attn.v_proj.weight,model.language_model.layers.N.self_attn.v_proj.weight,language model,16.0,BF16,"(512, 2560)",1310720
model.language_model.layers.17.input_layernorm.weight,model.language_model.layers.N.input_layernorm.weight,language model,17.0,BF16,"(2560,)",2560
model.language_model.layers.17.layer_scalar,model.language_model.layers.N.layer_scalar,language model,17.0,BF16,"(1,)",1
model.language_model.layers.17.mlp.down_proj.weight,model.language_model.layers.N.mlp.down_proj.weight,language model,17.0,BF16,"(2560, 10240)",26214400
model.language_model.layers.17.mlp.gate_proj.weight,model.language_model.layers.N.mlp.gate_proj.weight,language model,17.0,BF16,"(10240, 2560)",26214400
model.language_model.layers.17.mlp.up_proj.weight,model.language_model.layers.N.mlp.up_proj.weight,language model,17.0,BF16,"(10240, 2560)",26214400
model.language_model.layers.17.per_layer_input_gate.weight,model.language_model.layers.N.per_layer_input_gate.weight,language model,17.0,BF16,"(256, 2560)",655360
model.language_model.layers.17.per_layer_projection.weight,model.language_model.layers.N.per_layer_projection.weight,language model,17.0,BF16,"(2560, 256)",655360
model.language_model.layers.17.post_attention_layernorm.weight,model.language_model.layers.N.post_attention_layernorm.weight,language model,17.0,BF16,"(2560,)",2560
model.language_model.layers.17.post_feedforward_layernorm.weight,model.language_model.layers.N.post_feedforward_layernorm.weight,language model,17.0,BF16,"(2560,)",2560
model.language_model.layers.17.post_per_layer_input_norm.weight,model.language_model.layers.N.post_per_layer_input_norm.weight,language model,17.0,BF16,"(2560,)",2560
model.language_model.layers.17.pre_feedforward_layernorm.weight,model.language_model.layers.N.pre_feedforward_layernorm.weight,language model,17.0,BF16,"(2560,)",2560
model.language_model.layers.17.self_attn.k_norm.weight,model.language_model.layers.N.self_attn.k_norm.weight,language model,17.0,BF16,"(512,)",512
model.language_model.layers.17.self_attn.k_proj.weight,model.language_model.layers.N.self_attn.k_proj.weight,language model,17.0,BF16,"(1024, 2560)",2621440
model.language_model.layers.17.self_attn.o_proj.weight,model.language_model.layers.N.self_attn.o_proj.weight,language model,17.0,BF16,"(2560, 4096)",10485760
model.language_model.layers.17.self_attn.q_norm.weight,model.language_model.layers.N.self_attn.q_norm.weight,language model,17.0,BF16,"(512,)",512
model.language_model.layers.17.self_attn.q_proj.weight,model.language_model.layers.N.self_attn.q_proj.weight,language model,17.0,BF16,"(4096, 2560)",10485760
model.language_model.layers.17.self_attn.v_proj.weight,model.language_model.layers.N.self_attn.v_proj.weight,language model,17.0,BF16,"(1024, 2560)",2621440
model.language_model.layers.18.input_layernorm.weight,model.language_model.layers.N.input_layernorm.weight,language model,18.0,BF16,"(2560,)",2560
model.language_model.layers.18.layer_scalar,model.language_model.layers.N.layer_scalar,language model,18.0,BF16,"(1,)",1
model.language_model.layers.18.mlp.down_proj.weight,model.language_model.layers.N.mlp.down_proj.weight,language model,18.0,BF16,"(2560, 10240)",26214400
model.language_model.layers.18.mlp.gate_proj.weight,model.language_model.layers.N.mlp.gate_proj.weight,language model,18.0,BF16,"(10240, 2560)",26214400
model.language_model.layers.18.mlp.up_proj.weight,model.language_model.layers.N.mlp.up_proj.weight,language model,18.0,BF16,"(10240, 2560)",26214400
model.language_model.layers.18.per_layer_input_gate.weight,model.language_model.layers.N.per_layer_input_gate.weight,language model,18.0,BF16,"(256, 2560)",655360
model.language_model.layers.18.per_layer_projection.weight,model.language_model.layers.N.per_layer_projection.weight,language model,18.0,BF16,"(2560, 256)",655360
model.language_model.layers.18.post_attention_layernorm.weight,model.language_model.layers.N.post_attention_layernorm.weight,language model,18.0,BF16,"(2560,)",2560
model.language_model.layers.18.post_feedforward_layernorm.weight,model.language_model.layers.N.post_feedforward_layernorm.weight,language model,18.0,BF16,"(2560,)",2560
model.language_model.layers.18.post_per_layer_input_norm.weight,model.language_model.layers.N.post_per_layer_input_norm.weight,language model,18.0,BF16,"(2560,)",2560
model.language_model.layers.18.pre_feedforward_layernorm.weight,model.language_model.layers.N.pre_feedforward_layernorm.weight,language model,18.0,BF16,"(2560,)",2560
model.language_model.layers.18.self_attn.k_norm.weight,model.language_model.layers.N.self_attn.k_norm.weight,language model,18.0,BF16,"(256,)",256
model.language_model.layers.18.self_attn.k_proj.weight,model.language_model.layers.N.self_attn.k_proj.weight,language model,18.0,BF16,"(512, 2560)",1310720
model.language_model.layers.18.self_attn.o_proj.weight,model.language_model.layers.N.self_attn.o_proj.weight,language model,18.0,BF16,"(2560, 2048)",5242880
model.language_model.layers.18.self_attn.q_norm.weight,model.language_model.layers.N.self_attn.q_norm.weight,language model,18.0,BF16,"(256,)",256
model.language_model.layers.18.self_attn.q_proj.weight,model.language_model.layers.N.self_attn.q_proj.weight,language model,18.0,BF16,"(2048, 2560)",5242880
model.language_model.layers.18.self_attn.v_proj.weight,model.language_model.layers.N.self_attn.v_proj.weight,language model,18.0,BF16,"(512, 2560)",1310720
model.language_model.layers.19.input_layernorm.weight,model.language_model.layers.N.input_layernorm.weight,language model,19.0,BF16,"(2560,)",2560
model.language_model.layers.19.layer_scalar,model.language_model.layers.N.layer_scalar,language model,19.0,BF16,"(1,)",1
model.language_model.layers.19.mlp.down_proj.weight,model.language_model.layers.N.mlp.down_proj.weight,language model,19.0,BF16,"(2560, 10240)",26214400
model.language_model.layers.19.mlp.gate_proj.weight,model.language_model.layers.N.mlp.gate_proj.weight,language model,19.0,BF16,"(10240, 2560)",26214400
model.language_model.layers.19.mlp.up_proj.weight,model.language_model.layers.N.mlp.up_proj.weight,language model,19.0,BF16,"(10240, 2560)",26214400
model.language_model.layers.19.per_layer_input_gate.weight,model.language_model.layers.N.per_layer_input_gate.weight,language model,19.0,BF16,"(256, 2560)",655360
model.language_model.layers.19.per_layer_projection.weight,model.language_model.layers.N.per_layer_projection.weight,language model,19.0,BF16,"(2560, 256)",655360
model.language_model.layers.19.post_attention_layernorm.weight,model.language_model.layers.N.post_attention_layernorm.weight,language model,19.0,BF16,"(2560,)",2560
model.language_model.layers.19.post_feedforward_layernorm.weight,model.language_model.layers.N.post_feedforward_layernorm.weight,language model,19.0,BF16,"(2560,)",2560
model.language_model.layers.19.post_per_layer_input_norm.weight,model.language_model.layers.N.post_per_layer_input_norm.weight,language model,19.0,BF16,"(2560,)",2560
model.language_model.layers.19.pre_feedforward_layernorm.weight,model.language_model.layers.N.pre_feedforward_layernorm.weight,language model,19.0,BF16,"(2560,)",2560
model.language_model.layers.19.self_attn.k_norm.weight,model.language_model.layers.N.self_attn.k_norm.weight,language model,19.0,BF16,"(256,)",256
model.language_model.layers.19.self_attn.k_proj.weight,model.language_model.layers.N.self_attn.k_proj.weight,language model,19.0,BF16,"(512, 2560)",1310720
model.language_model.layers.19.self_attn.o_proj.weight,model.language_model.layers.N.self_attn.o_proj.weight,language model,19.0,BF16,"(2560, 2048)",5242880
model.language_model.layers.19.self_attn.q_norm.weight,model.language_model.layers.N.self_attn.q_norm.weight,language model,19.0,BF16,"(256,)",256
model.language_model.layers.19.self_attn.q_proj.weight,model.language_model.layers.N.self_attn.q_proj.weight,language model,19.0,BF16,"(2048, 2560)",5242880
model.language_model.layers.19.self_attn.v_proj.weight,model.language_model.layers.N.self_attn.v_proj.weight,language model,19.0,BF16,"(512, 2560)",1310720
model.language_model.layers.2.input_layernorm.weight,model.language_model.layers.N.input_layernorm.weight,language model,2.0,BF16,"(2560,)",2560
model.language_model.layers.2.layer_scalar,model.language_model.layers.N.layer_scalar,language model,2.0,BF16,"(1,)",1
model.language_model.layers.2.mlp.down_proj.weight,model.language_model.layers.N.mlp.down_proj.weight,language model,2.0,BF16,"(2560, 10240)",26214400
model.language_model.layers.2.mlp.gate_proj.weight,model.language_model.layers.N.mlp.gate_proj.weight,language model,2.0,BF16,"(10240, 2560)",26214400
model.language_model.layers.2.mlp.up_proj.weight,model.language_model.layers.N.mlp.up_proj.weight,language model,2.0,BF16,"(10240, 2560)",26214400
model.language_model.layers.2.per_layer_input_gate.weight,model.language_model.layers.N.per_layer_input_gate.weight,language model,2.0,BF16,"(256, 2560)",655360
model.language_model.layers.2.per_layer_projection.weight,model.language_model.layers.N.per_layer_projection.weight,language model,2.0,BF16,"(2560, 256)",655360
model.language_model.layers.2.post_attention_layernorm.weight,model.language_model.layers.N.post_attention_layernorm.weight,language model,2.0,BF16,"(2560,)",2560
model.language_model.layers.2.post_feedforward_layernorm.weight,model.language_model.layers.N.post_feedforward_layernorm.weight,language model,2.0,BF16,"(2560,)",2560
model.language_model.layers.2.post_per_layer_input_norm.weight,model.language_model.layers.N.post_per_layer_input_norm.weight,language model,2.0,BF16,"(2560,)",2560
model.language_model.layers.2.pre_feedforward_layernorm.weight,model.language_model.layers.N.pre_feedforward_layernorm.weight,language model,2.0,BF16,"(2560,)",2560
model.language_model.layers.2.self_attn.k_norm.weight,model.language_model.layers.N.self_attn.k_norm.weight,language model,2.0,BF16,"(256,)",256
model.language_model.layers.2.self_attn.k_proj.weight,model.language_model.layers.N.self_attn.k_proj.weight,language model,2.0,BF16,"(512, 2560)",1310720
model.language_model.layers.2.self_attn.o_proj.weight,model.language_model.layers.N.self_attn.o_proj.weight,language model,2.0,BF16,"(2560, 2048)",5242880
model.language_model.layers.2.self_attn.q_norm.weight,model.language_model.layers.N.self_attn.q_norm.weight,language model,2.0,BF16,"(256,)",256
model.language_model.layers.2.self_attn.q_proj.weight,model.language_model.layers.N.self_attn.q_proj.weight,language model,2.0,BF16,"(2048, 2560)",5242880
model.language_model.layers.2.self_attn.v_proj.weight,model.language_model.layers.N.self_attn.v_proj.weight,language model,2.0,BF16,"(512, 2560)",1310720
model.language_model.layers.20.input_layernorm.weight,model.language_model.layers.N.input_layernorm.weight,language model,20.0,BF16,"(2560,)",2560
model.language_model.layers.20.layer_scalar,model.language_model.layers.N.layer_scalar,language model,20.0,BF16,"(1,)",1
model.language_model.layers.20.mlp.down_proj.weight,model.language_model.layers.N.mlp.down_proj.weight,language model,20.0,BF16,"(2560, 10240)",26214400
model.language_model.layers.20.mlp.gate_proj.weight,model.language_model.layers.N.mlp.gate_proj.weight,language model,20.0,BF16,"(10240, 2560)",26214400
model.language_model.layers.20.mlp.up_proj.weight,model.language_model.layers.N.mlp.up_proj.weight,language model,20.0,BF16,"(10240, 2560)",26214400
model.language_model.layers.20.per_layer_input_gate.weight,model.language_model.layers.N.per_layer_input_gate.weight,language model,20.0,BF16,"(256, 2560)",655360
model.language_model.layers.20.per_layer_projection.weight,model.language_model.layers.N.per_layer_projection.weight,language model,20.0,BF16,"(2560, 256)",655360
model.language_model.layers.20.post_attention_layernorm.weight,model.language_model.layers.N.post_attention_layernorm.weight,language model,20.0,BF16,"(2560,)",2560
model.language_model.layers.20.post_feedforward_layernorm.weight,model.language_model.layers.N.post_feedforward_layernorm.weight,language model,20.0,BF16,"(2560,)",2560
model.language_model.layers.20.post_per_layer_input_norm.weight,model.language_model.layers.N.post_per_layer_input_norm.weight,language model,20.0,BF16,"(2560,)",2560
model.language_model.layers.20.pre_feedforward_layernorm.weight,model.language_model.layers.N.pre_feedforward_layernorm.weight,language model,20.0,BF16,"(2560,)",2560
model.language_model.layers.20.self_attn.k_norm.weight,model.language_model.layers.N.self_attn.k_norm.weight,language model,20.0,BF16,"(256,)",256
model.language_model.layers.20.self_attn.k_proj.weight,model.language_model.layers.N.self_attn.k_proj.weight,language model,20.0,BF16,"(512, 2560)",1310720
model.language_model.layers.20.self_attn.o_proj.weight,model.language_model.layers.N.self_attn.o_proj.weight,language model,20.0,BF16,"(2560, 2048)",5242880
model.language_model.layers.20.self_attn.q_norm.weight,model.language_model.layers.N.self_attn.q_norm.weight,language model,20.0,BF16,"(256,)",256
model.language_model.layers.20.self_attn.q_proj.weight,model.language_model.layers.N.self_attn.q_proj.weight,language model,20.0,BF16,"(2048, 2560)",5242880
model.language_model.layers.20.self_attn.v_proj.weight,model.language_model.layers.N.self_attn.v_proj.weight,language model,20.0,BF16,"(512, 2560)",1310720
model.language_model.layers.21.input_layernorm.weight,model.language_model.layers.N.input_layernorm.weight,language model,21.0,BF16,"(2560,)",2560
model.language_model.layers.21.layer_scalar,model.language_model.layers.N.layer_scalar,language model,21.0,BF16,"(1,)",1
model.language_model.layers.21.mlp.down_proj.weight,model.language_model.layers.N.mlp.down_proj.weight,language model,21.0,BF16,"(2560, 10240)",26214400
model.language_model.layers.21.mlp.gate_proj.weight,model.language_model.layers.N.mlp.gate_proj.weight,language model,21.0,BF16,"(10240, 2560)",26214400
model.language_model.layers.21.mlp.up_proj.weight,model.language_model.layers.N.mlp.up_proj.weight,language model,21.0,BF16,"(10240, 2560)",26214400
model.language_model.layers.21.per_layer_input_gate.weight,model.language_model.layers.N.per_layer_input_gate.weight,language model,21.0,BF16,"(256, 2560)",655360
model.language_model.layers.21.per_layer_projection.weight,model.language_model.layers.N.per_layer_projection.weight,language model,21.0,BF16,"(2560, 256)",655360
model.language_model.layers.21.post_attention_layernorm.weight,model.language_model.layers.N.post_attention_layernorm.weight,language model,21.0,BF16,"(2560,)",2560
model.language_model.layers.21.post_feedforward_layernorm.weight,model.language_model.layers.N.post_feedforward_layernorm.weight,language model,21.0,BF16,"(2560,)",2560
model.language_model.layers.21.post_per_layer_input_norm.weight,model.language_model.layers.N.post_per_layer_input_norm.weight,language model,21.0,BF16,"(2560,)",2560
model.language_model.layers.21.pre_feedforward_layernorm.weight,model.language_model.layers.N.pre_feedforward_layernorm.weight,language model,21.0,BF16,"(2560,)",2560
model.language_model.layers.21.self_attn.k_norm.weight,model.language_model.layers.N.self_attn.k_norm.weight,language model,21.0,BF16,"(256,)",256
model.language_model.layers.21.self_attn.k_proj.weight,model.language_model.layers.N.self_attn.k_proj.weight,language model,21.0,BF16,"(512, 2560)",1310720
model.language_model.layers.21.self_attn.o_proj.weight,model.language_model.layers.N.self_attn.o_proj.weight,language model,21.0,BF16,"(2560, 2048)",5242880
model.language_model.layers.21.self_attn.q_norm.weight,model.language_model.layers.N.self_attn.q_norm.weight,language model,21.0,BF16,"(256,)",256
model.language_model.layers.21.self_attn.q_proj.weight,model.language_model.layers.N.self_attn.q_proj.weight,language model,21.0,BF16,"(2048, 2560)",5242880
model.language_model.layers.21.self_attn.v_proj.weight,model.language_model.layers.N.self_attn.v_proj.weight,language model,21.0,BF16,"(512, 2560)",1310720
model.language_model.layers.22.input_layernorm.weight,model.language_model.layers.N.input_layernorm.weight,language model,22.0,BF16,"(2560,)",2560
model.language_model.layers.22.layer_scalar,model.language_model.layers.N.layer_scalar,language model,22.0,BF16,"(1,)",1
model.language_model.layers.22.mlp.down_proj.weight,model.language_model.layers.N.mlp.down_proj.weight,language model,22.0,BF16,"(2560, 10240)",26214400
model.language_model.layers.22.mlp.gate_proj.weight,model.language_model.layers.N.mlp.gate_proj.weight,language model,22.0,BF16,"(10240, 2560)",26214400
model.language_model.layers.22.mlp.up_proj.weight,model.language_model.layers.N.mlp.up_proj.weight,language model,22.0,BF16,"(10240, 2560)",26214400
model.language_model.layers.22.per_layer_input_gate.weight,model.language_model.layers.N.per_layer_input_gate.weight,language model,22.0,BF16,"(256, 2560)",655360
model.language_model.layers.22.per_layer_projection.weight,model.language_model.layers.N.per_layer_projection.weight,language model,22.0,BF16,"(2560, 256)",655360
model.language_model.layers.22.post_attention_layernorm.weight,model.language_model.layers.N.post_attention_layernorm.weight,language model,22.0,BF16,"(2560,)",2560
model.language_model.layers.22.post_feedforward_layernorm.weight,model.language_model.layers.N.post_feedforward_layernorm.weight,language model,22.0,BF16,"(2560,)",2560
model.language_model.layers.22.post_per_layer_input_norm.weight,model.language_model.layers.N.post_per_layer_input_norm.weight,language model,22.0,BF16,"(2560,)",2560
model.language_model.layers.22.pre_feedforward_layernorm.weight,model.language_model.layers.N.pre_feedforward_layernorm.weight,language model,22.0,BF16,"(2560,)",2560
model.language_model.layers.22.self_attn.k_norm.weight,model.language_model.layers.N.self_attn.k_norm.weight,language model,22.0,BF16,"(256,)",256
model.language_model.layers.22.self_attn.k_proj.weight,model.language_model.layers.N.self_attn.k_proj.weight,language model,22.0,BF16,"(512, 2560)",1310720
model.language_model.layers.22.self_attn.o_proj.weight,model.language_model.layers.N.self_attn.o_proj.weight,language model,22.0,BF16,"(2560, 2048)",5242880
model.language_model.layers.22.self_attn.q_norm.weight,model.language_model.layers.N.self_attn.q_norm.weight,language model,22.0,BF16,"(256,)",256
model.language_model.layers.22.self_attn.q_proj.weight,model.language_model.layers.N.self_attn.q_proj.weight,language model,22.0,BF16,"(2048, 2560)",5242880
model.language_model.layers.22.self_attn.v_proj.weight,model.language_model.layers.N.self_attn.v_proj.weight,language model,22.0,BF16,"(512, 2560)",1310720
model.language_model.layers.23.input_layernorm.weight,model.language_model.layers.N.input_layernorm.weight,language model,23.0,BF16,"(2560,)",2560
model.language_model.layers.23.layer_scalar,model.language_model.layers.N.layer_scalar,language model,23.0,BF16,"(1,)",1
model.language_model.layers.23.mlp.down_proj.weight,model.language_model.layers.N.mlp.down_proj.weight,language model,23.0,BF16,"(2560, 10240)",26214400
model.language_model.layers.23.mlp.gate_proj.weight,model.language_model.layers.N.mlp.gate_proj.weight,language model,23.0,BF16,"(10240, 2560)",26214400
model.language_model.layers.23.mlp.up_proj.weight,model.language_model.layers.N.mlp.up_proj.weight,language model,23.0,BF16,"(10240, 2560)",26214400
model.language_model.layers.23.per_layer_input_gate.weight,model.language_model.layers.N.per_layer_input_gate.weight,language model,23.0,BF16,"(256, 2560)",655360
model.language_model.layers.23.per_layer_projection.weight,model.language_model.layers.N.per_layer_projection.weight,language model,23.0,BF16,"(2560, 256)",655360
model.language_model.layers.23.post_attention_layernorm.weight,model.language_model.layers.N.post_attention_layernorm.weight,language model,23.0,BF16,"(2560,)",2560
model.language_model.layers.23.post_feedforward_layernorm.weight,model.language_model.layers.N.post_feedforward_layernorm.weight,language model,23.0,BF16,"(2560,)",2560
model.language_model.layers.23.post_per_layer_input_norm.weight,model.language_model.layers.N.post_per_layer_input_norm.weight,language model,23.0,BF16,"(2560,)",2560
model.language_model.layers.23.pre_feedforward_layernorm.weight,model.language_model.layers.N.pre_feedforward_layernorm.weight,language model,23.0,BF16,"(2560,)",2560
model.language_model.layers.23.self_attn.k_norm.weight,model.language_model.layers.N.self_attn.k_norm.weight,language model,23.0,BF16,"(512,)",512
model.language_model.layers.23.self_attn.k_proj.weight,model.language_model.layers.N.self_attn.k_proj.weight,language model,23.0,BF16,"(1024, 2560)",2621440
model.language_model.layers.23.self_attn.o_proj.weight,model.language_model.layers.N.self_attn.o_proj.weight,language model,23.0,BF16,"(2560, 4096)",10485760
model.language_model.layers.23.self_attn.q_norm.weight,model.language_model.layers.N.self_attn.q_norm.weight,language model,23.0,BF16,"(512,)",512
model.language_model.layers.23.self_attn.q_proj.weight,model.language_model.layers.N.self_attn.q_proj.weight,language model,23.0,BF16,"(4096, 2560)",10485760
model.language_model.layers.23.self_attn.v_proj.weight,model.language_model.layers.N.self_attn.v_proj.weight,language model,23.0,BF16,"(1024, 2560)",2621440
model.language_model.layers.24.input_layernorm.weight,model.language_model.layers.N.input_layernorm.weight,language model,24.0,BF16,"(2560,)",2560
model.language_model.layers.24.layer_scalar,model.language_model.layers.N.layer_scalar,language model,24.0,BF16,"(1,)",1
model.language_model.layers.24.mlp.down_proj.weight,model.language_model.layers.N.mlp.down_proj.weight,language model,24.0,BF16,"(2560, 10240)",26214400
model.language_model.layers.24.mlp.gate_proj.weight,model.language_model.layers.N.mlp.gate_proj.weight,language model,24.0,BF16,"(10240, 2560)",26214400
model.language_model.layers.24.mlp.up_proj.weight,model.language_model.layers.N.mlp.up_proj.weight,language model,24.0,BF16,"(10240, 2560)",26214400
model.language_model.layers.24.per_layer_input_gate.weight,model.language_model.layers.N.per_layer_input_gate.weight,language model,24.0,BF16,"(256, 2560)",655360
model.language_model.layers.24.per_layer_projection.weight,model.language_model.layers.N.per_layer_projection.weight,language model,24.0,BF16,"(2560, 256)",655360
model.language_model.layers.24.post_attention_layernorm.weight,model.language_model.layers.N.post_attention_layernorm.weight,language model,24.0,BF16,"(2560,)",2560
model.language_model.layers.24.post_feedforward_layernorm.weight,model.language_model.layers.N.post_feedforward_layernorm.weight,language model,24.0,BF16,"(2560,)",2560
model.language_model.layers.24.post_per_layer_input_norm.weight,model.language_model.layers.N.post_per_layer_input_norm.weight,language model,24.0,BF16,"(2560,)",2560
model.language_model.layers.24.pre_feedforward_layernorm.weight,model.language_model.layers.N.pre_feedforward_layernorm.weight,language model,24.0,BF16,"(2560,)",2560
model.language_model.layers.24.self_attn.k_norm.weight,model.language_model.layers.N.self_attn.k_norm.weight,language model,24.0,BF16,"(256,)",256
model.language_model.layers.24.self_attn.k_proj.weight,model.language_model.layers.N.self_attn.k_proj.weight,language model,24.0,BF16,"(512, 2560)",1310720
model.language_model.layers.24.self_attn.o_proj.weight,model.language_model.layers.N.self_attn.o_proj.weight,language model,24.0,BF16,"(2560, 2048)",5242880
model.language_model.layers.24.self_attn.q_norm.weight,model.language_model.layers.N.self_attn.q_norm.weight,language model,24.0,BF16,"(256,)",256
model.language_model.layers.24.self_attn.q_proj.weight,model.language_model.layers.N.self_attn.q_proj.weight,language model,24.0,BF16,"(2048, 2560)",5242880
model.language_model.layers.24.self_attn.v_proj.weight,model.language_model.layers.N.self_attn.v_proj.weight,language model,24.0,BF16,"(512, 2560)",1310720
model.language_model.layers.25.input_layernorm.weight,model.language_model.layers.N.input_layernorm.weight,language model,25.0,BF16,"(2560,)",2560
model.language_model.layers.25.layer_scalar,model.language_model.layers.N.layer_scalar,language model,25.0,BF16,"(1,)",1
model.language_model.layers.25.mlp.down_proj.weight,model.language_model.layers.N.mlp.down_proj.weight,language model,25.0,BF16,"(2560, 10240)",26214400
model.language_model.layers.25.mlp.gate_proj.weight,model.language_model.layers.N.mlp.gate_proj.weight,language model,25.0,BF16,"(10240, 2560)",26214400
model.language_model.layers.25.mlp.up_proj.weight,model.language_model.layers.N.mlp.up_proj.weight,language model,25.0,BF16,"(10240, 2560)",26214400
model.language_model.layers.25.per_layer_input_gate.weight,model.language_model.layers.N.per_layer_input_gate.weight,language model,25.0,BF16,"(256, 2560)",655360
model.language_model.layers.25.per_layer_projection.weight,model.language_model.layers.N.per_layer_projection.weight,language model,25.0,BF16,"(2560, 256)",655360
model.language_model.layers.25.post_attention_layernorm.weight,model.language_model.layers.N.post_attention_layernorm.weight,language model,25.0,BF16,"(2560,)",2560
model.language_model.layers.25.post_feedforward_layernorm.weight,model.language_model.layers.N.post_feedforward_layernorm.weight,language model,25.0,BF16,"(2560,)",2560
model.language_model.layers.25.post_per_layer_input_norm.weight,model.language_model.layers.N.post_per_layer_input_norm.weight,language model,25.0,BF16,"(2560,)",2560
model.language_model.layers.25.pre_feedforward_layernorm.weight,model.language_model.layers.N.pre_feedforward_layernorm.weight,language model,25.0,BF16,"(2560,)",2560
model.language_model.layers.25.self_attn.k_norm.weight,model.language_model.layers.N.self_attn.k_norm.weight,language model,25.0,BF16,"(256,)",256
model.language_model.layers.25.self_attn.k_proj.weight,model.language_model.layers.N.self_attn.k_proj.weight,language model,25.0,BF16,"(512, 2560)",1310720
model.language_model.layers.25.self_attn.o_proj.weight,model.language_model.layers.N.self_attn.o_proj.weight,language model,25.0,BF16,"(2560, 2048)",5242880
model.language_model.layers.25.self_attn.q_norm.weight,model.language_model.layers.N.self_attn.q_norm.weight,language model,25.0,BF16,"(256,)",256
model.language_model.layers.25.self_attn.q_proj.weight,model.language_model.layers.N.self_attn.q_proj.weight,language model,25.0,BF16,"(2048, 2560)",5242880
model.language_model.layers.25.self_attn.v_proj.weight,model.language_model.layers.N.self_attn.v_proj.weight,language model,25.0,BF16,"(512, 2560)",1310720
model.language_model.layers.26.input_layernorm.weight,model.language_model.layers.N.input_layernorm.weight,language model,26.0,BF16,"(2560,)",2560
model.language_model.layers.26.layer_scalar,model.language_model.layers.N.layer_scalar,language model,26.0,BF16,"(1,)",1
model.language_model.layers.26.mlp.down_proj.weight,model.language_model.layers.N.mlp.down_proj.weight,language model,26.0,BF16,"(2560, 10240)",26214400
model.language_model.layers.26.mlp.gate_proj.weight,model.language_model.layers.N.mlp.gate_proj.weight,language model,26.0,BF16,"(10240, 2560)",26214400
model.language_model.layers.26.mlp.up_proj.weight,model.language_model.layers.N.mlp.up_proj.weight,language model,26.0,BF16,"(10240, 2560)",26214400
model.language_model.layers.26.per_layer_input_gate.weight,model.language_model.layers.N.per_layer_input_gate.weight,language model,26.0,BF16,"(256, 2560)",655360
model.language_model.layers.26.per_layer_projection.weight,model.language_model.layers.N.per_layer_projection.weight,language model,26.0,BF16,"(2560, 256)",655360
model.language_model.layers.26.post_attention_layernorm.weight,model.language_model.layers.N.post_attention_layernorm.weight,language model,26.0,BF16,"(2560,)",2560
model.language_model.layers.26.post_feedforward_layernorm.weight,model.language_model.layers.N.post_feedforward_layernorm.weight,language model,26.0,BF16,"(2560,)",2560
model.language_model.layers.26.post_per_layer_input_norm.weight,model.language_model.layers.N.post_per_layer_input_norm.weight,language model,26.0,BF16,"(2560,)",2560
model.language_model.layers.26.pre_feedforward_layernorm.weight,model.language_model.layers.N.pre_feedforward_layernorm.weight,language model,26.0,BF16,"(2560,)",2560
model.language_model.layers.26.self_attn.k_norm.weight,model.language_model.layers.N.self_attn.k_norm.weight,language model,26.0,BF16,"(256,)",256
model.language_model.layers.26.self_attn.k_proj.weight,model.language_model.layers.N.self_attn.k_proj.weight,language model,26.0,BF16,"(512, 2560)",1310720
model.language_model.layers.26.self_attn.o_proj.weight,model.language_model.layers.N.self_attn.o_proj.weight,language model,26.0,BF16,"(2560, 2048)",5242880
model.language_model.layers.26.self_attn.q_norm.weight,model.language_model.layers.N.self_attn.q_norm.weight,language model,26.0,BF16,"(256,)",256
model.language_model.layers.26.self_attn.q_proj.weight,model.language_model.layers.N.self_attn.q_proj.weight,language model,26.0,BF16,"(2048, 2560)",5242880
model.language_model.layers.26.self_attn.v_proj.weight,model.language_model.layers.N.self_attn.v_proj.weight,language model,26.0,BF16,"(512, 2560)",1310720
model.language_model.layers.27.input_layernorm.weight,model.language_model.layers.N.input_layernorm.weight,language model,27.0,BF16,"(2560,)",2560
model.language_model.layers.27.layer_scalar,model.language_model.layers.N.layer_scalar,language model,27.0,BF16,"(1,)",1
model.language_model.layers.27.mlp.down_proj.weight,model.language_model.layers.N.mlp.down_proj.weight,language model,27.0,BF16,"(2560, 10240)",26214400
model.language_model.layers.27.mlp.gate_proj.weight,model.language_model.layers.N.mlp.gate_proj.weight,language model,27.0,BF16,"(10240, 2560)",26214400
model.language_model.layers.27.mlp.up_proj.weight,model.language_model.layers.N.mlp.up_proj.weight,language model,27.0,BF16,"(10240, 2560)",26214400
model.language_model.layers.27.per_layer_input_gate.weight,model.language_model.layers.N.per_layer_input_gate.weight,language model,27.0,BF16,"(256, 2560)",655360
model.language_model.layers.27.per_layer_projection.weight,model.language_model.layers.N.per_layer_projection.weight,language model,27.0,BF16,"(2560, 256)",655360
model.language_model.layers.27.post_attention_layernorm.weight,model.language_model.layers.N.post_attention_layernorm.weight,language model,27.0,BF16,"(2560,)",2560
model.language_model.layers.27.post_feedforward_layernorm.weight,model.language_model.layers.N.post_feedforward_layernorm.weight,language model,27.0,BF16,"(2560,)",2560
model.language_model.layers.27.post_per_layer_input_norm.weight,model.language_model.layers.N.post_per_layer_input_norm.weight,language model,27.0,BF16,"(2560,)",2560
model.language_model.layers.27.pre_feedforward_layernorm.weight,model.language_model.layers.N.pre_feedforward_layernorm.weight,language model,27.0,BF16,"(2560,)",2560
model.language_model.layers.27.self_attn.k_norm.weight,model.language_model.layers.N.self_attn.k_norm.weight,language model,27.0,BF16,"(256,)",256
model.language_model.layers.27.self_attn.k_proj.weight,model.language_model.layers.N.self_attn.k_proj.weight,language model,27.0,BF16,"(512, 2560)",1310720
model.language_model.layers.27.self_attn.o_proj.weight,model.language_model.layers.N.self_attn.o_proj.weight,language model,27.0,BF16,"(2560, 2048)",5242880
model.language_model.layers.27.self_attn.q_norm.weight,model.language_model.layers.N.self_attn.q_norm.weight,language model,27.0,BF16,"(256,)",256
model.language_model.layers.27.self_attn.q_proj.weight,model.language_model.layers.N.self_attn.q_proj.weight,language model,27.0,BF16,"(2048, 2560)",5242880
model.language_model.layers.27.self_attn.v_proj.weight,model.language_model.layers.N.self_attn.v_proj.weight,language model,27.0,BF16,"(512, 2560)",1310720
model.language_model.layers.28.input_layernorm.weight,model.language_model.layers.N.input_layernorm.weight,language model,28.0,BF16,"(2560,)",2560
model.language_model.layers.28.layer_scalar,model.language_model.layers.N.layer_scalar,language model,28.0,BF16,"(1,)",1
model.language_model.layers.28.mlp.down_proj.weight,model.language_model.layers.N.mlp.down_proj.weight,language model,28.0,BF16,"(2560, 10240)",26214400
model.language_model.layers.28.mlp.gate_proj.weight,model.language_model.layers.N.mlp.gate_proj.weight,language model,28.0,BF16,"(10240, 2560)",26214400
model.language_model.layers.28.mlp.up_proj.weight,model.language_model.layers.N.mlp.up_proj.weight,language model,28.0,BF16,"(10240, 2560)",26214400
model.language_model.layers.28.per_layer_input_gate.weight,model.language_model.layers.N.per_layer_input_gate.weight,language model,28.0,BF16,"(256, 2560)",655360
model.language_model.layers.28.per_layer_projection.weight,model.language_model.layers.N.per_layer_projection.weight,language model,28.0,BF16,"(2560, 256)",655360
model.language_model.layers.28.post_attention_layernorm.weight,model.language_model.layers.N.post_attention_layernorm.weight,language model,28.0,BF16,"(2560,)",2560
model.language_model.layers.28.post_feedforward_layernorm.weight,model.language_model.layers.N.post_feedforward_layernorm.weight,language model,28.0,BF16,"(2560,)",2560
model.language_model.layers.28.post_per_layer_input_norm.weight,model.language_model.layers.N.post_per_layer_input_norm.weight,language model,28.0,BF16,"(2560,)",2560
model.language_model.layers.28.pre_feedforward_layernorm.weight,model.language_model.layers.N.pre_feedforward_layernorm.weight,language model,28.0,BF16,"(2560,)",2560
model.language_model.layers.28.self_attn.k_norm.weight,model.language_model.layers.N.self_attn.k_norm.weight,language model,28.0,BF16,"(256,)",256
model.language_model.layers.28.self_attn.k_proj.weight,model.language_model.layers.N.self_attn.k_proj.weight,language model,28.0,BF16,"(512, 2560)",1310720
model.language_model.layers.28.self_attn.o_proj.weight,model.language_model.layers.N.self_attn.o_proj.weight,language model,28.0,BF16,"(2560, 2048)",5242880
model.language_model.layers.28.self_attn.q_norm.weight,model.language_model.layers.N.self_attn.q_norm.weight,language model,28.0,BF16,"(256,)",256
model.language_model.layers.28.self_attn.q_proj.weight,model.language_model.layers.N.self_attn.q_proj.weight,language model,28.0,BF16,"(2048, 2560)",5242880
model.language_model.layers.28.self_attn.v_proj.weight,model.language_model.layers.N.self_attn.v_proj.weight,language model,28.0,BF16,"(512, 2560)",1310720
model.language_model.layers.29.input_layernorm.weight,model.language_model.layers.N.input_layernorm.weight,language model,29.0,BF16,"(2560,)",2560
model.language_model.layers.29.layer_scalar,model.language_model.layers.N.layer_scalar,language model,29.0,BF16,"(1,)",1
model.language_model.layers.29.mlp.down_proj.weight,model.language_model.layers.N.mlp.down_proj.weight,language model,29.0,BF16,"(2560, 10240)",26214400
model.language_model.layers.29.mlp.gate_proj.weight,model.language_model.layers.N.mlp.gate_proj.weight,language model,29.0,BF16,"(10240, 2560)",26214400
model.language_model.layers.29.mlp.up_proj.weight,model.language_model.layers.N.mlp.up_proj.weight,language model,29.0,BF16,"(10240, 2560)",26214400
model.language_model.layers.29.per_layer_input_gate.weight,model.language_model.layers.N.per_layer_input_gate.weight,language model,29.0,BF16,"(256, 2560)",655360
model.language_model.layers.29.per_layer_projection.weight,model.language_model.layers.N.per_layer_projection.weight,language model,29.0,BF16,"(2560, 256)",655360
model.language_model.layers.29.post_attention_layernorm.weight,model.language_model.layers.N.post_attention_layernorm.weight,language model,29.0,BF16,"(2560,)",2560
model.language_model.layers.29.post_feedforward_layernorm.weight,model.language_model.layers.N.post_feedforward_layernorm.weight,language model,29.0,BF16,"(2560,)",2560
model.language_model.layers.29.post_per_layer_input_norm.weight,model.language_model.layers.N.post_per_layer_input_norm.weight,language model,29.0,BF16,"(2560,)",2560
model.language_model.layers.29.pre_feedforward_layernorm.weight,model.language_model.layers.N.pre_feedforward_layernorm.weight,language model,29.0,BF16,"(2560,)",2560
model.language_model.layers.29.self_attn.k_norm.weight,model.language_model.layers.N.self_attn.k_norm.weight,language model,29.0,BF16,"(512,)",512
model.language_model.layers.29.self_attn.k_proj.weight,model.language_model.layers.N.self_attn.k_proj.weight,language model,29.0,BF16,"(1024, 2560)",2621440
model.language_model.layers.29.self_attn.o_proj.weight,model.language_model.layers.N.self_attn.o_proj.weight,language model,29.0,BF16,"(2560, 4096)",10485760
model.language_model.layers.29.self_attn.q_norm.weight,model.language_model.layers.N.self_attn.q_norm.weight,language model,29.0,BF16,"(512,)",512
model.language_model.layers.29.self_attn.q_proj.weight,model.language_model.layers.N.self_attn.q_proj.weight,language model,29.0,BF16,"(4096, 2560)",10485760
model.language_model.layers.29.self_attn.v_proj.weight,model.language_model.layers.N.self_attn.v_proj.weight,language model,29.0,BF16,"(1024, 2560)",2621440
model.language_model.layers.3.input_layernorm.weight,model.language_model.layers.N.input_layernorm.weight,language model,3.0,BF16,"(2560,)",2560
model.language_model.layers.3.layer_scalar,model.language_model.layers.N.layer_scalar,language model,3.0,BF16,"(1,)",1
model.language_model.layers.3.mlp.down_proj.weight,model.language_model.layers.N.mlp.down_proj.weight,language model,3.0,BF16,"(2560, 10240)",26214400
model.language_model.layers.3.mlp.gate_proj.weight,model.language_model.layers.N.mlp.gate_proj.weight,language model,3.0,BF16,"(10240, 2560)",26214400
model.language_model.layers.3.mlp.up_proj.weight,model.language_model.layers.N.mlp.up_proj.weight,language model,3.0,BF16,"(10240, 2560)",26214400
model.language_model.layers.3.per_layer_input_gate.weight,model.language_model.layers.N.per_layer_input_gate.weight,language model,3.0,BF16,"(256, 2560)",655360
model.language_model.layers.3.per_layer_projection.weight,model.language_model.layers.N.per_layer_projection.weight,language model,3.0,BF16,"(2560, 256)",655360
model.language_model.layers.3.post_attention_layernorm.weight,model.language_model.layers.N.post_attention_layernorm.weight,language model,3.0,BF16,"(2560,)",2560
model.language_model.layers.3.post_feedforward_layernorm.weight,model.language_model.layers.N.post_feedforward_layernorm.weight,language model,3.0,BF16,"(2560,)",2560
model.language_model.layers.3.post_per_layer_input_norm.weight,model.language_model.layers.N.post_per_layer_input_norm.weight,language model,3.0,BF16,"(2560,)",2560
model.language_model.layers.3.pre_feedforward_layernorm.weight,model.language_model.layers.N.pre_feedforward_layernorm.weight,language model,3.0,BF16,"(2560,)",2560
model.language_model.layers.3.self_attn.k_norm.weight,model.language_model.layers.N.self_attn.k_norm.weight,language model,3.0,BF16,"(256,)",256
model.language_model.layers.3.self_attn.k_proj.weight,model.language_model.layers.N.self_attn.k_proj.weight,language model,3.0,BF16,"(512, 2560)",1310720
model.language_model.layers.3.self_attn.o_proj.weight,model.language_model.layers.N.self_attn.o_proj.weight,language model,3.0,BF16,"(2560, 2048)",5242880
model.language_model.layers.3.self_attn.q_norm.weight,model.language_model.layers.N.self_attn.q_norm.weight,language model,3.0,BF16,"(256,)",256
model.language_model.layers.3.self_attn.q_proj.weight,model.language_model.layers.N.self_attn.q_proj.weight,language model,3.0,BF16,"(2048, 2560)",5242880
model.language_model.layers.3.self_attn.v_proj.weight,model.language_model.layers.N.self_attn.v_proj.weight,language model,3.0,BF16,"(512, 2560)",1310720
model.language_model.layers.30.input_layernorm.weight,model.language_model.layers.N.input_layernorm.weight,language model,30.0,BF16,"(2560,)",2560
model.language_model.layers.30.layer_scalar,model.language_model.layers.N.layer_scalar,language model,30.0,BF16,"(1,)",1
model.language_model.layers.30.mlp.down_proj.weight,model.language_model.layers.N.mlp.down_proj.weight,language model,30.0,BF16,"(2560, 10240)",26214400
model.language_model.layers.30.mlp.gate_proj.weight,model.language_model.layers.N.mlp.gate_proj.weight,language model,30.0,BF16,"(10240, 2560)",26214400
model.language_model.layers.30.mlp.up_proj.weight,model.language_model.layers.N.mlp.up_proj.weight,language model,30.0,BF16,"(10240, 2560)",26214400
model.language_model.layers.30.per_layer_input_gate.weight,model.language_model.layers.N.per_layer_input_gate.weight,language model,30.0,BF16,"(256, 2560)",655360
model.language_model.layers.30.per_layer_projection.weight,model.language_model.layers.N.per_layer_projection.weight,language model,30.0,BF16,"(2560, 256)",655360
model.language_model.layers.30.post_attention_layernorm.weight,model.language_model.layers.N.post_attention_layernorm.weight,language model,30.0,BF16,"(2560,)",2560
model.language_model.layers.30.post_feedforward_layernorm.weight,model.language_model.layers.N.post_feedforward_layernorm.weight,language model,30.0,BF16,"(2560,)",2560
model.language_model.layers.30.post_per_layer_input_norm.weight,model.language_model.layers.N.post_per_layer_input_norm.weight,language model,30.0,BF16,"(2560,)",2560
model.language_model.layers.30.pre_feedforward_layernorm.weight,model.language_model.layers.N.pre_feedforward_layernorm.weight,language model,30.0,BF16,"(2560,)",2560
model.language_model.layers.30.self_attn.k_norm.weight,model.language_model.layers.N.self_attn.k_norm.weight,language model,30.0,BF16,"(256,)",256
model.language_model.layers.30.self_attn.k_proj.weight,model.language_model.layers.N.self_attn.k_proj.weight,language model,30.0,BF16,"(512, 2560)",1310720
model.language_model.layers.30.self_attn.o_proj.weight,model.language_model.layers.N.self_attn.o_proj.weight,language model,30.0,BF16,"(2560, 2048)",5242880
model.language_model.layers.30.self_attn.q_norm.weight,model.language_model.layers.N.self_attn.q_norm.weight,language model,30.0,BF16,"(256,)",256
model.language_model.layers.30.self_attn.q_proj.weight,model.language_model.layers.N.self_attn.q_proj.weight,language model,30.0,BF16,"(2048, 2560)",5242880
model.language_model.layers.30.self_attn.v_proj.weight,model.language_model.layers.N.self_attn.v_proj.weight,language model,30.0,BF16,"(512, 2560)",1310720
model.language_model.layers.31.input_layernorm.weight,model.language_model.layers.N.input_layernorm.weight,language model,31.0,BF16,"(2560,)",2560
model.language_model.layers.31.layer_scalar,model.language_model.layers.N.layer_scalar,language model,31.0,BF16,"(1,)",1
model.language_model.layers.31.mlp.down_proj.weight,model.language_model.layers.N.mlp.down_proj.weight,language model,31.0,BF16,"(2560, 10240)",26214400
model.language_model.layers.31.mlp.gate_proj.weight,model.language_model.layers.N.mlp.gate_proj.weight,language model,31.0,BF16,"(10240, 2560)",26214400
model.language_model.layers.31.mlp.up_proj.weight,model.language_model.layers.N.mlp.up_proj.weight,language model,31.0,BF16,"(10240, 2560)",26214400
model.language_model.layers.31.per_layer_input_gate.weight,model.language_model.layers.N.per_layer_input_gate.weight,language model,31.0,BF16,"(256, 2560)",655360
model.language_model.layers.31.per_layer_projection.weight,model.language_model.layers.N.per_layer_projection.weight,language model,31.0,BF16,"(2560, 256)",655360
model.language_model.layers.31.post_attention_layernorm.weight,model.language_model.layers.N.post_attention_layernorm.weight,language model,31.0,BF16,"(2560,)",2560
model.language_model.layers.31.post_feedforward_layernorm.weight,model.language_model.layers.N.post_feedforward_layernorm.weight,language model,31.0,BF16,"(2560,)",2560
model.language_model.layers.31.post_per_layer_input_norm.weight,model.language_model.layers.N.post_per_layer_input_norm.weight,language model,31.0,BF16,"(2560,)",2560
model.language_model.layers.31.pre_feedforward_layernorm.weight,model.language_model.layers.N.pre_feedforward_layernorm.weight,language model,31.0,BF16,"(2560,)",2560
model.language_model.layers.31.self_attn.k_norm.weight,model.language_model.layers.N.self_attn.k_norm.weight,language model,31.0,BF16,"(256,)",256
model.language_model.layers.31.self_attn.k_proj.weight,model.language_model.layers.N.self_attn.k_proj.weight,language model,31.0,BF16,"(512, 2560)",1310720
model.language_model.layers.31.self_attn.o_proj.weight,model.language_model.layers.N.self_attn.o_proj.weight,language model,31.0,BF16,"(2560, 2048)",5242880
model.language_model.layers.31.self_attn.q_norm.weight,model.language_model.layers.N.self_attn.q_norm.weight,language model,31.0,BF16,"(256,)",256
model.language_model.layers.31.self_attn.q_proj.weight,model.language_model.layers.N.self_attn.q_proj.weight,language model,31.0,BF16,"(2048, 2560)",5242880
model.language_model.layers.31.self_attn.v_proj.weight,model.language_model.layers.N.self_attn.v_proj.weight,language model,31.0,BF16,"(512, 2560)",1310720
model.language_model.layers.32.input_layernorm.weight,model.language_model.layers.N.input_layernorm.weight,language model,32.0,BF16,"(2560,)",2560
model.language_model.layers.32.layer_scalar,model.language_model.layers.N.layer_scalar,language model,32.0,BF16,"(1,)",1
model.language_model.layers.32.mlp.down_proj.weight,model.language_model.layers.N.mlp.down_proj.weight,language model,32.0,BF16,"(2560, 10240)",26214400
model.language_model.layers.32.mlp.gate_proj.weight,model.language_model.layers.N.mlp.gate_proj.weight,language model,32.0,BF16,"(10240, 2560)",26214400
model.language_model.layers.32.mlp.up_proj.weight,model.language_model.layers.N.mlp.up_proj.weight,language model,32.0,BF16,"(10240, 2560)",26214400
model.language_model.layers.32.per_layer_input_gate.weight,model.language_model.layers.N.per_layer_input_gate.weight,language model,32.0,BF16,"(256, 2560)",655360
model.language_model.layers.32.per_layer_projection.weight,model.language_model.layers.N.per_layer_projection.weight,language model,32.0,BF16,"(2560, 256)",655360
model.language_model.layers.32.post_attention_layernorm.weight,model.language_model.layers.N.post_attention_layernorm.weight,language model,32.0,BF16,"(2560,)",2560
model.language_model.layers.32.post_feedforward_layernorm.weight,model.language_model.layers.N.post_feedforward_layernorm.weight,language model,32.0,BF16,"(2560,)",2560
model.language_model.layers.32.post_per_layer_input_norm.weight,model.language_model.layers.N.post_per_layer_input_norm.weight,language model,32.0,BF16,"(2560,)",2560
model.language_model.layers.32.pre_feedforward_layernorm.weight,model.language_model.layers.N.pre_feedforward_layernorm.weight,language model,32.0,BF16,"(2560,)",2560
model.language_model.layers.32.self_attn.k_norm.weight,model.language_model.layers.N.self_attn.k_norm.weight,language model,32.0,BF16,"(256,)",256
model.language_model.layers.32.self_attn.k_proj.weight,model.language_model.layers.N.self_attn.k_proj.weight,language model,32.0,BF16,"(512, 2560)",1310720
model.language_model.layers.32.self_attn.o_proj.weight,model.language_model.layers.N.self_attn.o_proj.weight,language model,32.0,BF16,"(2560, 2048)",5242880
model.language_model.layers.32.self_attn.q_norm.weight,model.language_model.layers.N.self_attn.q_norm.weight,language model,32.0,BF16,"(256,)",256
model.language_model.layers.32.self_attn.q_proj.weight,model.language_model.layers.N.self_attn.q_proj.weight,language model,32.0,BF16,"(2048, 2560)",5242880
model.language_model.layers.32.self_attn.v_proj.weight,model.language_model.layers.N.self_attn.v_proj.weight,language model,32.0,BF16,"(512, 2560)",1310720
model.language_model.layers.33.input_layernorm.weight,model.language_model.layers.N.input_layernorm.weight,language model,33.0,BF16,"(2560,)",2560
model.language_model.layers.33.layer_scalar,model.language_model.layers.N.layer_scalar,language model,33.0,BF16,"(1,)",1
model.language_model.layers.33.mlp.down_proj.weight,model.language_model.layers.N.mlp.down_proj.weight,language model,33.0,BF16,"(2560, 10240)",26214400
model.language_model.layers.33.mlp.gate_proj.weight,model.language_model.layers.N.mlp.gate_proj.weight,language model,33.0,BF16,"(10240, 2560)",26214400
model.language_model.layers.33.mlp.up_proj.weight,model.language_model.layers.N.mlp.up_proj.weight,language model,33.0,BF16,"(10240, 2560)",26214400
model.language_model.layers.33.per_layer_input_gate.weight,model.language_model.layers.N.per_layer_input_gate.weight,language model,33.0,BF16,"(256, 2560)",655360
model.language_model.layers.33.per_layer_projection.weight,model.language_model.layers.N.per_layer_projection.weight,language model,33.0,BF16,"(2560, 256)",655360
model.language_model.layers.33.post_attention_layernorm.weight,model.language_model.layers.N.post_attention_layernorm.weight,language model,33.0,BF16,"(2560,)",2560
model.language_model.layers.33.post_feedforward_layernorm.weight,model.language_model.layers.N.post_feedforward_layernorm.weight,language model,33.0,BF16,"(2560,)",2560
model.language_model.layers.33.post_per_layer_input_norm.weight,model.language_model.layers.N.post_per_layer_input_norm.weight,language model,33.0,BF16,"(2560,)",2560
model.language_model.layers.33.pre_feedforward_layernorm.weight,model.language_model.layers.N.pre_feedforward_layernorm.weight,language model,33.0,BF16,"(2560,)",2560
model.language_model.layers.33.self_attn.k_norm.weight,model.language_model.layers.N.self_attn.k_norm.weight,language model,33.0,BF16,"(256,)",256
model.language_model.layers.33.self_attn.k_proj.weight,model.language_model.layers.N.self_attn.k_proj.weight,language model,33.0,BF16,"(512, 2560)",1310720
model.language_model.layers.33.self_attn.o_proj.weight,model.language_model.layers.N.self_attn.o_proj.weight,language model,33.0,BF16,"(2560, 2048)",5242880
model.language_model.layers.33.self_attn.q_norm.weight,model.language_model.layers.N.self_attn.q_norm.weight,language model,33.0,BF16,"(256,)",256
model.language_model.layers.33.self_attn.q_proj.weight,model.language_model.layers.N.self_attn.q_proj.weight,language model,33.0,BF16,"(2048, 2560)",5242880
model.language_model.layers.33.self_attn.v_proj.weight,model.language_model.layers.N.self_attn.v_proj.weight,language model,33.0,BF16,"(512, 2560)",1310720
model.language_model.layers.34.input_layernorm.weight,model.language_model.layers.N.input_layernorm.weight,language model,34.0,BF16,"(2560,)",2560
model.language_model.layers.34.layer_scalar,model.language_model.layers.N.layer_scalar,language model,34.0,BF16,"(1,)",1
model.language_model.layers.34.mlp.down_proj.weight,model.language_model.layers.N.mlp.down_proj.weight,language model,34.0,BF16,"(2560, 10240)",26214400
model.language_model.layers.34.mlp.gate_proj.weight,model.language_model.layers.N.mlp.gate_proj.weight,language model,34.0,BF16,"(10240, 2560)",26214400
model.language_model.layers.34.mlp.up_proj.weight,model.language_model.layers.N.mlp.up_proj.weight,language model,34.0,BF16,"(10240, 2560)",26214400
model.language_model.layers.34.per_layer_input_gate.weight,model.language_model.layers.N.per_layer_input_gate.weight,language model,34.0,BF16,"(256, 2560)",655360
model.language_model.layers.34.per_layer_projection.weight,model.language_model.layers.N.per_layer_projection.weight,language model,34.0,BF16,"(2560, 256)",655360
model.language_model.layers.34.post_attention_layernorm.weight,model.language_model.layers.N.post_attention_layernorm.weight,language model,34.0,BF16,"(2560,)",2560
model.language_model.layers.34.post_feedforward_layernorm.weight,model.language_model.layers.N.post_feedforward_layernorm.weight,language model,34.0,BF16,"(2560,)",2560
model.language_model.layers.34.post_per_layer_input_norm.weight,model.language_model.layers.N.post_per_layer_input_norm.weight,language model,34.0,BF16,"(2560,)",2560
model.language_model.layers.34.pre_feedforward_layernorm.weight,model.language_model.layers.N.pre_feedforward_layernorm.weight,language model,34.0,BF16,"(2560,)",2560
model.language_model.layers.34.self_attn.k_norm.weight,model.language_model.layers.N.self_attn.k_norm.weight,language model,34.0,BF16,"(256,)",256
model.language_model.layers.34.self_attn.k_proj.weight,model.language_model.layers.N.self_attn.k_proj.weight,language model,34.0,BF16,"(512, 2560)",1310720
model.language_model.layers.34.self_attn.o_proj.weight,model.language_model.layers.N.self_attn.o_proj.weight,language model,34.0,BF16,"(2560, 2048)",5242880
model.language_model.layers.34.self_attn.q_norm.weight,model.language_model.layers.N.self_attn.q_norm.weight,language model,34.0,BF16,"(256,)",256
model.language_model.layers.34.self_attn.q_proj.weight,model.language_model.layers.N.self_attn.q_proj.weight,language model,34.0,BF16,"(2048, 2560)",5242880
model.language_model.layers.34.self_attn.v_proj.weight,model.language_model.layers.N.self_attn.v_proj.weight,language model,34.0,BF16,"(512, 2560)",1310720
model.language_model.layers.35.input_layernorm.weight,model.language_model.layers.N.input_layernorm.weight,language model,35.0,BF16,"(2560,)",2560
model.language_model.layers.35.layer_scalar,model.language_model.layers.N.layer_scalar,language model,35.0,BF16,"(1,)",1
model.language_model.layers.35.mlp.down_proj.weight,model.language_model.layers.N.mlp.down_proj.weight,language model,35.0,BF16,"(2560, 10240)",26214400
model.language_model.layers.35.mlp.gate_proj.weight,model.language_model.layers.N.mlp.gate_proj.weight,language model,35.0,BF16,"(10240, 2560)",26214400
model.language_model.layers.35.mlp.up_proj.weight,model.language_model.layers.N.mlp.up_proj.weight,language model,35.0,BF16,"(10240, 2560)",26214400
model.language_model.layers.35.per_layer_input_gate.weight,model.language_model.layers.N.per_layer_input_gate.weight,language model,35.0,BF16,"(256, 2560)",655360
model.language_model.layers.35.per_layer_projection.weight,model.language_model.layers.N.per_layer_projection.weight,language model,35.0,BF16,"(2560, 256)",655360
model.language_model.layers.35.post_attention_layernorm.weight,model.language_model.layers.N.post_attention_layernorm.weight,language model,35.0,BF16,"(2560,)",2560
model.language_model.layers.35.post_feedforward_layernorm.weight,model.language_model.layers.N.post_feedforward_layernorm.weight,language model,35.0,BF16,"(2560,)",2560
model.language_model.layers.35.post_per_layer_input_norm.weight,model.language_model.layers.N.post_per_layer_input_norm.weight,language model,35.0,BF16,"(2560,)",2560
model.language_model.layers.35.pre_feedforward_layernorm.weight,model.language_model.layers.N.pre_feedforward_layernorm.weight,language model,35.0,BF16,"(2560,)",2560
model.language_model.layers.35.self_attn.k_norm.weight,model.language_model.layers.N.self_attn.k_norm.weight,language model,35.0,BF16,"(512,)",512
model.language_model.layers.35.self_attn.k_proj.weight,model.language_model.layers.N.self_attn.k_proj.weight,language model,35.0,BF16,"(1024, 2560)",2621440
model.language_model.layers.35.self_attn.o_proj.weight,model.language_model.layers.N.self_attn.o_proj.weight,language model,35.0,BF16,"(2560, 4096)",10485760
model.language_model.layers.35.self_attn.q_norm.weight,model.language_model.layers.N.self_attn.q_norm.weight,language model,35.0,BF16,"(512,)",512
model.language_model.layers.35.self_attn.q_proj.weight,model.language_model.layers.N.self_attn.q_proj.weight,language model,35.0,BF16,"(4096, 2560)",10485760
model.language_model.layers.35.self_attn.v_proj.weight,model.language_model.layers.N.self_attn.v_proj.weight,language model,35.0,BF16,"(1024, 2560)",2621440
model.language_model.layers.36.input_layernorm.weight,model.language_model.layers.N.input_layernorm.weight,language model,36.0,BF16,"(2560,)",2560
model.language_model.layers.36.layer_scalar,model.language_model.layers.N.layer_scalar,language model,36.0,BF16,"(1,)",1
model.language_model.layers.36.mlp.down_proj.weight,model.language_model.layers.N.mlp.down_proj.weight,language model,36.0,BF16,"(2560, 10240)",26214400
model.language_model.layers.36.mlp.gate_proj.weight,model.language_model.layers.N.mlp.gate_proj.weight,language model,36.0,BF16,"(10240, 2560)",26214400
model.language_model.layers.36.mlp.up_proj.weight,model.language_model.layers.N.mlp.up_proj.weight,language model,36.0,BF16,"(10240, 2560)",26214400
model.language_model.layers.36.per_layer_input_gate.weight,model.language_model.layers.N.per_layer_input_gate.weight,language model,36.0,BF16,"(256, 2560)",655360
model.language_model.layers.36.per_layer_projection.weight,model.language_model.layers.N.per_layer_projection.weight,language model,36.0,BF16,"(2560, 256)",655360
model.language_model.layers.36.post_attention_layernorm.weight,model.language_model.layers.N.post_attention_layernorm.weight,language model,36.0,BF16,"(2560,)",2560
model.language_model.layers.36.post_feedforward_layernorm.weight,model.language_model.layers.N.post_feedforward_layernorm.weight,language model,36.0,BF16,"(2560,)",2560
model.language_model.layers.36.post_per_layer_input_norm.weight,model.language_model.layers.N.post_per_layer_input_norm.weight,language model,36.0,BF16,"(2560,)",2560
model.language_model.layers.36.pre_feedforward_layernorm.weight,model.language_model.layers.N.pre_feedforward_layernorm.weight,language model,36.0,BF16,"(2560,)",2560
model.language_model.layers.36.self_attn.k_norm.weight,model.language_model.layers.N.self_attn.k_norm.weight,language model,36.0,BF16,"(256,)",256
model.language_model.layers.36.self_attn.k_proj.weight,model.language_model.layers.N.self_attn.k_proj.weight,language model,36.0,BF16,"(512, 2560)",1310720
model.language_model.layers.36.self_attn.o_proj.weight,model.language_model.layers.N.self_attn.o_proj.weight,language model,36.0,BF16,"(2560, 2048)",5242880
model.language_model.layers.36.self_attn.q_norm.weight,model.language_model.layers.N.self_attn.q_norm.weight,language model,36.0,BF16,"(256,)",256
model.language_model.layers.36.self_attn.q_proj.weight,model.language_model.layers.N.self_attn.q_proj.weight,language model,36.0,BF16,"(2048, 2560)",5242880
model.language_model.layers.36.self_attn.v_proj.weight,model.language_model.layers.N.self_attn.v_proj.weight,language model,36.0,BF16,"(512, 2560)",1310720
model.language_model.layers.37.input_layernorm.weight,model.language_model.layers.N.input_layernorm.weight,language model,37.0,BF16,"(2560,)",2560
model.language_model.layers.37.layer_scalar,model.language_model.layers.N.layer_scalar,language model,37.0,BF16,"(1,)",1
model.language_model.layers.37.mlp.down_proj.weight,model.language_model.layers.N.mlp.down_proj.weight,language model,37.0,BF16,"(2560, 10240)",26214400
model.language_model.layers.37.mlp.gate_proj.weight,model.language_model.layers.N.mlp.gate_proj.weight,language model,37.0,BF16,"(10240, 2560)",26214400
model.language_model.layers.37.mlp.up_proj.weight,model.language_model.layers.N.mlp.up_proj.weight,language model,37.0,BF16,"(10240, 2560)",26214400
model.language_model.layers.37.per_layer_input_gate.weight,model.language_model.layers.N.per_layer_input_gate.weight,language model,37.0,BF16,"(256, 2560)",655360
model.language_model.layers.37.per_layer_projection.weight,model.language_model.layers.N.per_layer_projection.weight,language model,37.0,BF16,"(2560, 256)",655360
model.language_model.layers.37.post_attention_layernorm.weight,model.language_model.layers.N.post_attention_layernorm.weight,language model,37.0,BF16,"(2560,)",2560
model.language_model.layers.37.post_feedforward_layernorm.weight,model.language_model.layers.N.post_feedforward_layernorm.weight,language model,37.0,BF16,"(2560,)",2560
model.language_model.layers.37.post_per_layer_input_norm.weight,model.language_model.layers.N.post_per_layer_input_norm.weight,language model,37.0,BF16,"(2560,)",2560
model.language_model.layers.37.pre_feedforward_layernorm.weight,model.language_model.layers.N.pre_feedforward_layernorm.weight,language model,37.0,BF16,"(2560,)",2560
model.language_model.layers.37.self_attn.k_norm.weight,model.language_model.layers.N.self_attn.k_norm.weight,language model,37.0,BF16,"(256,)",256
model.language_model.layers.37.self_attn.k_proj.weight,model.language_model.layers.N.self_attn.k_proj.weight,language model,37.0,BF16,"(512, 2560)",1310720
model.language_model.layers.37.self_attn.o_proj.weight,model.language_model.layers.N.self_attn.o_proj.weight,language model,37.0,BF16,"(2560, 2048)",5242880
model.language_model.layers.37.self_attn.q_norm.weight,model.language_model.layers.N.self_attn.q_norm.weight,language model,37.0,BF16,"(256,)",256
model.language_model.layers.37.self_attn.q_proj.weight,model.language_model.layers.N.self_attn.q_proj.weight,language model,37.0,BF16,"(2048, 2560)",5242880
model.language_model.layers.37.self_attn.v_proj.weight,model.language_model.layers.N.self_attn.v_proj.weight,language model,37.0,BF16,"(512, 2560)",1310720
model.language_model.layers.38.input_layernorm.weight,model.language_model.layers.N.input_layernorm.weight,language model,38.0,BF16,"(2560,)",2560
model.language_model.layers.38.layer_scalar,model.language_model.layers.N.layer_scalar,language model,38.0,BF16,"(1,)",1
model.language_model.layers.38.mlp.down_proj.weight,model.language_model.layers.N.mlp.down_proj.weight,language model,38.0,BF16,"(2560, 10240)",26214400
model.language_model.layers.38.mlp.gate_proj.weight,model.language_model.layers.N.mlp.gate_proj.weight,language model,38.0,BF16,"(10240, 2560)",26214400
model.language_model.layers.38.mlp.up_proj.weight,model.language_model.layers.N.mlp.up_proj.weight,language model,38.0,BF16,"(10240, 2560)",26214400
model.language_model.layers.38.per_layer_input_gate.weight,model.language_model.layers.N.per_layer_input_gate.weight,language model,38.0,BF16,"(256, 2560)",655360
model.language_model.layers.38.per_layer_projection.weight,model.language_model.layers.N.per_layer_projection.weight,language model,38.0,BF16,"(2560, 256)",655360
model.language_model.layers.38.post_attention_layernorm.weight,model.language_model.layers.N.post_attention_layernorm.weight,language model,38.0,BF16,"(2560,)",2560
model.language_model.layers.38.post_feedforward_layernorm.weight,model.language_model.layers.N.post_feedforward_layernorm.weight,language model,38.0,BF16,"(2560,)",2560
model.language_model.layers.38.post_per_layer_input_norm.weight,model.language_model.layers.N.post_per_layer_input_norm.weight,language model,38.0,BF16,"(2560,)",2560
model.language_model.layers.38.pre_feedforward_layernorm.weight,model.language_model.layers.N.pre_feedforward_layernorm.weight,language model,38.0,BF16,"(2560,)",2560
model.language_model.layers.38.self_attn.k_norm.weight,model.language_model.layers.N.self_attn.k_norm.weight,language model,38.0,BF16,"(256,)",256
model.language_model.layers.38.self_attn.k_proj.weight,model.language_model.layers.N.self_attn.k_proj.weight,language model,38.0,BF16,"(512, 2560)",1310720
model.language_model.layers.38.self_attn.o_proj.weight,model.language_model.layers.N.self_attn.o_proj.weight,language model,38.0,BF16,"(2560, 2048)",5242880
model.language_model.layers.38.self_attn.q_norm.weight,model.language_model.layers.N.self_attn.q_norm.weight,language model,38.0,BF16,"(256,)",256
model.language_model.layers.38.self_attn.q_proj.weight,model.language_model.layers.N.self_attn.q_proj.weight,language model,38.0,BF16,"(2048, 2560)",5242880
model.language_model.layers.38.self_attn.v_proj.weight,model.language_model.layers.N.self_attn.v_proj.weight,language model,38.0,BF16,"(512, 2560)",1310720
model.language_model.layers.39.input_layernorm.weight,model.language_model.layers.N.input_layernorm.weight,language model,39.0,BF16,"(2560,)",2560
model.language_model.layers.39.layer_scalar,model.language_model.layers.N.layer_scalar,language model,39.0,BF16,"(1,)",1
model.language_model.layers.39.mlp.down_proj.weight,model.language_model.layers.N.mlp.down_proj.weight,language model,39.0,BF16,"(2560, 10240)",26214400
model.language_model.layers.39.mlp.gate_proj.weight,model.language_model.layers.N.mlp.gate_proj.weight,language model,39.0,BF16,"(10240, 2560)",26214400
model.language_model.layers.39.mlp.up_proj.weight,model.language_model.layers.N.mlp.up_proj.weight,language model,39.0,BF16,"(10240, 2560)",26214400
model.language_model.layers.39.per_layer_input_gate.weight,model.language_model.layers.N.per_layer_input_gate.weight,language model,39.0,BF16,"(256, 2560)",655360
model.language_model.layers.39.per_layer_projection.weight,model.language_model.layers.N.per_layer_projection.weight,language model,39.0,BF16,"(2560, 256)",655360
model.language_model.layers.39.post_attention_layernorm.weight,model.language_model.layers.N.post_attention_layernorm.weight,language model,39.0,BF16,"(2560,)",2560
model.language_model.layers.39.post_feedforward_layernorm.weight,model.language_model.layers.N.post_feedforward_layernorm.weight,language model,39.0,BF16,"(2560,)",2560
model.language_model.layers.39.post_per_layer_input_norm.weight,model.language_model.layers.N.post_per_layer_input_norm.weight,language model,39.0,BF16,"(2560,)",2560
model.language_model.layers.39.pre_feedforward_layernorm.weight,model.language_model.layers.N.pre_feedforward_layernorm.weight,language model,39.0,BF16,"(2560,)",2560
model.language_model.layers.39.self_attn.k_norm.weight,model.language_model.layers.N.self_attn.k_norm.weight,language model,39.0,BF16,"(256,)",256
model.language_model.layers.39.self_attn.k_proj.weight,model.language_model.layers.N.self_attn.k_proj.weight,language model,39.0,BF16,"(512, 2560)",1310720
model.language_model.layers.39.self_attn.o_proj.weight,model.language_model.layers.N.self_attn.o_proj.weight,language model,39.0,BF16,"(2560, 2048)",5242880
model.language_model.layers.39.self_attn.q_norm.weight,model.language_model.layers.N.self_attn.q_norm.weight,language model,39.0,BF16,"(256,)",256
model.language_model.layers.39.self_attn.q_proj.weight,model.language_model.layers.N.self_attn.q_proj.weight,language model,39.0,BF16,"(2048, 2560)",5242880
model.language_model.layers.39.self_attn.v_proj.weight,model.language_model.layers.N.self_attn.v_proj.weight,language model,39.0,BF16,"(512, 2560)",1310720
model.language_model.layers.4.input_layernorm.weight,model.language_model.layers.N.input_layernorm.weight,language model,4.0,BF16,"(2560,)",2560
model.language_model.layers.4.layer_scalar,model.language_model.layers.N.layer_scalar,language model,4.0,BF16,"(1,)",1
model.language_model.layers.4.mlp.down_proj.weight,model.language_model.layers.N.mlp.down_proj.weight,language model,4.0,BF16,"(2560, 10240)",26214400
model.language_model.layers.4.mlp.gate_proj.weight,model.language_model.layers.N.mlp.gate_proj.weight,language model,4.0,BF16,"(10240, 2560)",26214400
model.language_model.layers.4.mlp.up_proj.weight,model.language_model.layers.N.mlp.up_proj.weight,language model,4.0,BF16,"(10240, 2560)",26214400
model.language_model.layers.4.per_layer_input_gate.weight,model.language_model.layers.N.per_layer_input_gate.weight,language model,4.0,BF16,"(256, 2560)",655360
model.language_model.layers.4.per_layer_projection.weight,model.language_model.layers.N.per_layer_projection.weight,language model,4.0,BF16,"(2560, 256)",655360
model.language_model.layers.4.post_attention_layernorm.weight,model.language_model.layers.N.post_attention_layernorm.weight,language model,4.0,BF16,"(2560,)",2560
model.language_model.layers.4.post_feedforward_layernorm.weight,model.language_model.layers.N.post_feedforward_layernorm.weight,language model,4.0,BF16,"(2560,)",2560
model.language_model.layers.4.post_per_layer_input_norm.weight,model.language_model.layers.N.post_per_layer_input_norm.weight,language model,4.0,BF16,"(2560,)",2560
model.language_model.layers.4.pre_feedforward_layernorm.weight,model.language_model.layers.N.pre_feedforward_layernorm.weight,language model,4.0,BF16,"(2560,)",2560
model.language_model.layers.4.self_attn.k_norm.weight,model.language_model.layers.N.self_attn.k_norm.weight,language model,4.0,BF16,"(256,)",256
model.language_model.layers.4.self_attn.k_proj.weight,model.language_model.layers.N.self_attn.k_proj.weight,language model,4.0,BF16,"(512, 2560)",1310720
model.language_model.layers.4.self_attn.o_proj.weight,model.language_model.layers.N.self_attn.o_proj.weight,language model,4.0,BF16,"(2560, 2048)",5242880
model.language_model.layers.4.self_attn.q_norm.weight,model.language_model.layers.N.self_attn.q_norm.weight,language model,4.0,BF16,"(256,)",256
model.language_model.layers.4.self_attn.q_proj.weight,model.language_model.layers.N.self_attn.q_proj.weight,language model,4.0,BF16,"(2048, 2560)",5242880
model.language_model.layers.4.self_attn.v_proj.weight,model.language_model.layers.N.self_attn.v_proj.weight,language model,4.0,BF16,"(512, 2560)",1310720
model.language_model.layers.40.input_layernorm.weight,model.language_model.layers.N.input_layernorm.weight,language model,40.0,BF16,"(2560,)",2560
model.language_model.layers.40.layer_scalar,model.language_model.layers.N.layer_scalar,language model,40.0,BF16,"(1,)",1
model.language_model.layers.40.mlp.down_proj.weight,model.language_model.layers.N.mlp.down_proj.weight,language model,40.0,BF16,"(2560, 10240)",26214400
model.language_model.layers.40.mlp.gate_proj.weight,model.language_model.layers.N.mlp.gate_proj.weight,language model,40.0,BF16,"(10240, 2560)",26214400
model.language_model.layers.40.mlp.up_proj.weight,model.language_model.layers.N.mlp.up_proj.weight,language model,40.0,BF16,"(10240, 2560)",26214400
model.language_model.layers.40.per_layer_input_gate.weight,model.language_model.layers.N.per_layer_input_gate.weight,language model,40.0,BF16,"(256, 2560)",655360
model.language_model.layers.40.per_layer_projection.weight,model.language_model.layers.N.per_layer_projection.weight,language model,40.0,BF16,"(2560, 256)",655360
model.language_model.layers.40.post_attention_layernorm.weight,model.language_model.layers.N.post_attention_layernorm.weight,language model,40.0,BF16,"(2560,)",2560
model.language_model.layers.40.post_feedforward_layernorm.weight,model.language_model.layers.N.post_feedforward_layernorm.weight,language model,40.0,BF16,"(2560,)",2560
model.language_model.layers.40.post_per_layer_input_norm.weight,model.language_model.layers.N.post_per_layer_input_norm.weight,language model,40.0,BF16,"(2560,)",2560
model.language_model.layers.40.pre_feedforward_layernorm.weight,model.language_model.layers.N.pre_feedforward_layernorm.weight,language model,40.0,BF16,"(2560,)",2560
model.language_model.layers.40.self_attn.k_norm.weight,model.language_model.layers.N.self_attn.k_norm.weight,language model,40.0,BF16,"(256,)",256
model.language_model.layers.40.self_attn.k_proj.weight,model.language_model.layers.N.self_attn.k_proj.weight,language model,40.0,BF16,"(512, 2560)",1310720
model.language_model.layers.40.self_attn.o_proj.weight,model.language_model.layers.N.self_attn.o_proj.weight,language model,40.0,BF16,"(2560, 2048)",5242880
model.language_model.layers.40.self_attn.q_norm.weight,model.language_model.layers.N.self_attn.q_norm.weight,language model,40.0,BF16,"(256,)",256
model.language_model.layers.40.self_attn.q_proj.weight,model.language_model.layers.N.self_attn.q_proj.weight,language model,40.0,BF16,"(2048, 2560)",5242880
model.language_model.layers.40.self_attn.v_proj.weight,model.language_model.layers.N.self_attn.v_proj.weight,language model,40.0,BF16,"(512, 2560)",1310720
model.language_model.layers.41.input_layernorm.weight,model.language_model.layers.N.input_layernorm.weight,language model,41.0,BF16,"(2560,)",2560
model.language_model.layers.41.layer_scalar,model.language_model.layers.N.layer_scalar,language model,41.0,BF16,"(1,)",1
model.language_model.layers.41.mlp.down_proj.weight,model.language_model.layers.N.mlp.down_proj.weight,language model,41.0,BF16,"(2560, 10240)",26214400
model.language_model.layers.41.mlp.gate_proj.weight,model.language_model.layers.N.mlp.gate_proj.weight,language model,41.0,BF16,"(10240, 2560)",26214400
model.language_model.layers.41.mlp.up_proj.weight,model.language_model.layers.N.mlp.up_proj.weight,language model,41.0,BF16,"(10240, 2560)",26214400
model.language_model.layers.41.per_layer_input_gate.weight,model.language_model.layers.N.per_layer_input_gate.weight,language model,41.0,BF16,"(256, 2560)",655360
model.language_model.layers.41.per_layer_projection.weight,model.language_model.layers.N.per_layer_projection.weight,language model,41.0,BF16,"(2560, 256)",655360
model.language_model.layers.41.post_attention_layernorm.weight,model.language_model.layers.N.post_attention_layernorm.weight,language model,41.0,BF16,"(2560,)",2560
model.language_model.layers.41.post_feedforward_layernorm.weight,model.language_model.layers.N.post_feedforward_layernorm.weight,language model,41.0,BF16,"(2560,)",2560
model.language_model.layers.41.post_per_layer_input_norm.weight,model.language_model.layers.N.post_per_layer_input_norm.weight,language model,41.0,BF16,"(2560,)",2560
model.language_model.layers.41.pre_feedforward_layernorm.weight,model.language_model.layers.N.pre_feedforward_layernorm.weight,language model,41.0,BF16,"(2560,)",2560
model.language_model.layers.41.self_attn.k_norm.weight,model.language_model.layers.N.self_attn.k_norm.weight,language model,41.0,BF16,"(512,)",512
model.language_model.layers.41.self_attn.k_proj.weight,model.language_model.layers.N.self_attn.k_proj.weight,language model,41.0,BF16,"(1024, 2560)",2621440
model.language_model.layers.41.self_attn.o_proj.weight,model.language_model.layers.N.self_attn.o_proj.weight,language model,41.0,BF16,"(2560, 4096)",10485760
model.language_model.layers.41.self_attn.q_norm.weight,model.language_model.layers.N.self_attn.q_norm.weight,language model,41.0,BF16,"(512,)",512
model.language_model.layers.41.self_attn.q_proj.weight,model.language_model.layers.N.self_attn.q_proj.weight,language model,41.0,BF16,"(4096, 2560)",10485760
model.language_model.layers.41.self_attn.v_proj.weight,model.language_model.layers.N.self_attn.v_proj.weight,language model,41.0,BF16,"(1024, 2560)",2621440
model.language_model.layers.5.input_layernorm.weight,model.language_model.layers.N.input_layernorm.weight,language model,5.0,BF16,"(2560,)",2560
model.language_model.layers.5.layer_scalar,model.language_model.layers.N.layer_scalar,language model,5.0,BF16,"(1,)",1
model.language_model.layers.5.mlp.down_proj.weight,model.language_model.layers.N.mlp.down_proj.weight,language model,5.0,BF16,"(2560, 10240)",26214400
model.language_model.layers.5.mlp.gate_proj.weight,model.language_model.layers.N.mlp.gate_proj.weight,language model,5.0,BF16,"(10240, 2560)",26214400
model.language_model.layers.5.mlp.up_proj.weight,model.language_model.layers.N.mlp.up_proj.weight,language model,5.0,BF16,"(10240, 2560)",26214400
model.language_model.layers.5.per_layer_input_gate.weight,model.language_model.layers.N.per_layer_input_gate.weight,language model,5.0,BF16,"(256, 2560)",655360
model.language_model.layers.5.per_layer_projection.weight,model.language_model.layers.N.per_layer_projection.weight,language model,5.0,BF16,"(2560, 256)",655360
model.language_model.layers.5.post_attention_layernorm.weight,model.language_model.layers.N.post_attention_layernorm.weight,language model,5.0,BF16,"(2560,)",2560
model.language_model.layers.5.post_feedforward_layernorm.weight,model.language_model.layers.N.post_feedforward_layernorm.weight,language model,5.0,BF16,"(2560,)",2560
model.language_model.layers.5.post_per_layer_input_norm.weight,model.language_model.layers.N.post_per_layer_input_norm.weight,language model,5.0,BF16,"(2560,)",2560
model.language_model.layers.5.pre_feedforward_layernorm.weight,model.language_model.layers.N.pre_feedforward_layernorm.weight,language model,5.0,BF16,"(2560,)",2560
model.language_model.layers.5.self_attn.k_norm.weight,model.language_model.layers.N.self_attn.k_norm.weight,language model,5.0,BF16,"(512,)",512
model.language_model.layers.5.self_attn.k_proj.weight,model.language_model.layers.N.self_attn.k_proj.weight,language model,5.0,BF16,"(1024, 2560)",2621440
model.language_model.layers.5.self_attn.o_proj.weight,model.language_model.layers.N.self_attn.o_proj.weight,language model,5.0,BF16,"(2560, 4096)",10485760
model.language_model.layers.5.self_attn.q_norm.weight,model.language_model.layers.N.self_attn.q_norm.weight,language model,5.0,BF16,"(512,)",512
model.language_model.layers.5.self_attn.q_proj.weight,model.language_model.layers.N.self_attn.q_proj.weight,language model,5.0,BF16,"(4096, 2560)",10485760
model.language_model.layers.5.self_attn.v_proj.weight,model.language_model.layers.N.self_attn.v_proj.weight,language model,5.0,BF16,"(1024, 2560)",2621440
model.language_model.layers.6.input_layernorm.weight,model.language_model.layers.N.input_layernorm.weight,language model,6.0,BF16,"(2560,)",2560
model.language_model.layers.6.layer_scalar,model.language_model.layers.N.layer_scalar,language model,6.0,BF16,"(1,)",1
model.language_model.layers.6.mlp.down_proj.weight,model.language_model.layers.N.mlp.down_proj.weight,language model,6.0,BF16,"(2560, 10240)",26214400
model.language_model.layers.6.mlp.gate_proj.weight,model.language_model.layers.N.mlp.gate_proj.weight,language model,6.0,BF16,"(10240, 2560)",26214400
model.language_model.layers.6.mlp.up_proj.weight,model.language_model.layers.N.mlp.up_proj.weight,language model,6.0,BF16,"(10240, 2560)",26214400
model.language_model.layers.6.per_layer_input_gate.weight,model.language_model.layers.N.per_layer_input_gate.weight,language model,6.0,BF16,"(256, 2560)",655360
model.language_model.layers.6.per_layer_projection.weight,model.language_model.layers.N.per_layer_projection.weight,language model,6.0,BF16,"(2560, 256)",655360
model.language_model.layers.6.post_attention_layernorm.weight,model.language_model.layers.N.post_attention_layernorm.weight,language model,6.0,BF16,"(2560,)",2560
model.language_model.layers.6.post_feedforward_layernorm.weight,model.language_model.layers.N.post_feedforward_layernorm.weight,language model,6.0,BF16,"(2560,)",2560
model.language_model.layers.6.post_per_layer_input_norm.weight,model.language_model.layers.N.post_per_layer_input_norm.weight,language model,6.0,BF16,"(2560,)",2560
model.language_model.layers.6.pre_feedforward_layernorm.weight,model.language_model.layers.N.pre_feedforward_layernorm.weight,language model,6.0,BF16,"(2560,)",2560
model.language_model.layers.6.self_attn.k_norm.weight,model.language_model.layers.N.self_attn.k_norm.weight,language model,6.0,BF16,"(256,)",256
model.language_model.layers.6.self_attn.k_proj.weight,model.language_model.layers.N.self_attn.k_proj.weight,language model,6.0,BF16,"(512, 2560)",1310720
model.language_model.layers.6.self_attn.o_proj.weight,model.language_model.layers.N.self_attn.o_proj.weight,language model,6.0,BF16,"(2560, 2048)",5242880
model.language_model.layers.6.self_attn.q_norm.weight,model.language_model.layers.N.self_attn.q_norm.weight,language model,6.0,BF16,"(256,)",256
model.language_model.layers.6.self_attn.q_proj.weight,model.language_model.layers.N.self_attn.q_proj.weight,language model,6.0,BF16,"(2048, 2560)",5242880
model.language_model.layers.6.self_attn.v_proj.weight,model.language_model.layers.N.self_attn.v_proj.weight,language model,6.0,BF16,"(512, 2560)",1310720
model.language_model.layers.7.input_layernorm.weight,model.language_model.layers.N.input_layernorm.weight,language model,7.0,BF16,"(2560,)",2560
model.language_model.layers.7.layer_scalar,model.language_model.layers.N.layer_scalar,language model,7.0,BF16,"(1,)",1
model.language_model.layers.7.mlp.down_proj.weight,model.language_model.layers.N.mlp.down_proj.weight,language model,7.0,BF16,"(2560, 10240)",26214400
model.language_model.layers.7.mlp.gate_proj.weight,model.language_model.layers.N.mlp.gate_proj.weight,language model,7.0,BF16,"(10240, 2560)",26214400
model.language_model.layers.7.mlp.up_proj.weight,model.language_model.layers.N.mlp.up_proj.weight,language model,7.0,BF16,"(10240, 2560)",26214400
model.language_model.layers.7.per_layer_input_gate.weight,model.language_model.layers.N.per_layer_input_gate.weight,language model,7.0,BF16,"(256, 2560)",655360
model.language_model.layers.7.per_layer_projection.weight,model.language_model.layers.N.per_layer_projection.weight,language model,7.0,BF16,"(2560, 256)",655360
model.language_model.layers.7.post_attention_layernorm.weight,model.language_model.layers.N.post_attention_layernorm.weight,language model,7.0,BF16,"(2560,)",2560
model.language_model.layers.7.post_feedforward_layernorm.weight,model.language_model.layers.N.post_feedforward_layernorm.weight,language model,7.0,BF16,"(2560,)",2560
model.language_model.layers.7.post_per_layer_input_norm.weight,model.language_model.layers.N.post_per_layer_input_norm.weight,language model,7.0,BF16,"(2560,)",2560
model.language_model.layers.7.pre_feedforward_layernorm.weight,model.language_model.layers.N.pre_feedforward_layernorm.weight,language model,7.0,BF16,"(2560,)",2560
model.language_model.layers.7.self_attn.k_norm.weight,model.language_model.layers.N.self_attn.k_norm.weight,language model,7.0,BF16,"(256,)",256
model.language_model.layers.7.self_attn.k_proj.weight,model.language_model.layers.N.self_attn.k_proj.weight,language model,7.0,BF16,"(512, 2560)",1310720
model.language_model.layers.7.self_attn.o_proj.weight,model.language_model.layers.N.self_attn.o_proj.weight,language model,7.0,BF16,"(2560, 2048)",5242880
model.language_model.layers.7.self_attn.q_norm.weight,model.language_model.layers.N.self_attn.q_norm.weight,language model,7.0,BF16,"(256,)",256
model.language_model.layers.7.self_attn.q_proj.weight,model.language_model.layers.N.self_attn.q_proj.weight,language model,7.0,BF16,"(2048, 2560)",5242880
model.language_model.layers.7.self_attn.v_proj.weight,model.language_model.layers.N.self_attn.v_proj.weight,language model,7.0,BF16,"(512, 2560)",1310720
model.language_model.layers.8.input_layernorm.weight,model.language_model.layers.N.input_layernorm.weight,language model,8.0,BF16,"(2560,)",2560
model.language_model.layers.8.layer_scalar,model.language_model.layers.N.layer_scalar,language model,8.0,BF16,"(1,)",1
model.language_model.layers.8.mlp.down_proj.weight,model.language_model.layers.N.mlp.down_proj.weight,language model,8.0,BF16,"(2560, 10240)",26214400
model.language_model.layers.8.mlp.gate_proj.weight,model.language_model.layers.N.mlp.gate_proj.weight,language model,8.0,BF16,"(10240, 2560)",26214400
model.language_model.layers.8.mlp.up_proj.weight,model.language_model.layers.N.mlp.up_proj.weight,language model,8.0,BF16,"(10240, 2560)",26214400
model.language_model.layers.8.per_layer_input_gate.weight,model.language_model.layers.N.per_layer_input_gate.weight,language model,8.0,BF16,"(256, 2560)",655360
model.language_model.layers.8.per_layer_projection.weight,model.language_model.layers.N.per_layer_projection.weight,language model,8.0,BF16,"(2560, 256)",655360
model.language_model.layers.8.post_attention_layernorm.weight,model.language_model.layers.N.post_attention_layernorm.weight,language model,8.0,BF16,"(2560,)",2560
model.language_model.layers.8.post_feedforward_layernorm.weight,model.language_model.layers.N.post_feedforward_layernorm.weight,language model,8.0,BF16,"(2560,)",2560
model.language_model.layers.8.post_per_layer_input_norm.weight,model.language_model.layers.N.post_per_layer_input_norm.weight,language model,8.0,BF16,"(2560,)",2560
model.language_model.layers.8.pre_feedforward_layernorm.weight,model.language_model.layers.N.pre_feedforward_layernorm.weight,language model,8.0,BF16,"(2560,)",2560
model.language_model.layers.8.self_attn.k_norm.weight,model.language_model.layers.N.self_attn.k_norm.weight,language model,8.0,BF16,"(256,)",256
model.language_model.layers.8.self_attn.k_proj.weight,model.language_model.layers.N.self_attn.k_proj.weight,language model,8.0,BF16,"(512, 2560)",1310720
model.language_model.layers.8.self_attn.o_proj.weight,model.language_model.layers.N.self_attn.o_proj.weight,language model,8.0,BF16,"(2560, 2048)",5242880
model.language_model.layers.8.self_attn.q_norm.weight,model.language_model.layers.N.self_attn.q_norm.weight,language model,8.0,BF16,"(256,)",256
model.language_model.layers.8.self_attn.q_proj.weight,model.language_model.layers.N.self_attn.q_proj.weight,language model,8.0,BF16,"(2048, 2560)",5242880
model.language_model.layers.8.self_attn.v_proj.weight,model.language_model.layers.N.self_attn.v_proj.weight,language model,8.0,BF16,"(512, 2560)",1310720
model.language_model.layers.9.input_layernorm.weight,model.language_model.layers.N.input_layernorm.weight,language model,9.0,BF16,"(2560,)",2560
model.language_model.layers.9.layer_scalar,model.language_model.layers.N.layer_scalar,language model,9.0,BF16,"(1,)",1
model.language_model.layers.9.mlp.down_proj.weight,model.language_model.layers.N.mlp.down_proj.weight,language model,9.0,BF16,"(2560, 10240)",26214400
model.language_model.layers.9.mlp.gate_proj.weight,model.language_model.layers.N.mlp.gate_proj.weight,language model,9.0,BF16,"(10240, 2560)",26214400
model.language_model.layers.9.mlp.up_proj.weight,model.language_model.layers.N.mlp.up_proj.weight,language model,9.0,BF16,"(10240, 2560)",26214400
model.language_model.layers.9.per_layer_input_gate.weight,model.language_model.layers.N.per_layer_input_gate.weight,language model,9.0,BF16,"(256, 2560)",655360
model.language_model.layers.9.per_layer_projection.weight,model.language_model.layers.N.per_layer_projection.weight,language model,9.0,BF16,"(2560, 256)",655360
model.language_model.layers.9.post_attention_layernorm.weight,model.language_model.layers.N.post_attention_layernorm.weight,language model,9.0,BF16,"(2560,)",2560
model.language_model.layers.9.post_feedforward_layernorm.weight,model.language_model.layers.N.post_feedforward_layernorm.weight,language model,9.0,BF16,"(2560,)",2560
model.language_model.layers.9.post_per_layer_input_norm.weight,model.language_model.layers.N.post_per_layer_input_norm.weight,language model,9.0,BF16,"(2560,)",2560
model.language_model.layers.9.pre_feedforward_layernorm.weight,model.language_model.layers.N.pre_feedforward_layernorm.weight,language model,9.0,BF16,"(2560,)",2560
model.language_model.layers.9.self_attn.k_norm.weight,model.language_model.layers.N.self_attn.k_norm.weight,language model,9.0,BF16,"(256,)",256
model.language_model.layers.9.self_attn.k_proj.weight,model.language_model.layers.N.self_attn.k_proj.weight,language model,9.0,BF16,"(512, 2560)",1310720
model.language_model.layers.9.self_attn.o_proj.weight,model.language_model.layers.N.self_attn.o_proj.weight,language model,9.0,BF16,"(2560, 2048)",5242880
model.language_model.layers.9.self_attn.q_norm.weight,model.language_model.layers.N.self_attn.q_norm.weight,language model,9.0,BF16,"(256,)",256
model.language_model.layers.9.self_attn.q_proj.weight,model.language_model.layers.N.self_attn.q_proj.weight,language model,9.0,BF16,"(2048, 2560)",5242880
model.language_model.layers.9.self_attn.v_proj.weight,model.language_model.layers.N.self_attn.v_proj.weight,language model,9.0,BF16,"(512, 2560)",1310720
model.language_model.norm.weight,model.language_model.norm.weight,language model,,BF16,"(2560,)",2560
model.language_model.per_layer_model_projection.weight,model.language_model.per_layer_model_projection.weight,language model,,BF16,"(10752, 2560)",27525120
model.language_model.per_layer_projection_norm.weight,model.language_model.per_layer_projection_norm.weight,language model,,BF16,"(256,)",256
model.vision_tower.encoder.layers.0.input_layernorm.weight,model.vision_tower.encoder.layers.N.input_layernorm.weight,vision,0.0,BF16,"(768,)",768
model.vision_tower.encoder.layers.0.mlp.down_proj.input_max,model.vision_tower.encoder.layers.N.mlp.down_proj.input_max,vision,0.0,BF16,(),1
model.vision_tower.encoder.layers.0.mlp.down_proj.input_min,model.vision_tower.encoder.layers.N.mlp.down_proj.input_min,vision,0.0,BF16,(),1
model.vision_tower.encoder.layers.0.mlp.down_proj.linear.weight,model.vision_tower.encoder.layers.N.mlp.down_proj.linear.weight,vision,0.0,BF16,"(768, 3072)",2359296
model.vision_tower.encoder.layers.0.mlp.down_proj.output_max,model.vision_tower.encoder.layers.N.mlp.down_proj.output_max,vision,0.0,BF16,(),1
model.vision_tower.encoder.layers.0.mlp.down_proj.output_min,model.vision_tower.encoder.layers.N.mlp.down_proj.output_min,vision,0.0,BF16,(),1
model.vision_tower.encoder.layers.0.mlp.gate_proj.input_max,model.vision_tower.encoder.layers.N.mlp.gate_proj.input_max,vision,0.0,BF16,(),1
model.vision_tower.encoder.layers.0.mlp.gate_proj.input_min,model.vision_tower.encoder.layers.N.mlp.gate_proj.input_min,vision,0.0,BF16,(),1
model.vision_tower.encoder.layers.0.mlp.gate_proj.linear.weight,model.vision_tower.encoder.layers.N.mlp.gate_proj.linear.weight,vision,0.0,BF16,"(3072, 768)",2359296
model.vision_tower.encoder.layers.0.mlp.gate_proj.output_max,model.vision_tower.encoder.layers.N.mlp.gate_proj.output_max,vision,0.0,BF16,(),1
model.vision_tower.encoder.layers.0.mlp.gate_proj.output_min,model.vision_tower.encoder.layers.N.mlp.gate_proj.output_min,vision,0.0,BF16,(),1
model.vision_tower.encoder.layers.0.mlp.up_proj.input_max,model.vision_tower.encoder.layers.N.mlp.up_proj.input_max,vision,0.0,BF16,(),1
model.vision_tower.encoder.layers.0.mlp.up_proj.input_min,model.vision_tower.encoder.layers.N.mlp.up_proj.input_min,vision,0.0,BF16,(),1
model.vision_tower.encoder.layers.0.mlp.up_proj.linear.weight,model.vision_tower.encoder.layers.N.mlp.up_proj.linear.weight,vision,0.0,BF16,"(3072, 768)",2359296
model.vision_tower.encoder.layers.0.mlp.up_proj.output_max,model.vision_tower.encoder.layers.N.mlp.up_proj.output_max,vision,0.0,BF16,(),1
model.vision_tower.encoder.layers.0.mlp.up_proj.output_min,model.vision_tower.encoder.layers.N.mlp.up_proj.output_min,vision,0.0,BF16,(),1
model.vision_tower.encoder.layers.0.post_attention_layernorm.weight,model.vision_tower.encoder.layers.N.post_attention_layernorm.weight,vision,0.0,BF16,"(768,)",768
model.vision_tower.encoder.layers.0.post_feedforward_layernorm.weight,model.vision_tower.encoder.layers.N.post_feedforward_layernorm.weight,vision,0.0,BF16,"(768,)",768
model.vision_tower.encoder.layers.0.pre_feedforward_layernorm.weight,model.vision_tower.encoder.layers.N.pre_feedforward_layernorm.weight,vision,0.0,BF16,"(768,)",768
model.vision_tower.encoder.layers.0.self_attn.k_norm.weight,model.vision_tower.encoder.layers.N.self_attn.k_norm.weight,vision,0.0,BF16,"(64,)",64
model.vision_tower.encoder.layers.0.self_attn.k_proj.input_max,model.vision_tower.encoder.layers.N.self_attn.k_proj.input_max,vision,0.0,BF16,(),1
model.vision_tower.encoder.layers.0.self_attn.k_proj.input_min,model.vision_tower.encoder.layers.N.self_attn.k_proj.input_min,vision,0.0,BF16,(),1
model.vision_tower.encoder.layers.0.self_attn.k_proj.linear.weight,model.vision_tower.encoder.layers.N.self_attn.k_proj.linear.weight,vision,0.0,BF16,"(768, 768)",589824
model.vision_tower.encoder.layers.0.self_attn.k_proj.output_max,model.vision_tower.encoder.layers.N.self_attn.k_proj.output_max,vision,0.0,BF16,(),1
model.vision_tower.encoder.layers.0.self_attn.k_proj.output_min,model.vision_tower.encoder.layers.N.self_attn.k_proj.output_min,vision,0.0,BF16,(),1
model.vision_tower.encoder.layers.0.self_attn.o_proj.input_max,model.vision_tower.encoder.layers.N.self_attn.o_proj.input_max,vision,0.0,BF16,(),1
model.vision_tower.encoder.layers.0.self_attn.o_proj.input_min,model.vision_tower.encoder.layers.N.self_attn.o_proj.input_min,vision,0.0,BF16,(),1
model.vision_tower.encoder.layers.0.self_attn.o_proj.linear.weight,model.vision_tower.encoder.layers.N.self_attn.o_proj.linear.weight,vision,0.0,BF16,"(768, 768)",589824
model.vision_tower.encoder.layers.0.self_attn.o_proj.output_max,model.vision_tower.encoder.layers.N.self_attn.o_proj.output_max,vision,0.0,BF16,(),1
model.vision_tower.encoder.layers.0.self_attn.o_proj.output_min,model.vision_tower.encoder.layers.N.self_attn.o_proj.output_min,vision,0.0,BF16,(),1
model.vision_tower.encoder.layers.0.self_attn.q_norm.weight,model.vision_tower.encoder.layers.N.self_attn.q_norm.weight,vision,0.0,BF16,"(64,)",64
model.vision_tower.encoder.layers.0.self_attn.q_proj.input_max,model.vision_tower.encoder.layers.N.self_attn.q_proj.input_max,vision,0.0,BF16,(),1
model.vision_tower.encoder.layers.0.self_attn.q_proj.input_min,model.vision_tower.encoder.layers.N.self_attn.q_proj.input_min,vision,0.0,BF16,(),1
model.vision_tower.encoder.layers.0.self_attn.q_proj.linear.weight,model.vision_tower.encoder.layers.N.self_attn.q_proj.linear.weight,vision,0.0,BF16,"(768, 768)",589824
model.vision_tower.encoder.layers.0.self_attn.q_proj.output_max,model.vision_tower.encoder.layers.N.self_attn.q_proj.output_max,vision,0.0,BF16,(),1
model.vision_tower.encoder.layers.0.self_attn.q_proj.output_min,model.vision_tower.encoder.layers.N.self_attn.q_proj.output_min,vision,0.0,BF16,(),1
model.vision_tower.encoder.layers.0.self_attn.v_proj.input_max,model.vision_tower.encoder.layers.N.self_attn.v_proj.input_max,vision,0.0,BF16,(),1
model.vision_tower.encoder.layers.0.self_attn.v_proj.input_min,model.vision_tower.encoder.layers.N.self_attn.v_proj.input_min,vision,0.0,BF16,(),1
model.vision_tower.encoder.layers.0.self_attn.v_proj.linear.weight,model.vision_tower.encoder.layers.N.self_attn.v_proj.linear.weight,vision,0.0,BF16,"(768, 768)",589824
model.vision_tower.encoder.layers.0.self_attn.v_proj.output_max,model.vision_tower.encoder.layers.N.self_attn.v_proj.output_max,vision,0.0,BF16,(),1
model.vision_tower.encoder.layers.0.self_attn.v_proj.output_min,model.vision_tower.encoder.layers.N.self_attn.v_proj.output_min,vision,0.0,BF16,(),1
model.vision_tower.encoder.layers.1.input_layernorm.weight,model.vision_tower.encoder.layers.N.input_layernorm.weight,vision,1.0,BF16,"(768,)",768
model.vision_tower.encoder.layers.1.mlp.down_proj.input_max,model.vision_tower.encoder.layers.N.mlp.down_proj.input_max,vision,1.0,BF16,(),1
model.vision_tower.encoder.layers.1.mlp.down_proj.input_min,model.vision_tower.encoder.layers.N.mlp.down_proj.input_min,vision,1.0,BF16,(),1
model.vision_tower.encoder.layers.1.mlp.down_proj.linear.weight,model.vision_tower.encoder.layers.N.mlp.down_proj.linear.weight,vision,1.0,BF16,"(768, 3072)",2359296
model.vision_tower.encoder.layers.1.mlp.down_proj.output_max,model.vision_tower.encoder.layers.N.mlp.down_proj.output_max,vision,1.0,BF16,(),1
model.vision_tower.encoder.layers.1.mlp.down_proj.output_min,model.vision_tower.encoder.layers.N.mlp.down_proj.output_min,vision,1.0,BF16,(),1
model.vision_tower.encoder.layers.1.mlp.gate_proj.input_max,model.vision_tower.encoder.layers.N.mlp.gate_proj.input_max,vision,1.0,BF16,(),1
model.vision_tower.encoder.layers.1.mlp.gate_proj.input_min,model.vision_tower.encoder.layers.N.mlp.gate_proj.input_min,vision,1.0,BF16,(),1
model.vision_tower.encoder.layers.1.mlp.gate_proj.linear.weight,model.vision_tower.encoder.layers.N.mlp.gate_proj.linear.weight,vision,1.0,BF16,"(3072, 768)",2359296
model.vision_tower.encoder.layers.1.mlp.gate_proj.output_max,model.vision_tower.encoder.layers.N.mlp.gate_proj.output_max,vision,1.0,BF16,(),1
model.vision_tower.encoder.layers.1.mlp.gate_proj.output_min,model.vision_tower.encoder.layers.N.mlp.gate_proj.output_min,vision,1.0,BF16,(),1
model.vision_tower.encoder.layers.1.mlp.up_proj.input_max,model.vision_tower.encoder.layers.N.mlp.up_proj.input_max,vision,1.0,BF16,(),1
model.vision_tower.encoder.layers.1.mlp.up_proj.input_min,model.vision_tower.encoder.layers.N.mlp.up_proj.input_min,vision,1.0,BF16,(),1
model.vision_tower.encoder.layers.1.mlp.up_proj.linear.weight,model.vision_tower.encoder.layers.N.mlp.up_proj.linear.weight,vision,1.0,BF16,"(3072, 768)",2359296
model.vision_tower.encoder.layers.1.mlp.up_proj.output_max,model.vision_tower.encoder.layers.N.mlp.up_proj.output_max,vision,1.0,BF16,(),1
model.vision_tower.encoder.layers.1.mlp.up_proj.output_min,model.vision_tower.encoder.layers.N.mlp.up_proj.output_min,vision,1.0,BF16,(),1
model.vision_tower.encoder.layers.1.post_attention_layernorm.weight,model.vision_tower.encoder.layers.N.post_attention_layernorm.weight,vision,1.0,BF16,"(768,)",768
model.vision_tower.encoder.layers.1.post_feedforward_layernorm.weight,model.vision_tower.encoder.layers.N.post_feedforward_layernorm.weight,vision,1.0,BF16,"(768,)",768
model.vision_tower.encoder.layers.1.pre_feedforward_layernorm.weight,model.vision_tower.encoder.layers.N.pre_feedforward_layernorm.weight,vision,1.0,BF16,"(768,)",768
model.vision_tower.encoder.layers.1.self_attn.k_norm.weight,model.vision_tower.encoder.layers.N.self_attn.k_norm.weight,vision,1.0,BF16,"(64,)",64
model.vision_tower.encoder.layers.1.self_attn.k_proj.input_max,model.vision_tower.encoder.layers.N.self_attn.k_proj.input_max,vision,1.0,BF16,(),1
model.vision_tower.encoder.layers.1.self_attn.k_proj.input_min,model.vision_tower.encoder.layers.N.self_attn.k_proj.input_min,vision,1.0,BF16,(),1
model.vision_tower.encoder.layers.1.self_attn.k_proj.linear.weight,model.vision_tower.encoder.layers.N.self_attn.k_proj.linear.weight,vision,1.0,BF16,"(768, 768)",589824
model.vision_tower.encoder.layers.1.self_attn.k_proj.output_max,model.vision_tower.encoder.layers.N.self_attn.k_proj.output_max,vision,1.0,BF16,(),1
model.vision_tower.encoder.layers.1.self_attn.k_proj.output_min,model.vision_tower.encoder.layers.N.self_attn.k_proj.output_min,vision,1.0,BF16,(),1
model.vision_tower.encoder.layers.1.self_attn.o_proj.input_max,model.vision_tower.encoder.layers.N.self_attn.o_proj.input_max,vision,1.0,BF16,(),1
model.vision_tower.encoder.layers.1.self_attn.o_proj.input_min,model.vision_tower.encoder.layers.N.self_attn.o_proj.input_min,vision,1.0,BF16,(),1
model.vision_tower.encoder.layers.1.self_attn.o_proj.linear.weight,model.vision_tower.encoder.layers.N.self_attn.o_proj.linear.weight,vision,1.0,BF16,"(768, 768)",589824
model.vision_tower.encoder.layers.1.self_attn.o_proj.output_max,model.vision_tower.encoder.layers.N.self_attn.o_proj.output_max,vision,1.0,BF16,(),1
model.vision_tower.encoder.layers.1.self_attn.o_proj.output_min,model.vision_tower.encoder.layers.N.self_attn.o_proj.output_min,vision,1.0,BF16,(),1
model.vision_tower.encoder.layers.1.self_attn.q_norm.weight,model.vision_tower.encoder.layers.N.self_attn.q_norm.weight,vision,1.0,BF16,"(64,)",64
model.vision_tower.encoder.layers.1.self_attn.q_proj.input_max,model.vision_tower.encoder.layers.N.self_attn.q_proj.input_max,vision,1.0,BF16,(),1
model.vision_tower.encoder.layers.1.self_attn.q_proj.input_min,model.vision_tower.encoder.layers.N.self_attn.q_proj.input_min,vision,1.0,BF16,(),1
model.vision_tower.encoder.layers.1.self_attn.q_proj.linear.weight,model.vision_tower.encoder.layers.N.self_attn.q_proj.linear.weight,vision,1.0,BF16,"(768, 768)",589824
model.vision_tower.encoder.layers.1.self_attn.q_proj.output_max,model.vision_tower.encoder.layers.N.self_attn.q_proj.output_max,vision,1.0,BF16,(),1
model.vision_tower.encoder.layers.1.self_attn.q_proj.output_min,model.vision_tower.encoder.layers.N.self_attn.q_proj.output_min,vision,1.0,BF16,(),1
model.vision_tower.encoder.layers.1.self_attn.v_proj.input_max,model.vision_tower.encoder.layers.N.self_attn.v_proj.input_max,vision,1.0,BF16,(),1
model.vision_tower.encoder.layers.1.self_attn.v_proj.input_min,model.vision_tower.encoder.layers.N.self_attn.v_proj.input_min,vision,1.0,BF16,(),1
model.vision_tower.encoder.layers.1.self_attn.v_proj.linear.weight,model.vision_tower.encoder.layers.N.self_attn.v_proj.linear.weight,vision,1.0,BF16,"(768, 768)",589824
model.vision_tower.encoder.layers.1.self_attn.v_proj.output_max,model.vision_tower.encoder.layers.N.self_attn.v_proj.output_max,vision,1.0,BF16,(),1
model.vision_tower.encoder.layers.1.self_attn.v_proj.output_min,model.vision_tower.encoder.layers.N.self_attn.v_proj.output_min,vision,1.0,BF16,(),1
model.vision_tower.encoder.layers.10.input_layernorm.weight,model.vision_tower.encoder.layers.N.input_layernorm.weight,vision,10.0,BF16,"(768,)",768
model.vision_tower.encoder.layers.10.mlp.down_proj.input_max,model.vision_tower.encoder.layers.N.mlp.down_proj.input_max,vision,10.0,BF16,(),1
model.vision_tower.encoder.layers.10.mlp.down_proj.input_min,model.vision_tower.encoder.layers.N.mlp.down_proj.input_min,vision,10.0,BF16,(),1
model.vision_tower.encoder.layers.10.mlp.down_proj.linear.weight,model.vision_tower.encoder.layers.N.mlp.down_proj.linear.weight,vision,10.0,BF16,"(768, 3072)",2359296
model.vision_tower.encoder.layers.10.mlp.down_proj.output_max,model.vision_tower.encoder.layers.N.mlp.down_proj.output_max,vision,10.0,BF16,(),1
model.vision_tower.encoder.layers.10.mlp.down_proj.output_min,model.vision_tower.encoder.layers.N.mlp.down_proj.output_min,vision,10.0,BF16,(),1
model.vision_tower.encoder.layers.10.mlp.gate_proj.input_max,model.vision_tower.encoder.layers.N.mlp.gate_proj.input_max,vision,10.0,BF16,(),1
model.vision_tower.encoder.layers.10.mlp.gate_proj.input_min,model.vision_tower.encoder.layers.N.mlp.gate_proj.input_min,vision,10.0,BF16,(),1
model.vision_tower.encoder.layers.10.mlp.gate_proj.linear.weight,model.vision_tower.encoder.layers.N.mlp.gate_proj.linear.weight,vision,10.0,BF16,"(3072, 768)",2359296
model.vision_tower.encoder.layers.10.mlp.gate_proj.output_max,model.vision_tower.encoder.layers.N.mlp.gate_proj.output_max,vision,10.0,BF16,(),1
model.vision_tower.encoder.layers.10.mlp.gate_proj.output_min,model.vision_tower.encoder.layers.N.mlp.gate_proj.output_min,vision,10.0,BF16,(),1
model.vision_tower.encoder.layers.10.mlp.up_proj.input_max,model.vision_tower.encoder.layers.N.mlp.up_proj.input_max,vision,10.0,BF16,(),1
model.vision_tower.encoder.layers.10.mlp.up_proj.input_min,model.vision_tower.encoder.layers.N.mlp.up_proj.input_min,vision,10.0,BF16,(),1
model.vision_tower.encoder.layers.10.mlp.up_proj.linear.weight,model.vision_tower.encoder.layers.N.mlp.up_proj.linear.weight,vision,10.0,BF16,"(3072, 768)",2359296
model.vision_tower.encoder.layers.10.mlp.up_proj.output_max,model.vision_tower.encoder.layers.N.mlp.up_proj.output_max,vision,10.0,BF16,(),1
model.vision_tower.encoder.layers.10.mlp.up_proj.output_min,model.vision_tower.encoder.layers.N.mlp.up_proj.output_min,vision,10.0,BF16,(),1
model.vision_tower.encoder.layers.10.post_attention_layernorm.weight,model.vision_tower.encoder.layers.N.post_attention_layernorm.weight,vision,10.0,BF16,"(768,)",768
model.vision_tower.encoder.layers.10.post_feedforward_layernorm.weight,model.vision_tower.encoder.layers.N.post_feedforward_layernorm.weight,vision,10.0,BF16,"(768,)",768
model.vision_tower.encoder.layers.10.pre_feedforward_layernorm.weight,model.vision_tower.encoder.layers.N.pre_feedforward_layernorm.weight,vision,10.0,BF16,"(768,)",768
model.vision_tower.encoder.layers.10.self_attn.k_norm.weight,model.vision_tower.encoder.layers.N.self_attn.k_norm.weight,vision,10.0,BF16,"(64,)",64
model.vision_tower.encoder.layers.10.self_attn.k_proj.input_max,model.vision_tower.encoder.layers.N.self_attn.k_proj.input_max,vision,10.0,BF16,(),1
model.vision_tower.encoder.layers.10.self_attn.k_proj.input_min,model.vision_tower.encoder.layers.N.self_attn.k_proj.input_min,vision,10.0,BF16,(),1
model.vision_tower.encoder.layers.10.self_attn.k_proj.linear.weight,model.vision_tower.encoder.layers.N.self_attn.k_proj.linear.weight,vision,10.0,BF16,"(768, 768)",589824
model.vision_tower.encoder.layers.10.self_attn.k_proj.output_max,model.vision_tower.encoder.layers.N.self_attn.k_proj.output_max,vision,10.0,BF16,(),1
model.vision_tower.encoder.layers.10.self_attn.k_proj.output_min,model.vision_tower.encoder.layers.N.self_attn.k_proj.output_min,vision,10.0,BF16,(),1
model.vision_tower.encoder.layers.10.self_attn.o_proj.input_max,model.vision_tower.encoder.layers.N.self_attn.o_proj.input_max,vision,10.0,BF16,(),1
model.vision_tower.encoder.layers.10.self_attn.o_proj.input_min,model.vision_tower.encoder.layers.N.self_attn.o_proj.input_min,vision,10.0,BF16,(),1
model.vision_tower.encoder.layers.10.self_attn.o_proj.linear.weight,model.vision_tower.encoder.layers.N.self_attn.o_proj.linear.weight,vision,10.0,BF16,"(768, 768)",589824
model.vision_tower.encoder.layers.10.self_attn.o_proj.output_max,model.vision_tower.encoder.layers.N.self_attn.o_proj.output_max,vision,10.0,BF16,(),1
model.vision_tower.encoder.layers.10.self_attn.o_proj.output_min,model.vision_tower.encoder.layers.N.self_attn.o_proj.output_min,vision,10.0,BF16,(),1
model.vision_tower.encoder.layers.10.self_attn.q_norm.weight,model.vision_tower.encoder.layers.N.self_attn.q_norm.weight,vision,10.0,BF16,"(64,)",64
model.vision_tower.encoder.layers.10.self_attn.q_proj.input_max,model.vision_tower.encoder.layers.N.self_attn.q_proj.input_max,vision,10.0,BF16,(),1
model.vision_tower.encoder.layers.10.self_attn.q_proj.input_min,model.vision_tower.encoder.layers.N.self_attn.q_proj.input_min,vision,10.0,BF16,(),1
model.vision_tower.encoder.layers.10.self_attn.q_proj.linear.weight,model.vision_tower.encoder.layers.N.self_attn.q_proj.linear.weight,vision,10.0,BF16,"(768, 768)",589824
model.vision_tower.encoder.layers.10.self_attn.q_proj.output_max,model.vision_tower.encoder.layers.N.self_attn.q_proj.output_max,vision,10.0,BF16,(),1
model.vision_tower.encoder.layers.10.self_attn.q_proj.output_min,model.vision_tower.encoder.layers.N.self_attn.q_proj.output_min,vision,10.0,BF16,(),1
model.vision_tower.encoder.layers.10.self_attn.v_proj.input_max,model.vision_tower.encoder.layers.N.self_attn.v_proj.input_max,vision,10.0,BF16,(),1
model.vision_tower.encoder.layers.10.self_attn.v_proj.input_min,model.vision_tower.encoder.layers.N.self_attn.v_proj.input_min,vision,10.0,BF16,(),1
model.vision_tower.encoder.layers.10.self_attn.v_proj.linear.weight,model.vision_tower.encoder.layers.N.self_attn.v_proj.linear.weight,vision,10.0,BF16,"(768, 768)",589824
model.vision_tower.encoder.layers.10.self_attn.v_proj.output_max,model.vision_tower.encoder.layers.N.self_attn.v_proj.output_max,vision,10.0,BF16,(),1
model.vision_tower.encoder.layers.10.self_attn.v_proj.output_min,model.vision_tower.encoder.layers.N.self_attn.v_proj.output_min,vision,10.0,BF16,(),1
model.vision_tower.encoder.layers.11.input_layernorm.weight,model.vision_tower.encoder.layers.N.input_layernorm.weight,vision,11.0,BF16,"(768,)",768
model.vision_tower.encoder.layers.11.mlp.down_proj.input_max,model.vision_tower.encoder.layers.N.mlp.down_proj.input_max,vision,11.0,BF16,(),1
model.vision_tower.encoder.layers.11.mlp.down_proj.input_min,model.vision_tower.encoder.layers.N.mlp.down_proj.input_min,vision,11.0,BF16,(),1
model.vision_tower.encoder.layers.11.mlp.down_proj.linear.weight,model.vision_tower.encoder.layers.N.mlp.down_proj.linear.weight,vision,11.0,BF16,"(768, 3072)",2359296
model.vision_tower.encoder.layers.11.mlp.down_proj.output_max,model.vision_tower.encoder.layers.N.mlp.down_proj.output_max,vision,11.0,BF16,(),1
model.vision_tower.encoder.layers.11.mlp.down_proj.output_min,model.vision_tower.encoder.layers.N.mlp.down_proj.output_min,vision,11.0,BF16,(),1
model.vision_tower.encoder.layers.11.mlp.gate_proj.input_max,model.vision_tower.encoder.layers.N.mlp.gate_proj.input_max,vision,11.0,BF16,(),1
model.vision_tower.encoder.layers.11.mlp.gate_proj.input_min,model.vision_tower.encoder.layers.N.mlp.gate_proj.input_min,vision,11.0,BF16,(),1
model.vision_tower.encoder.layers.11.mlp.gate_proj.linear.weight,model.vision_tower.encoder.layers.N.mlp.gate_proj.linear.weight,vision,11.0,BF16,"(3072, 768)",2359296
model.vision_tower.encoder.layers.11.mlp.gate_proj.output_max,model.vision_tower.encoder.layers.N.mlp.gate_proj.output_max,vision,11.0,BF16,(),1
model.vision_tower.encoder.layers.11.mlp.gate_proj.output_min,model.vision_tower.encoder.layers.N.mlp.gate_proj.output_min,vision,11.0,BF16,(),1
model.vision_tower.encoder.layers.11.mlp.up_proj.input_max,model.vision_tower.encoder.layers.N.mlp.up_proj.input_max,vision,11.0,BF16,(),1
model.vision_tower.encoder.layers.11.mlp.up_proj.input_min,model.vision_tower.encoder.layers.N.mlp.up_proj.input_min,vision,11.0,BF16,(),1
model.vision_tower.encoder.layers.11.mlp.up_proj.linear.weight,model.vision_tower.encoder.layers.N.mlp.up_proj.linear.weight,vision,11.0,BF16,"(3072, 768)",2359296
model.vision_tower.encoder.layers.11.mlp.up_proj.output_max,model.vision_tower.encoder.layers.N.mlp.up_proj.output_max,vision,11.0,BF16,(),1
model.vision_tower.encoder.layers.11.mlp.up_proj.output_min,model.vision_tower.encoder.layers.N.mlp.up_proj.output_min,vision,11.0,BF16,(),1
model.vision_tower.encoder.layers.11.post_attention_layernorm.weight,model.vision_tower.encoder.layers.N.post_attention_layernorm.weight,vision,11.0,BF16,"(768,)",768
model.vision_tower.encoder.layers.11.post_feedforward_layernorm.weight,model.vision_tower.encoder.layers.N.post_feedforward_layernorm.weight,vision,11.0,BF16,"(768,)",768
model.vision_tower.encoder.layers.11.pre_feedforward_layernorm.weight,model.vision_tower.encoder.layers.N.pre_feedforward_layernorm.weight,vision,11.0,BF16,"(768,)",768
model.vision_tower.encoder.layers.11.self_attn.k_norm.weight,model.vision_tower.encoder.layers.N.self_attn.k_norm.weight,vision,11.0,BF16,"(64,)",64
model.vision_tower.encoder.layers.11.self_attn.k_proj.input_max,model.vision_tower.encoder.layers.N.self_attn.k_proj.input_max,vision,11.0,BF16,(),1
model.vision_tower.encoder.layers.11.self_attn.k_proj.input_min,model.vision_tower.encoder.layers.N.self_attn.k_proj.input_min,vision,11.0,BF16,(),1
model.vision_tower.encoder.layers.11.self_attn.k_proj.linear.weight,model.vision_tower.encoder.layers.N.self_attn.k_proj.linear.weight,vision,11.0,BF16,"(768, 768)",589824
model.vision_tower.encoder.layers.11.self_attn.k_proj.output_max,model.vision_tower.encoder.layers.N.self_attn.k_proj.output_max,vision,11.0,BF16,(),1
model.vision_tower.encoder.layers.11.self_attn.k_proj.output_min,model.vision_tower.encoder.layers.N.self_attn.k_proj.output_min,vision,11.0,BF16,(),1
model.vision_tower.encoder.layers.11.self_attn.o_proj.input_max,model.vision_tower.encoder.layers.N.self_attn.o_proj.input_max,vision,11.0,BF16,(),1
model.vision_tower.encoder.layers.11.self_attn.o_proj.input_min,model.vision_tower.encoder.layers.N.self_attn.o_proj.input_min,vision,11.0,BF16,(),1
model.vision_tower.encoder.layers.11.self_attn.o_proj.linear.weight,model.vision_tower.encoder.layers.N.self_attn.o_proj.linear.weight,vision,11.0,BF16,"(768, 768)",589824
model.vision_tower.encoder.layers.11.self_attn.o_proj.output_max,model.vision_tower.encoder.layers.N.self_attn.o_proj.output_max,vision,11.0,BF16,(),1
model.vision_tower.encoder.layers.11.self_attn.o_proj.output_min,model.vision_tower.encoder.layers.N.self_attn.o_proj.output_min,vision,11.0,BF16,(),1
model.vision_tower.encoder.layers.11.self_attn.q_norm.weight,model.vision_tower.encoder.layers.N.self_attn.q_norm.weight,vision,11.0,BF16,"(64,)",64
model.vision_tower.encoder.layers.11.self_attn.q_proj.input_max,model.vision_tower.encoder.layers.N.self_attn.q_proj.input_max,vision,11.0,BF16,(),1
model.vision_tower.encoder.layers.11.self_attn.q_proj.input_min,model.vision_tower.encoder.layers.N.self_attn.q_proj.input_min,vision,11.0,BF16,(),1
model.vision_tower.encoder.layers.11.self_attn.q_proj.linear.weight,model.vision_tower.encoder.layers.N.self_attn.q_proj.linear.weight,vision,11.0,BF16,"(768, 768)",589824
model.vision_tower.encoder.layers.11.self_attn.q_proj.output_max,model.vision_tower.encoder.layers.N.self_attn.q_proj.output_max,vision,11.0,BF16,(),1
model.vision_tower.encoder.layers.11.self_attn.q_proj.output_min,model.vision_tower.encoder.layers.N.self_attn.q_proj.output_min,vision,11.0,BF16,(),1
model.vision_tower.encoder.layers.11.self_attn.v_proj.input_max,model.vision_tower.encoder.layers.N.self_attn.v_proj.input_max,vision,11.0,BF16,(),1
model.vision_tower.encoder.layers.11.self_attn.v_proj.input_min,model.vision_tower.encoder.layers.N.self_attn.v_proj.input_min,vision,11.0,BF16,(),1
model.vision_tower.encoder.layers.11.self_attn.v_proj.linear.weight,model.vision_tower.encoder.layers.N.self_attn.v_proj.linear.weight,vision,11.0,BF16,"(768, 768)",589824
model.vision_tower.encoder.layers.11.self_attn.v_proj.output_max,model.vision_tower.encoder.layers.N.self_attn.v_proj.output_max,vision,11.0,BF16,(),1
model.vision_tower.encoder.layers.11.self_attn.v_proj.output_min,model.vision_tower.encoder.layers.N.self_attn.v_proj.output_min,vision,11.0,BF16,(),1
model.vision_tower.encoder.layers.12.input_layernorm.weight,model.vision_tower.encoder.layers.N.input_layernorm.weight,vision,12.0,BF16,"(768,)",768
model.vision_tower.encoder.layers.12.mlp.down_proj.input_max,model.vision_tower.encoder.layers.N.mlp.down_proj.input_max,vision,12.0,BF16,(),1
model.vision_tower.encoder.layers.12.mlp.down_proj.input_min,model.vision_tower.encoder.layers.N.mlp.down_proj.input_min,vision,12.0,BF16,(),1
model.vision_tower.encoder.layers.12.mlp.down_proj.linear.weight,model.vision_tower.encoder.layers.N.mlp.down_proj.linear.weight,vision,12.0,BF16,"(768, 3072)",2359296
model.vision_tower.encoder.layers.12.mlp.down_proj.output_max,model.vision_tower.encoder.layers.N.mlp.down_proj.output_max,vision,12.0,BF16,(),1
model.vision_tower.encoder.layers.12.mlp.down_proj.output_min,model.vision_tower.encoder.layers.N.mlp.down_proj.output_min,vision,12.0,BF16,(),1
model.vision_tower.encoder.layers.12.mlp.gate_proj.input_max,model.vision_tower.encoder.layers.N.mlp.gate_proj.input_max,vision,12.0,BF16,(),1
model.vision_tower.encoder.layers.12.mlp.gate_proj.input_min,model.vision_tower.encoder.layers.N.mlp.gate_proj.input_min,vision,12.0,BF16,(),1
model.vision_tower.encoder.layers.12.mlp.gate_proj.linear.weight,model.vision_tower.encoder.layers.N.mlp.gate_proj.linear.weight,vision,12.0,BF16,"(3072, 768)",2359296
model.vision_tower.encoder.layers.12.mlp.gate_proj.output_max,model.vision_tower.encoder.layers.N.mlp.gate_proj.output_max,vision,12.0,BF16,(),1
model.vision_tower.encoder.layers.12.mlp.gate_proj.output_min,model.vision_tower.encoder.layers.N.mlp.gate_proj.output_min,vision,12.0,BF16,(),1
model.vision_tower.encoder.layers.12.mlp.up_proj.input_max,model.vision_tower.encoder.layers.N.mlp.up_proj.input_max,vision,12.0,BF16,(),1
model.vision_tower.encoder.layers.12.mlp.up_proj.input_min,model.vision_tower.encoder.layers.N.mlp.up_proj.input_min,vision,12.0,BF16,(),1
model.vision_tower.encoder.layers.12.mlp.up_proj.linear.weight,model.vision_tower.encoder.layers.N.mlp.up_proj.linear.weight,vision,12.0,BF16,"(3072, 768)",2359296
model.vision_tower.encoder.layers.12.mlp.up_proj.output_max,model.vision_tower.encoder.layers.N.mlp.up_proj.output_max,vision,12.0,BF16,(),1
model.vision_tower.encoder.layers.12.mlp.up_proj.output_min,model.vision_tower.encoder.layers.N.mlp.up_proj.output_min,vision,12.0,BF16,(),1
model.vision_tower.encoder.layers.12.post_attention_layernorm.weight,model.vision_tower.encoder.layers.N.post_attention_layernorm.weight,vision,12.0,BF16,"(768,)",768
model.vision_tower.encoder.layers.12.post_feedforward_layernorm.weight,model.vision_tower.encoder.layers.N.post_feedforward_layernorm.weight,vision,12.0,BF16,"(768,)",768
model.vision_tower.encoder.layers.12.pre_feedforward_layernorm.weight,model.vision_tower.encoder.layers.N.pre_feedforward_layernorm.weight,vision,12.0,BF16,"(768,)",768
model.vision_tower.encoder.layers.12.self_attn.k_norm.weight,model.vision_tower.encoder.layers.N.self_attn.k_norm.weight,vision,12.0,BF16,"(64,)",64
model.vision_tower.encoder.layers.12.self_attn.k_proj.input_max,model.vision_tower.encoder.layers.N.self_attn.k_proj.input_max,vision,12.0,BF16,(),1
model.vision_tower.encoder.layers.12.self_attn.k_proj.input_min,model.vision_tower.encoder.layers.N.self_attn.k_proj.input_min,vision,12.0,BF16,(),1
model.vision_tower.encoder.layers.12.self_attn.k_proj.linear.weight,model.vision_tower.encoder.layers.N.self_attn.k_proj.linear.weight,vision,12.0,BF16,"(768, 768)",589824
model.vision_tower.encoder.layers.12.self_attn.k_proj.output_max,model.vision_tower.encoder.layers.N.self_attn.k_proj.output_max,vision,12.0,BF16,(),1
model.vision_tower.encoder.layers.12.self_attn.k_proj.output_min,model.vision_tower.encoder.layers.N.self_attn.k_proj.output_min,vision,12.0,BF16,(),1
model.vision_tower.encoder.layers.12.self_attn.o_proj.input_max,model.vision_tower.encoder.layers.N.self_attn.o_proj.input_max,vision,12.0,BF16,(),1
model.vision_tower.encoder.layers.12.self_attn.o_proj.input_min,model.vision_tower.encoder.layers.N.self_attn.o_proj.input_min,vision,12.0,BF16,(),1
model.vision_tower.encoder.layers.12.self_attn.o_proj.linear.weight,model.vision_tower.encoder.layers.N.self_attn.o_proj.linear.weight,vision,12.0,BF16,"(768, 768)",589824
model.vision_tower.encoder.layers.12.self_attn.o_proj.output_max,model.vision_tower.encoder.layers.N.self_attn.o_proj.output_max,vision,12.0,BF16,(),1
model.vision_tower.encoder.layers.12.self_attn.o_proj.output_min,model.vision_tower.encoder.layers.N.self_attn.o_proj.output_min,vision,12.0,BF16,(),1
model.vision_tower.encoder.layers.12.self_attn.q_norm.weight,model.vision_tower.encoder.layers.N.self_attn.q_norm.weight,vision,12.0,BF16,"(64,)",64
model.vision_tower.encoder.layers.12.self_attn.q_proj.input_max,model.vision_tower.encoder.layers.N.self_attn.q_proj.input_max,vision,12.0,BF16,(),1
model.vision_tower.encoder.layers.12.self_attn.q_proj.input_min,model.vision_tower.encoder.layers.N.self_attn.q_proj.input_min,vision,12.0,BF16,(),1
model.vision_tower.encoder.layers.12.self_attn.q_proj.linear.weight,model.vision_tower.encoder.layers.N.self_attn.q_proj.linear.weight,vision,12.0,BF16,"(768, 768)",589824
model.vision_tower.encoder.layers.12.self_attn.q_proj.output_max,model.vision_tower.encoder.layers.N.self_attn.q_proj.output_max,vision,12.0,BF16,(),1
model.vision_tower.encoder.layers.12.self_attn.q_proj.output_min,model.vision_tower.encoder.layers.N.self_attn.q_proj.output_min,vision,12.0,BF16,(),1
model.vision_tower.encoder.layers.12.self_attn.v_proj.input_max,model.vision_tower.encoder.layers.N.self_attn.v_proj.input_max,vision,12.0,BF16,(),1
model.vision_tower.encoder.layers.12.self_attn.v_proj.input_min,model.vision_tower.encoder.layers.N.self_attn.v_proj.input_min,vision,12.0,BF16,(),1
model.vision_tower.encoder.layers.12.self_attn.v_proj.linear.weight,model.vision_tower.encoder.layers.N.self_attn.v_proj.linear.weight,vision,12.0,BF16,"(768, 768)",589824
model.vision_tower.encoder.layers.12.self_attn.v_proj.output_max,model.vision_tower.encoder.layers.N.self_attn.v_proj.output_max,vision,12.0,BF16,(),1
model.vision_tower.encoder.layers.12.self_attn.v_proj.output_min,model.vision_tower.encoder.layers.N.self_attn.v_proj.output_min,vision,12.0,BF16,(),1
model.vision_tower.encoder.layers.13.input_layernorm.weight,model.vision_tower.encoder.layers.N.input_layernorm.weight,vision,13.0,BF16,"(768,)",768
model.vision_tower.encoder.layers.13.mlp.down_proj.input_max,model.vision_tower.encoder.layers.N.mlp.down_proj.input_max,vision,13.0,BF16,(),1
model.vision_tower.encoder.layers.13.mlp.down_proj.input_min,model.vision_tower.encoder.layers.N.mlp.down_proj.input_min,vision,13.0,BF16,(),1
model.vision_tower.encoder.layers.13.mlp.down_proj.linear.weight,model.vision_tower.encoder.layers.N.mlp.down_proj.linear.weight,vision,13.0,BF16,"(768, 3072)",2359296
model.vision_tower.encoder.layers.13.mlp.down_proj.output_max,model.vision_tower.encoder.layers.N.mlp.down_proj.output_max,vision,13.0,BF16,(),1
model.vision_tower.encoder.layers.13.mlp.down_proj.output_min,model.vision_tower.encoder.layers.N.mlp.down_proj.output_min,vision,13.0,BF16,(),1
model.vision_tower.encoder.layers.13.mlp.gate_proj.input_max,model.vision_tower.encoder.layers.N.mlp.gate_proj.input_max,vision,13.0,BF16,(),1
model.vision_tower.encoder.layers.13.mlp.gate_proj.input_min,model.vision_tower.encoder.layers.N.mlp.gate_proj.input_min,vision,13.0,BF16,(),1
model.vision_tower.encoder.layers.13.mlp.gate_proj.linear.weight,model.vision_tower.encoder.layers.N.mlp.gate_proj.linear.weight,vision,13.0,BF16,"(3072, 768)",2359296
model.vision_tower.encoder.layers.13.mlp.gate_proj.output_max,model.vision_tower.encoder.layers.N.mlp.gate_proj.output_max,vision,13.0,BF16,(),1
model.vision_tower.encoder.layers.13.mlp.gate_proj.output_min,model.vision_tower.encoder.layers.N.mlp.gate_proj.output_min,vision,13.0,BF16,(),1
model.vision_tower.encoder.layers.13.mlp.up_proj.input_max,model.vision_tower.encoder.layers.N.mlp.up_proj.input_max,vision,13.0,BF16,(),1
model.vision_tower.encoder.layers.13.mlp.up_proj.input_min,model.vision_tower.encoder.layers.N.mlp.up_proj.input_min,vision,13.0,BF16,(),1
model.vision_tower.encoder.layers.13.mlp.up_proj.linear.weight,model.vision_tower.encoder.layers.N.mlp.up_proj.linear.weight,vision,13.0,BF16,"(3072, 768)",2359296
model.vision_tower.encoder.layers.13.mlp.up_proj.output_max,model.vision_tower.encoder.layers.N.mlp.up_proj.output_max,vision,13.0,BF16,(),1
model.vision_tower.encoder.layers.13.mlp.up_proj.output_min,model.vision_tower.encoder.layers.N.mlp.up_proj.output_min,vision,13.0,BF16,(),1
model.vision_tower.encoder.layers.13.post_attention_layernorm.weight,model.vision_tower.encoder.layers.N.post_attention_layernorm.weight,vision,13.0,BF16,"(768,)",768
model.vision_tower.encoder.layers.13.post_feedforward_layernorm.weight,model.vision_tower.encoder.layers.N.post_feedforward_layernorm.weight,vision,13.0,BF16,"(768,)",768
model.vision_tower.encoder.layers.13.pre_feedforward_layernorm.weight,model.vision_tower.encoder.layers.N.pre_feedforward_layernorm.weight,vision,13.0,BF16,"(768,)",768
model.vision_tower.encoder.layers.13.self_attn.k_norm.weight,model.vision_tower.encoder.layers.N.self_attn.k_norm.weight,vision,13.0,BF16,"(64,)",64
model.vision_tower.encoder.layers.13.self_attn.k_proj.input_max,model.vision_tower.encoder.layers.N.self_attn.k_proj.input_max,vision,13.0,BF16,(),1
model.vision_tower.encoder.layers.13.self_attn.k_proj.input_min,model.vision_tower.encoder.layers.N.self_attn.k_proj.input_min,vision,13.0,BF16,(),1
model.vision_tower.encoder.layers.13.self_attn.k_proj.linear.weight,model.vision_tower.encoder.layers.N.self_attn.k_proj.linear.weight,vision,13.0,BF16,"(768, 768)",589824
model.vision_tower.encoder.layers.13.self_attn.k_proj.output_max,model.vision_tower.encoder.layers.N.self_attn.k_proj.output_max,vision,13.0,BF16,(),1
model.vision_tower.encoder.layers.13.self_attn.k_proj.output_min,model.vision_tower.encoder.layers.N.self_attn.k_proj.output_min,vision,13.0,BF16,(),1
model.vision_tower.encoder.layers.13.self_attn.o_proj.input_max,model.vision_tower.encoder.layers.N.self_attn.o_proj.input_max,vision,13.0,BF16,(),1
model.vision_tower.encoder.layers.13.self_attn.o_proj.input_min,model.vision_tower.encoder.layers.N.self_attn.o_proj.input_min,vision,13.0,BF16,(),1
model.vision_tower.encoder.layers.13.self_attn.o_proj.linear.weight,model.vision_tower.encoder.layers.N.self_attn.o_proj.linear.weight,vision,13.0,BF16,"(768, 768)",589824
model.vision_tower.encoder.layers.13.self_attn.o_proj.output_max,model.vision_tower.encoder.layers.N.self_attn.o_proj.output_max,vision,13.0,BF16,(),1
model.vision_tower.encoder.layers.13.self_attn.o_proj.output_min,model.vision_tower.encoder.layers.N.self_attn.o_proj.output_min,vision,13.0,BF16,(),1
model.vision_tower.encoder.layers.13.self_attn.q_norm.weight,model.vision_tower.encoder.layers.N.self_attn.q_norm.weight,vision,13.0,BF16,"(64,)",64
model.vision_tower.encoder.layers.13.self_attn.q_proj.input_max,model.vision_tower.encoder.layers.N.self_attn.q_proj.input_max,vision,13.0,BF16,(),1
model.vision_tower.encoder.layers.13.self_attn.q_proj.input_min,model.vision_tower.encoder.layers.N.self_attn.q_proj.input_min,vision,13.0,BF16,(),1
model.vision_tower.encoder.layers.13.self_attn.q_proj.linear.weight,model.vision_tower.encoder.layers.N.self_attn.q_proj.linear.weight,vision,13.0,BF16,"(768, 768)",589824
model.vision_tower.encoder.layers.13.self_attn.q_proj.output_max,model.vision_tower.encoder.layers.N.self_attn.q_proj.output_max,vision,13.0,BF16,(),1
model.vision_tower.encoder.layers.13.self_attn.q_proj.output_min,model.vision_tower.encoder.layers.N.self_attn.q_proj.output_min,vision,13.0,BF16,(),1
model.vision_tower.encoder.layers.13.self_attn.v_proj.input_max,model.vision_tower.encoder.layers.N.self_attn.v_proj.input_max,vision,13.0,BF16,(),1
model.vision_tower.encoder.layers.13.self_attn.v_proj.input_min,model.vision_tower.encoder.layers.N.self_attn.v_proj.input_min,vision,13.0,BF16,(),1
model.vision_tower.encoder.layers.13.self_attn.v_proj.linear.weight,model.vision_tower.encoder.layers.N.self_attn.v_proj.linear.weight,vision,13.0,BF16,"(768, 768)",589824
model.vision_tower.encoder.layers.13.self_attn.v_proj.output_max,model.vision_tower.encoder.layers.N.self_attn.v_proj.output_max,vision,13.0,BF16,(),1
model.vision_tower.encoder.layers.13.self_attn.v_proj.output_min,model.vision_tower.encoder.layers.N.self_attn.v_proj.output_min,vision,13.0,BF16,(),1
model.vision_tower.encoder.layers.14.input_layernorm.weight,model.vision_tower.encoder.layers.N.input_layernorm.weight,vision,14.0,BF16,"(768,)",768
model.vision_tower.encoder.layers.14.mlp.down_proj.input_max,model.vision_tower.encoder.layers.N.mlp.down_proj.input_max,vision,14.0,BF16,(),1
model.vision_tower.encoder.layers.14.mlp.down_proj.input_min,model.vision_tower.encoder.layers.N.mlp.down_proj.input_min,vision,14.0,BF16,(),1
model.vision_tower.encoder.layers.14.mlp.down_proj.linear.weight,model.vision_tower.encoder.layers.N.mlp.down_proj.linear.weight,vision,14.0,BF16,"(768, 3072)",2359296
model.vision_tower.encoder.layers.14.mlp.down_proj.output_max,model.vision_tower.encoder.layers.N.mlp.down_proj.output_max,vision,14.0,BF16,(),1
model.vision_tower.encoder.layers.14.mlp.down_proj.output_min,model.vision_tower.encoder.layers.N.mlp.down_proj.output_min,vision,14.0,BF16,(),1
model.vision_tower.encoder.layers.14.mlp.gate_proj.input_max,model.vision_tower.encoder.layers.N.mlp.gate_proj.input_max,vision,14.0,BF16,(),1
model.vision_tower.encoder.layers.14.mlp.gate_proj.input_min,model.vision_tower.encoder.layers.N.mlp.gate_proj.input_min,vision,14.0,BF16,(),1
model.vision_tower.encoder.layers.14.mlp.gate_proj.linear.weight,model.vision_tower.encoder.layers.N.mlp.gate_proj.linear.weight,vision,14.0,BF16,"(3072, 768)",2359296
model.vision_tower.encoder.layers.14.mlp.gate_proj.output_max,model.vision_tower.encoder.layers.N.mlp.gate_proj.output_max,vision,14.0,BF16,(),1
model.vision_tower.encoder.layers.14.mlp.gate_proj.output_min,model.vision_tower.encoder.layers.N.mlp.gate_proj.output_min,vision,14.0,BF16,(),1
model.vision_tower.encoder.layers.14.mlp.up_proj.input_max,model.vision_tower.encoder.layers.N.mlp.up_proj.input_max,vision,14.0,BF16,(),1
model.vision_tower.encoder.layers.14.mlp.up_proj.input_min,model.vision_tower.encoder.layers.N.mlp.up_proj.input_min,vision,14.0,BF16,(),1
model.vision_tower.encoder.layers.14.mlp.up_proj.linear.weight,model.vision_tower.encoder.layers.N.mlp.up_proj.linear.weight,vision,14.0,BF16,"(3072, 768)",2359296
model.vision_tower.encoder.layers.14.mlp.up_proj.output_max,model.vision_tower.encoder.layers.N.mlp.up_proj.output_max,vision,14.0,BF16,(),1
model.vision_tower.encoder.layers.14.mlp.up_proj.output_min,model.vision_tower.encoder.layers.N.mlp.up_proj.output_min,vision,14.0,BF16,(),1
model.vision_tower.encoder.layers.14.post_attention_layernorm.weight,model.vision_tower.encoder.layers.N.post_attention_layernorm.weight,vision,14.0,BF16,"(768,)",768
model.vision_tower.encoder.layers.14.post_feedforward_layernorm.weight,model.vision_tower.encoder.layers.N.post_feedforward_layernorm.weight,vision,14.0,BF16,"(768,)",768
model.vision_tower.encoder.layers.14.pre_feedforward_layernorm.weight,model.vision_tower.encoder.layers.N.pre_feedforward_layernorm.weight,vision,14.0,BF16,"(768,)",768
model.vision_tower.encoder.layers.14.self_attn.k_norm.weight,model.vision_tower.encoder.layers.N.self_attn.k_norm.weight,vision,14.0,BF16,"(64,)",64
model.vision_tower.encoder.layers.14.self_attn.k_proj.input_max,model.vision_tower.encoder.layers.N.self_attn.k_proj.input_max,vision,14.0,BF16,(),1
model.vision_tower.encoder.layers.14.self_attn.k_proj.input_min,model.vision_tower.encoder.layers.N.self_attn.k_proj.input_min,vision,14.0,BF16,(),1
model.vision_tower.encoder.layers.14.self_attn.k_proj.linear.weight,model.vision_tower.encoder.layers.N.self_attn.k_proj.linear.weight,vision,14.0,BF16,"(768, 768)",589824
model.vision_tower.encoder.layers.14.self_attn.k_proj.output_max,model.vision_tower.encoder.layers.N.self_attn.k_proj.output_max,vision,14.0,BF16,(),1
model.vision_tower.encoder.layers.14.self_attn.k_proj.output_min,model.vision_tower.encoder.layers.N.self_attn.k_proj.output_min,vision,14.0,BF16,(),1
model.vision_tower.encoder.layers.14.self_attn.o_proj.input_max,model.vision_tower.encoder.layers.N.self_attn.o_proj.input_max,vision,14.0,BF16,(),1
model.vision_tower.encoder.layers.14.self_attn.o_proj.input_min,model.vision_tower.encoder.layers.N.self_attn.o_proj.input_min,vision,14.0,BF16,(),1
model.vision_tower.encoder.layers.14.self_attn.o_proj.linear.weight,model.vision_tower.encoder.layers.N.self_attn.o_proj.linear.weight,vision,14.0,BF16,"(768, 768)",589824
model.vision_tower.encoder.layers.14.self_attn.o_proj.output_max,model.vision_tower.encoder.layers.N.self_attn.o_proj.output_max,vision,14.0,BF16,(),1
model.vision_tower.encoder.layers.14.self_attn.o_proj.output_min,model.vision_tower.encoder.layers.N.self_attn.o_proj.output_min,vision,14.0,BF16,(),1
model.vision_tower.encoder.layers.14.self_attn.q_norm.weight,model.vision_tower.encoder.layers.N.self_attn.q_norm.weight,vision,14.0,BF16,"(64,)",64
model.vision_tower.encoder.layers.14.self_attn.q_proj.input_max,model.vision_tower.encoder.layers.N.self_attn.q_proj.input_max,vision,14.0,BF16,(),1
model.vision_tower.encoder.layers.14.self_attn.q_proj.input_min,model.vision_tower.encoder.layers.N.self_attn.q_proj.input_min,vision,14.0,BF16,(),1
model.vision_tower.encoder.layers.14.self_attn.q_proj.linear.weight,model.vision_tower.encoder.layers.N.self_attn.q_proj.linear.weight,vision,14.0,BF16,"(768, 768)",589824
model.vision_tower.encoder.layers.14.self_attn.q_proj.output_max,model.vision_tower.encoder.layers.N.self_attn.q_proj.output_max,vision,14.0,BF16,(),1
model.vision_tower.encoder.layers.14.self_attn.q_proj.output_min,model.vision_tower.encoder.layers.N.self_attn.q_proj.output_min,vision,14.0,BF16,(),1
model.vision_tower.encoder.layers.14.self_attn.v_proj.input_max,model.vision_tower.encoder.layers.N.self_attn.v_proj.input_max,vision,14.0,BF16,(),1
model.vision_tower.encoder.layers.14.self_attn.v_proj.input_min,model.vision_tower.encoder.layers.N.self_attn.v_proj.input_min,vision,14.0,BF16,(),1
model.vision_tower.encoder.layers.14.self_attn.v_proj.linear.weight,model.vision_tower.encoder.layers.N.self_attn.v_proj.linear.weight,vision,14.0,BF16,"(768, 768)",589824
model.vision_tower.encoder.layers.14.self_attn.v_proj.output_max,model.vision_tower.encoder.layers.N.self_attn.v_proj.output_max,vision,14.0,BF16,(),1
model.vision_tower.encoder.layers.14.self_attn.v_proj.output_min,model.vision_tower.encoder.layers.N.self_attn.v_proj.output_min,vision,14.0,BF16,(),1
model.vision_tower.encoder.layers.15.input_layernorm.weight,model.vision_tower.encoder.layers.N.input_layernorm.weight,vision,15.0,BF16,"(768,)",768
model.vision_tower.encoder.layers.15.mlp.down_proj.input_max,model.vision_tower.encoder.layers.N.mlp.down_proj.input_max,vision,15.0,BF16,(),1
model.vision_tower.encoder.layers.15.mlp.down_proj.input_min,model.vision_tower.encoder.layers.N.mlp.down_proj.input_min,vision,15.0,BF16,(),1
model.vision_tower.encoder.layers.15.mlp.down_proj.linear.weight,model.vision_tower.encoder.layers.N.mlp.down_proj.linear.weight,vision,15.0,BF16,"(768, 3072)",2359296
model.vision_tower.encoder.layers.15.mlp.down_proj.output_max,model.vision_tower.encoder.layers.N.mlp.down_proj.output_max,vision,15.0,BF16,(),1
model.vision_tower.encoder.layers.15.mlp.down_proj.output_min,model.vision_tower.encoder.layers.N.mlp.down_proj.output_min,vision,15.0,BF16,(),1
model.vision_tower.encoder.layers.15.mlp.gate_proj.input_max,model.vision_tower.encoder.layers.N.mlp.gate_proj.input_max,vision,15.0,BF16,(),1
model.vision_tower.encoder.layers.15.mlp.gate_proj.input_min,model.vision_tower.encoder.layers.N.mlp.gate_proj.input_min,vision,15.0,BF16,(),1
model.vision_tower.encoder.layers.15.mlp.gate_proj.linear.weight,model.vision_tower.encoder.layers.N.mlp.gate_proj.linear.weight,vision,15.0,BF16,"(3072, 768)",2359296
model.vision_tower.encoder.layers.15.mlp.gate_proj.output_max,model.vision_tower.encoder.layers.N.mlp.gate_proj.output_max,vision,15.0,BF16,(),1
model.vision_tower.encoder.layers.15.mlp.gate_proj.output_min,model.vision_tower.encoder.layers.N.mlp.gate_proj.output_min,vision,15.0,BF16,(),1
model.vision_tower.encoder.layers.15.mlp.up_proj.input_max,model.vision_tower.encoder.layers.N.mlp.up_proj.input_max,vision,15.0,BF16,(),1
model.vision_tower.encoder.layers.15.mlp.up_proj.input_min,model.vision_tower.encoder.layers.N.mlp.up_proj.input_min,vision,15.0,BF16,(),1
model.vision_tower.encoder.layers.15.mlp.up_proj.linear.weight,model.vision_tower.encoder.layers.N.mlp.up_proj.linear.weight,vision,15.0,BF16,"(3072, 768)",2359296
model.vision_tower.encoder.layers.15.mlp.up_proj.output_max,model.vision_tower.encoder.layers.N.mlp.up_proj.output_max,vision,15.0,BF16,(),1
model.vision_tower.encoder.layers.15.mlp.up_proj.output_min,model.vision_tower.encoder.layers.N.mlp.up_proj.output_min,vision,15.0,BF16,(),1
model.vision_tower.encoder.layers.15.post_attention_layernorm.weight,model.vision_tower.encoder.layers.N.post_attention_layernorm.weight,vision,15.0,BF16,"(768,)",768
model.vision_tower.encoder.layers.15.post_feedforward_layernorm.weight,model.vision_tower.encoder.layers.N.post_feedforward_layernorm.weight,vision,15.0,BF16,"(768,)",768
model.vision_tower.encoder.layers.15.pre_feedforward_layernorm.weight,model.vision_tower.encoder.layers.N.pre_feedforward_layernorm.weight,vision,15.0,BF16,"(768,)",768
model.vision_tower.encoder.layers.15.self_attn.k_norm.weight,model.vision_tower.encoder.layers.N.self_attn.k_norm.weight,vision,15.0,BF16,"(64,)",64
model.vision_tower.encoder.layers.15.self_attn.k_proj.input_max,model.vision_tower.encoder.layers.N.self_attn.k_proj.input_max,vision,15.0,BF16,(),1
model.vision_tower.encoder.layers.15.self_attn.k_proj.input_min,model.vision_tower.encoder.layers.N.self_attn.k_proj.input_min,vision,15.0,BF16,(),1
model.vision_tower.encoder.layers.15.self_attn.k_proj.linear.weight,model.vision_tower.encoder.layers.N.self_attn.k_proj.linear.weight,vision,15.0,BF16,"(768, 768)",589824
model.vision_tower.encoder.layers.15.self_attn.k_proj.output_max,model.vision_tower.encoder.layers.N.self_attn.k_proj.output_max,vision,15.0,BF16,(),1
model.vision_tower.encoder.layers.15.self_attn.k_proj.output_min,model.vision_tower.encoder.layers.N.self_attn.k_proj.output_min,vision,15.0,BF16,(),1
model.vision_tower.encoder.layers.15.self_attn.o_proj.input_max,model.vision_tower.encoder.layers.N.self_attn.o_proj.input_max,vision,15.0,BF16,(),1
model.vision_tower.encoder.layers.15.self_attn.o_proj.input_min,model.vision_tower.encoder.layers.N.self_attn.o_proj.input_min,vision,15.0,BF16,(),1
model.vision_tower.encoder.layers.15.self_attn.o_proj.linear.weight,model.vision_tower.encoder.layers.N.self_attn.o_proj.linear.weight,vision,15.0,BF16,"(768, 768)",589824
model.vision_tower.encoder.layers.15.self_attn.o_proj.output_max,model.vision_tower.encoder.layers.N.self_attn.o_proj.output_max,vision,15.0,BF16,(),1
model.vision_tower.encoder.layers.15.self_attn.o_proj.output_min,model.vision_tower.encoder.layers.N.self_attn.o_proj.output_min,vision,15.0,BF16,(),1
model.vision_tower.encoder.layers.15.self_attn.q_norm.weight,model.vision_tower.encoder.layers.N.self_attn.q_norm.weight,vision,15.0,BF16,"(64,)",64
model.vision_tower.encoder.layers.15.self_attn.q_proj.input_max,model.vision_tower.encoder.layers.N.self_attn.q_proj.input_max,vision,15.0,BF16,(),1
model.vision_tower.encoder.layers.15.self_attn.q_proj.input_min,model.vision_tower.encoder.layers.N.self_attn.q_proj.input_min,vision,15.0,BF16,(),1
model.vision_tower.encoder.layers.15.self_attn.q_proj.linear.weight,model.vision_tower.encoder.layers.N.self_attn.q_proj.linear.weight,vision,15.0,BF16,"(768, 768)",589824
model.vision_tower.encoder.layers.15.self_attn.q_proj.output_max,model.vision_tower.encoder.layers.N.self_attn.q_proj.output_max,vision,15.0,BF16,(),1
model.vision_tower.encoder.layers.15.self_attn.q_proj.output_min,model.vision_tower.encoder.layers.N.self_attn.q_proj.output_min,vision,15.0,BF16,(),1
model.vision_tower.encoder.layers.15.self_attn.v_proj.input_max,model.vision_tower.encoder.layers.N.self_attn.v_proj.input_max,vision,15.0,BF16,(),1
model.vision_tower.encoder.layers.15.self_attn.v_proj.input_min,model.vision_tower.encoder.layers.N.self_attn.v_proj.input_min,vision,15.0,BF16,(),1
model.vision_tower.encoder.layers.15.self_attn.v_proj.linear.weight,model.vision_tower.encoder.layers.N.self_attn.v_proj.linear.weight,vision,15.0,BF16,"(768, 768)",589824
model.vision_tower.encoder.layers.15.self_attn.v_proj.output_max,model.vision_tower.encoder.layers.N.self_attn.v_proj.output_max,vision,15.0,BF16,(),1
model.vision_tower.encoder.layers.15.self_attn.v_proj.output_min,model.vision_tower.encoder.layers.N.self_attn.v_proj.output_min,vision,15.0,BF16,(),1
model.vision_tower.encoder.layers.2.input_layernorm.weight,model.vision_tower.encoder.layers.N.input_layernorm.weight,vision,2.0,BF16,"(768,)",768
model.vision_tower.encoder.layers.2.mlp.down_proj.input_max,model.vision_tower.encoder.layers.N.mlp.down_proj.input_max,vision,2.0,BF16,(),1
model.vision_tower.encoder.layers.2.mlp.down_proj.input_min,model.vision_tower.encoder.layers.N.mlp.down_proj.input_min,vision,2.0,BF16,(),1
model.vision_tower.encoder.layers.2.mlp.down_proj.linear.weight,model.vision_tower.encoder.layers.N.mlp.down_proj.linear.weight,vision,2.0,BF16,"(768, 3072)",2359296
model.vision_tower.encoder.layers.2.mlp.down_proj.output_max,model.vision_tower.encoder.layers.N.mlp.down_proj.output_max,vision,2.0,BF16,(),1
model.vision_tower.encoder.layers.2.mlp.down_proj.output_min,model.vision_tower.encoder.layers.N.mlp.down_proj.output_min,vision,2.0,BF16,(),1
model.vision_tower.encoder.layers.2.mlp.gate_proj.input_max,model.vision_tower.encoder.layers.N.mlp.gate_proj.input_max,vision,2.0,BF16,(),1
model.vision_tower.encoder.layers.2.mlp.gate_proj.input_min,model.vision_tower.encoder.layers.N.mlp.gate_proj.input_min,vision,2.0,BF16,(),1
model.vision_tower.encoder.layers.2.mlp.gate_proj.linear.weight,model.vision_tower.encoder.layers.N.mlp.gate_proj.linear.weight,vision,2.0,BF16,"(3072, 768)",2359296
model.vision_tower.encoder.layers.2.mlp.gate_proj.output_max,model.vision_tower.encoder.layers.N.mlp.gate_proj.output_max,vision,2.0,BF16,(),1
model.vision_tower.encoder.layers.2.mlp.gate_proj.output_min,model.vision_tower.encoder.layers.N.mlp.gate_proj.output_min,vision,2.0,BF16,(),1
model.vision_tower.encoder.layers.2.mlp.up_proj.input_max,model.vision_tower.encoder.layers.N.mlp.up_proj.input_max,vision,2.0,BF16,(),1
model.vision_tower.encoder.layers.2.mlp.up_proj.input_min,model.vision_tower.encoder.layers.N.mlp.up_proj.input_min,vision,2.0,BF16,(),1
model.vision_tower.encoder.layers.2.mlp.up_proj.linear.weight,model.vision_tower.encoder.layers.N.mlp.up_proj.linear.weight,vision,2.0,BF16,"(3072, 768)",2359296
model.vision_tower.encoder.layers.2.mlp.up_proj.output_max,model.vision_tower.encoder.layers.N.mlp.up_proj.output_max,vision,2.0,BF16,(),1
model.vision_tower.encoder.layers.2.mlp.up_proj.output_min,model.vision_tower.encoder.layers.N.mlp.up_proj.output_min,vision,2.0,BF16,(),1
model.vision_tower.encoder.layers.2.post_attention_layernorm.weight,model.vision_tower.encoder.layers.N.post_attention_layernorm.weight,vision,2.0,BF16,"(768,)",768
model.vision_tower.encoder.layers.2.post_feedforward_layernorm.weight,model.vision_tower.encoder.layers.N.post_feedforward_layernorm.weight,vision,2.0,BF16,"(768,)",768
model.vision_tower.encoder.layers.2.pre_feedforward_layernorm.weight,model.vision_tower.encoder.layers.N.pre_feedforward_layernorm.weight,vision,2.0,BF16,"(768,)",768
model.vision_tower.encoder.layers.2.self_attn.k_norm.weight,model.vision_tower.encoder.layers.N.self_attn.k_norm.weight,vision,2.0,BF16,"(64,)",64
model.vision_tower.encoder.layers.2.self_attn.k_proj.input_max,model.vision_tower.encoder.layers.N.self_attn.k_proj.input_max,vision,2.0,BF16,(),1
model.vision_tower.encoder.layers.2.self_attn.k_proj.input_min,model.vision_tower.encoder.layers.N.self_attn.k_proj.input_min,vision,2.0,BF16,(),1
model.vision_tower.encoder.layers.2.self_attn.k_proj.linear.weight,model.vision_tower.encoder.layers.N.self_attn.k_proj.linear.weight,vision,2.0,BF16,"(768, 768)",589824
model.vision_tower.encoder.layers.2.self_attn.k_proj.output_max,model.vision_tower.encoder.layers.N.self_attn.k_proj.output_max,vision,2.0,BF16,(),1
model.vision_tower.encoder.layers.2.self_attn.k_proj.output_min,model.vision_tower.encoder.layers.N.self_attn.k_proj.output_min,vision,2.0,BF16,(),1
model.vision_tower.encoder.layers.2.self_attn.o_proj.input_max,model.vision_tower.encoder.layers.N.self_attn.o_proj.input_max,vision,2.0,BF16,(),1
model.vision_tower.encoder.layers.2.self_attn.o_proj.input_min,model.vision_tower.encoder.layers.N.self_attn.o_proj.input_min,vision,2.0,BF16,(),1
model.vision_tower.encoder.layers.2.self_attn.o_proj.linear.weight,model.vision_tower.encoder.layers.N.self_attn.o_proj.linear.weight,vision,2.0,BF16,"(768, 768)",589824
model.vision_tower.encoder.layers.2.self_attn.o_proj.output_max,model.vision_tower.encoder.layers.N.self_attn.o_proj.output_max,vision,2.0,BF16,(),1
model.vision_tower.encoder.layers.2.self_attn.o_proj.output_min,model.vision_tower.encoder.layers.N.self_attn.o_proj.output_min,vision,2.0,BF16,(),1
model.vision_tower.encoder.layers.2.self_attn.q_norm.weight,model.vision_tower.encoder.layers.N.self_attn.q_norm.weight,vision,2.0,BF16,"(64,)",64
model.vision_tower.encoder.layers.2.self_attn.q_proj.input_max,model.vision_tower.encoder.layers.N.self_attn.q_proj.input_max,vision,2.0,BF16,(),1
model.vision_tower.encoder.layers.2.self_attn.q_proj.input_min,model.vision_tower.encoder.layers.N.self_attn.q_proj.input_min,vision,2.0,BF16,(),1
model.vision_tower.encoder.layers.2.self_attn.q_proj.linear.weight,model.vision_tower.encoder.layers.N.self_attn.q_proj.linear.weight,vision,2.0,BF16,"(768, 768)",589824
model.vision_tower.encoder.layers.2.self_attn.q_proj.output_max,model.vision_tower.encoder.layers.N.self_attn.q_proj.output_max,vision,2.0,BF16,(),1
model.vision_tower.encoder.layers.2.self_attn.q_proj.output_min,model.vision_tower.encoder.layers.N.self_attn.q_proj.output_min,vision,2.0,BF16,(),1
model.vision_tower.encoder.layers.2.self_attn.v_proj.input_max,model.vision_tower.encoder.layers.N.self_attn.v_proj.input_max,vision,2.0,BF16,(),1
model.vision_tower.encoder.layers.2.self_attn.v_proj.input_min,model.vision_tower.encoder.layers.N.self_attn.v_proj.input_min,vision,2.0,BF16,(),1
model.vision_tower.encoder.layers.2.self_attn.v_proj.linear.weight,model.vision_tower.encoder.layers.N.self_attn.v_proj.linear.weight,vision,2.0,BF16,"(768, 768)",589824
model.vision_tower.encoder.layers.2.self_attn.v_proj.output_max,model.vision_tower.encoder.layers.N.self_attn.v_proj.output_max,vision,2.0,BF16,(),1
model.vision_tower.encoder.layers.2.self_attn.v_proj.output_min,model.vision_tower.encoder.layers.N.self_attn.v_proj.output_min,vision,2.0,BF16,(),1
model.vision_tower.encoder.layers.3.input_layernorm.weight,model.vision_tower.encoder.layers.N.input_layernorm.weight,vision,3.0,BF16,"(768,)",768
model.vision_tower.encoder.layers.3.mlp.down_proj.input_max,model.vision_tower.encoder.layers.N.mlp.down_proj.input_max,vision,3.0,BF16,(),1
model.vision_tower.encoder.layers.3.mlp.down_proj.input_min,model.vision_tower.encoder.layers.N.mlp.down_proj.input_min,vision,3.0,BF16,(),1
model.vision_tower.encoder.layers.3.mlp.down_proj.linear.weight,model.vision_tower.encoder.layers.N.mlp.down_proj.linear.weight,vision,3.0,BF16,"(768, 3072)",2359296
model.vision_tower.encoder.layers.3.mlp.down_proj.output_max,model.vision_tower.encoder.layers.N.mlp.down_proj.output_max,vision,3.0,BF16,(),1
model.vision_tower.encoder.layers.3.mlp.down_proj.output_min,model.vision_tower.encoder.layers.N.mlp.down_proj.output_min,vision,3.0,BF16,(),1
model.vision_tower.encoder.layers.3.mlp.gate_proj.input_max,model.vision_tower.encoder.layers.N.mlp.gate_proj.input_max,vision,3.0,BF16,(),1
model.vision_tower.encoder.layers.3.mlp.gate_proj.input_min,model.vision_tower.encoder.layers.N.mlp.gate_proj.input_min,vision,3.0,BF16,(),1
model.vision_tower.encoder.layers.3.mlp.gate_proj.linear.weight,model.vision_tower.encoder.layers.N.mlp.gate_proj.linear.weight,vision,3.0,BF16,"(3072, 768)",2359296
model.vision_tower.encoder.layers.3.mlp.gate_proj.output_max,model.vision_tower.encoder.layers.N.mlp.gate_proj.output_max,vision,3.0,BF16,(),1
model.vision_tower.encoder.layers.3.mlp.gate_proj.output_min,model.vision_tower.encoder.layers.N.mlp.gate_proj.output_min,vision,3.0,BF16,(),1
model.vision_tower.encoder.layers.3.mlp.up_proj.input_max,model.vision_tower.encoder.layers.N.mlp.up_proj.input_max,vision,3.0,BF16,(),1
model.vision_tower.encoder.layers.3.mlp.up_proj.input_min,model.vision_tower.encoder.layers.N.mlp.up_proj.input_min,vision,3.0,BF16,(),1
model.vision_tower.encoder.layers.3.mlp.up_proj.linear.weight,model.vision_tower.encoder.layers.N.mlp.up_proj.linear.weight,vision,3.0,BF16,"(3072, 768)",2359296
model.vision_tower.encoder.layers.3.mlp.up_proj.output_max,model.vision_tower.encoder.layers.N.mlp.up_proj.output_max,vision,3.0,BF16,(),1
model.vision_tower.encoder.layers.3.mlp.up_proj.output_min,model.vision_tower.encoder.layers.N.mlp.up_proj.output_min,vision,3.0,BF16,(),1
model.vision_tower.encoder.layers.3.post_attention_layernorm.weight,model.vision_tower.encoder.layers.N.post_attention_layernorm.weight,vision,3.0,BF16,"(768,)",768
model.vision_tower.encoder.layers.3.post_feedforward_layernorm.weight,model.vision_tower.encoder.layers.N.post_feedforward_layernorm.weight,vision,3.0,BF16,"(768,)",768
model.vision_tower.encoder.layers.3.pre_feedforward_layernorm.weight,model.vision_tower.encoder.layers.N.pre_feedforward_layernorm.weight,vision,3.0,BF16,"(768,)",768
model.vision_tower.encoder.layers.3.self_attn.k_norm.weight,model.vision_tower.encoder.layers.N.self_attn.k_norm.weight,vision,3.0,BF16,"(64,)",64
model.vision_tower.encoder.layers.3.self_attn.k_proj.input_max,model.vision_tower.encoder.layers.N.self_attn.k_proj.input_max,vision,3.0,BF16,(),1
model.vision_tower.encoder.layers.3.self_attn.k_proj.input_min,model.vision_tower.encoder.layers.N.self_attn.k_proj.input_min,vision,3.0,BF16,(),1
model.vision_tower.encoder.layers.3.self_attn.k_proj.linear.weight,model.vision_tower.encoder.layers.N.self_attn.k_proj.linear.weight,vision,3.0,BF16,"(768, 768)",589824
model.vision_tower.encoder.layers.3.self_attn.k_proj.output_max,model.vision_tower.encoder.layers.N.self_attn.k_proj.output_max,vision,3.0,BF16,(),1
model.vision_tower.encoder.layers.3.self_attn.k_proj.output_min,model.vision_tower.encoder.layers.N.self_attn.k_proj.output_min,vision,3.0,BF16,(),1
model.vision_tower.encoder.layers.3.self_attn.o_proj.input_max,model.vision_tower.encoder.layers.N.self_attn.o_proj.input_max,vision,3.0,BF16,(),1
model.vision_tower.encoder.layers.3.self_attn.o_proj.input_min,model.vision_tower.encoder.layers.N.self_attn.o_proj.input_min,vision,3.0,BF16,(),1
model.vision_tower.encoder.layers.3.self_attn.o_proj.linear.weight,model.vision_tower.encoder.layers.N.self_attn.o_proj.linear.weight,vision,3.0,BF16,"(768, 768)",589824
model.vision_tower.encoder.layers.3.self_attn.o_proj.output_max,model.vision_tower.encoder.layers.N.self_attn.o_proj.output_max,vision,3.0,BF16,(),1
model.vision_tower.encoder.layers.3.self_attn.o_proj.output_min,model.vision_tower.encoder.layers.N.self_attn.o_proj.output_min,vision,3.0,BF16,(),1
model.vision_tower.encoder.layers.3.self_attn.q_norm.weight,model.vision_tower.encoder.layers.N.self_attn.q_norm.weight,vision,3.0,BF16,"(64,)",64
model.vision_tower.encoder.layers.3.self_attn.q_proj.input_max,model.vision_tower.encoder.layers.N.self_attn.q_proj.input_max,vision,3.0,BF16,(),1
model.vision_tower.encoder.layers.3.self_attn.q_proj.input_min,model.vision_tower.encoder.layers.N.self_attn.q_proj.input_min,vision,3.0,BF16,(),1
model.vision_tower.encoder.layers.3.self_attn.q_proj.linear.weight,model.vision_tower.encoder.layers.N.self_attn.q_proj.linear.weight,vision,3.0,BF16,"(768, 768)",589824
model.vision_tower.encoder.layers.3.self_attn.q_proj.output_max,model.vision_tower.encoder.layers.N.self_attn.q_proj.output_max,vision,3.0,BF16,(),1
model.vision_tower.encoder.layers.3.self_attn.q_proj.output_min,model.vision_tower.encoder.layers.N.self_attn.q_proj.output_min,vision,3.0,BF16,(),1
model.vision_tower.encoder.layers.3.self_attn.v_proj.input_max,model.vision_tower.encoder.layers.N.self_attn.v_proj.input_max,vision,3.0,BF16,(),1
model.vision_tower.encoder.layers.3.self_attn.v_proj.input_min,model.vision_tower.encoder.layers.N.self_attn.v_proj.input_min,vision,3.0,BF16,(),1
model.vision_tower.encoder.layers.3.self_attn.v_proj.linear.weight,model.vision_tower.encoder.layers.N.self_attn.v_proj.linear.weight,vision,3.0,BF16,"(768, 768)",589824
model.vision_tower.encoder.layers.3.self_attn.v_proj.output_max,model.vision_tower.encoder.layers.N.self_attn.v_proj.output_max,vision,3.0,BF16,(),1
model.vision_tower.encoder.layers.3.self_attn.v_proj.output_min,model.vision_tower.encoder.layers.N.self_attn.v_proj.output_min,vision,3.0,BF16,(),1
model.vision_tower.encoder.layers.4.input_layernorm.weight,model.vision_tower.encoder.layers.N.input_layernorm.weight,vision,4.0,BF16,"(768,)",768
model.vision_tower.encoder.layers.4.mlp.down_proj.input_max,model.vision_tower.encoder.layers.N.mlp.down_proj.input_max,vision,4.0,BF16,(),1
model.vision_tower.encoder.layers.4.mlp.down_proj.input_min,model.vision_tower.encoder.layers.N.mlp.down_proj.input_min,vision,4.0,BF16,(),1
model.vision_tower.encoder.layers.4.mlp.down_proj.linear.weight,model.vision_tower.encoder.layers.N.mlp.down_proj.linear.weight,vision,4.0,BF16,"(768, 3072)",2359296
model.vision_tower.encoder.layers.4.mlp.down_proj.output_max,model.vision_tower.encoder.layers.N.mlp.down_proj.output_max,vision,4.0,BF16,(),1
model.vision_tower.encoder.layers.4.mlp.down_proj.output_min,model.vision_tower.encoder.layers.N.mlp.down_proj.output_min,vision,4.0,BF16,(),1
model.vision_tower.encoder.layers.4.mlp.gate_proj.input_max,model.vision_tower.encoder.layers.N.mlp.gate_proj.input_max,vision,4.0,BF16,(),1
model.vision_tower.encoder.layers.4.mlp.gate_proj.input_min,model.vision_tower.encoder.layers.N.mlp.gate_proj.input_min,vision,4.0,BF16,(),1
model.vision_tower.encoder.layers.4.mlp.gate_proj.linear.weight,model.vision_tower.encoder.layers.N.mlp.gate_proj.linear.weight,vision,4.0,BF16,"(3072, 768)",2359296
model.vision_tower.encoder.layers.4.mlp.gate_proj.output_max,model.vision_tower.encoder.layers.N.mlp.gate_proj.output_max,vision,4.0,BF16,(),1
model.vision_tower.encoder.layers.4.mlp.gate_proj.output_min,model.vision_tower.encoder.layers.N.mlp.gate_proj.output_min,vision,4.0,BF16,(),1
model.vision_tower.encoder.layers.4.mlp.up_proj.input_max,model.vision_tower.encoder.layers.N.mlp.up_proj.input_max,vision,4.0,BF16,(),1
model.vision_tower.encoder.layers.4.mlp.up_proj.input_min,model.vision_tower.encoder.layers.N.mlp.up_proj.input_min,vision,4.0,BF16,(),1
model.vision_tower.encoder.layers.4.mlp.up_proj.linear.weight,model.vision_tower.encoder.layers.N.mlp.up_proj.linear.weight,vision,4.0,BF16,"(3072, 768)",2359296
model.vision_tower.encoder.layers.4.mlp.up_proj.output_max,model.vision_tower.encoder.layers.N.mlp.up_proj.output_max,vision,4.0,BF16,(),1
model.vision_tower.encoder.layers.4.mlp.up_proj.output_min,model.vision_tower.encoder.layers.N.mlp.up_proj.output_min,vision,4.0,BF16,(),1
model.vision_tower.encoder.layers.4.post_attention_layernorm.weight,model.vision_tower.encoder.layers.N.post_attention_layernorm.weight,vision,4.0,BF16,"(768,)",768
model.vision_tower.encoder.layers.4.post_feedforward_layernorm.weight,model.vision_tower.encoder.layers.N.post_feedforward_layernorm.weight,vision,4.0,BF16,"(768,)",768
model.vision_tower.encoder.layers.4.pre_feedforward_layernorm.weight,model.vision_tower.encoder.layers.N.pre_feedforward_layernorm.weight,vision,4.0,BF16,"(768,)",768
model.vision_tower.encoder.layers.4.self_attn.k_norm.weight,model.vision_tower.encoder.layers.N.self_attn.k_norm.weight,vision,4.0,BF16,"(64,)",64
model.vision_tower.encoder.layers.4.self_attn.k_proj.input_max,model.vision_tower.encoder.layers.N.self_attn.k_proj.input_max,vision,4.0,BF16,(),1
model.vision_tower.encoder.layers.4.self_attn.k_proj.input_min,model.vision_tower.encoder.layers.N.self_attn.k_proj.input_min,vision,4.0,BF16,(),1
model.vision_tower.encoder.layers.4.self_attn.k_proj.linear.weight,model.vision_tower.encoder.layers.N.self_attn.k_proj.linear.weight,vision,4.0,BF16,"(768, 768)",589824
model.vision_tower.encoder.layers.4.self_attn.k_proj.output_max,model.vision_tower.encoder.layers.N.self_attn.k_proj.output_max,vision,4.0,BF16,(),1
model.vision_tower.encoder.layers.4.self_attn.k_proj.output_min,model.vision_tower.encoder.layers.N.self_attn.k_proj.output_min,vision,4.0,BF16,(),1
model.vision_tower.encoder.layers.4.self_attn.o_proj.input_max,model.vision_tower.encoder.layers.N.self_attn.o_proj.input_max,vision,4.0,BF16,(),1
model.vision_tower.encoder.layers.4.self_attn.o_proj.input_min,model.vision_tower.encoder.layers.N.self_attn.o_proj.input_min,vision,4.0,BF16,(),1
model.vision_tower.encoder.layers.4.self_attn.o_proj.linear.weight,model.vision_tower.encoder.layers.N.self_attn.o_proj.linear.weight,vision,4.0,BF16,"(768, 768)",589824
model.vision_tower.encoder.layers.4.self_attn.o_proj.output_max,model.vision_tower.encoder.layers.N.self_attn.o_proj.output_max,vision,4.0,BF16,(),1
model.vision_tower.encoder.layers.4.self_attn.o_proj.output_min,model.vision_tower.encoder.layers.N.self_attn.o_proj.output_min,vision,4.0,BF16,(),1
model.vision_tower.encoder.layers.4.self_attn.q_norm.weight,model.vision_tower.encoder.layers.N.self_attn.q_norm.weight,vision,4.0,BF16,"(64,)",64
model.vision_tower.encoder.layers.4.self_attn.q_proj.input_max,model.vision_tower.encoder.layers.N.self_attn.q_proj.input_max,vision,4.0,BF16,(),1
model.vision_tower.encoder.layers.4.self_attn.q_proj.input_min,model.vision_tower.encoder.layers.N.self_attn.q_proj.input_min,vision,4.0,BF16,(),1
model.vision_tower.encoder.layers.4.self_attn.q_proj.linear.weight,model.vision_tower.encoder.layers.N.self_attn.q_proj.linear.weight,vision,4.0,BF16,"(768, 768)",589824
model.vision_tower.encoder.layers.4.self_attn.q_proj.output_max,model.vision_tower.encoder.layers.N.self_attn.q_proj.output_max,vision,4.0,BF16,(),1
model.vision_tower.encoder.layers.4.self_attn.q_proj.output_min,model.vision_tower.encoder.layers.N.self_attn.q_proj.output_min,vision,4.0,BF16,(),1
model.vision_tower.encoder.layers.4.self_attn.v_proj.input_max,model.vision_tower.encoder.layers.N.self_attn.v_proj.input_max,vision,4.0,BF16,(),1
model.vision_tower.encoder.layers.4.self_attn.v_proj.input_min,model.vision_tower.encoder.layers.N.self_attn.v_proj.input_min,vision,4.0,BF16,(),1
model.vision_tower.encoder.layers.4.self_attn.v_proj.linear.weight,model.vision_tower.encoder.layers.N.self_attn.v_proj.linear.weight,vision,4.0,BF16,"(768, 768)",589824
model.vision_tower.encoder.layers.4.self_attn.v_proj.output_max,model.vision_tower.encoder.layers.N.self_attn.v_proj.output_max,vision,4.0,BF16,(),1
model.vision_tower.encoder.layers.4.self_attn.v_proj.output_min,model.vision_tower.encoder.layers.N.self_attn.v_proj.output_min,vision,4.0,BF16,(),1
model.vision_tower.encoder.layers.5.input_layernorm.weight,model.vision_tower.encoder.layers.N.input_layernorm.weight,vision,5.0,BF16,"(768,)",768
model.vision_tower.encoder.layers.5.mlp.down_proj.input_max,model.vision_tower.encoder.layers.N.mlp.down_proj.input_max,vision,5.0,BF16,(),1
model.vision_tower.encoder.layers.5.mlp.down_proj.input_min,model.vision_tower.encoder.layers.N.mlp.down_proj.input_min,vision,5.0,BF16,(),1
model.vision_tower.encoder.layers.5.mlp.down_proj.linear.weight,model.vision_tower.encoder.layers.N.mlp.down_proj.linear.weight,vision,5.0,BF16,"(768, 3072)",2359296
model.vision_tower.encoder.layers.5.mlp.down_proj.output_max,model.vision_tower.encoder.layers.N.mlp.down_proj.output_max,vision,5.0,BF16,(),1
model.vision_tower.encoder.layers.5.mlp.down_proj.output_min,model.vision_tower.encoder.layers.N.mlp.down_proj.output_min,vision,5.0,BF16,(),1
model.vision_tower.encoder.layers.5.mlp.gate_proj.input_max,model.vision_tower.encoder.layers.N.mlp.gate_proj.input_max,vision,5.0,BF16,(),1
model.vision_tower.encoder.layers.5.mlp.gate_proj.input_min,model.vision_tower.encoder.layers.N.mlp.gate_proj.input_min,vision,5.0,BF16,(),1
model.vision_tower.encoder.layers.5.mlp.gate_proj.linear.weight,model.vision_tower.encoder.layers.N.mlp.gate_proj.linear.weight,vision,5.0,BF16,"(3072, 768)",2359296
model.vision_tower.encoder.layers.5.mlp.gate_proj.output_max,model.vision_tower.encoder.layers.N.mlp.gate_proj.output_max,vision,5.0,BF16,(),1
model.vision_tower.encoder.layers.5.mlp.gate_proj.output_min,model.vision_tower.encoder.layers.N.mlp.gate_proj.output_min,vision,5.0,BF16,(),1
model.vision_tower.encoder.layers.5.mlp.up_proj.input_max,model.vision_tower.encoder.layers.N.mlp.up_proj.input_max,vision,5.0,BF16,(),1
model.vision_tower.encoder.layers.5.mlp.up_proj.input_min,model.vision_tower.encoder.layers.N.mlp.up_proj.input_min,vision,5.0,BF16,(),1
model.vision_tower.encoder.layers.5.mlp.up_proj.linear.weight,model.vision_tower.encoder.layers.N.mlp.up_proj.linear.weight,vision,5.0,BF16,"(3072, 768)",2359296
model.vision_tower.encoder.layers.5.mlp.up_proj.output_max,model.vision_tower.encoder.layers.N.mlp.up_proj.output_max,vision,5.0,BF16,(),1
model.vision_tower.encoder.layers.5.mlp.up_proj.output_min,model.vision_tower.encoder.layers.N.mlp.up_proj.output_min,vision,5.0,BF16,(),1
model.vision_tower.encoder.layers.5.post_attention_layernorm.weight,model.vision_tower.encoder.layers.N.post_attention_layernorm.weight,vision,5.0,BF16,"(768,)",768
model.vision_tower.encoder.layers.5.post_feedforward_layernorm.weight,model.vision_tower.encoder.layers.N.post_feedforward_layernorm.weight,vision,5.0,BF16,"(768,)",768
model.vision_tower.encoder.layers.5.pre_feedforward_layernorm.weight,model.vision_tower.encoder.layers.N.pre_feedforward_layernorm.weight,vision,5.0,BF16,"(768,)",768
model.vision_tower.encoder.layers.5.self_attn.k_norm.weight,model.vision_tower.encoder.layers.N.self_attn.k_norm.weight,vision,5.0,BF16,"(64,)",64
model.vision_tower.encoder.layers.5.self_attn.k_proj.input_max,model.vision_tower.encoder.layers.N.self_attn.k_proj.input_max,vision,5.0,BF16,(),1
model.vision_tower.encoder.layers.5.self_attn.k_proj.input_min,model.vision_tower.encoder.layers.N.self_attn.k_proj.input_min,vision,5.0,BF16,(),1
model.vision_tower.encoder.layers.5.self_attn.k_proj.linear.weight,model.vision_tower.encoder.layers.N.self_attn.k_proj.linear.weight,vision,5.0,BF16,"(768, 768)",589824
model.vision_tower.encoder.layers.5.self_attn.k_proj.output_max,model.vision_tower.encoder.layers.N.self_attn.k_proj.output_max,vision,5.0,BF16,(),1
model.vision_tower.encoder.layers.5.self_attn.k_proj.output_min,model.vision_tower.encoder.layers.N.self_attn.k_proj.output_min,vision,5.0,BF16,(),1
model.vision_tower.encoder.layers.5.self_attn.o_proj.input_max,model.vision_tower.encoder.layers.N.self_attn.o_proj.input_max,vision,5.0,BF16,(),1
model.vision_tower.encoder.layers.5.self_attn.o_proj.input_min,model.vision_tower.encoder.layers.N.self_attn.o_proj.input_min,vision,5.0,BF16,(),1
model.vision_tower.encoder.layers.5.self_attn.o_proj.linear.weight,model.vision_tower.encoder.layers.N.self_attn.o_proj.linear.weight,vision,5.0,BF16,"(768, 768)",589824
model.vision_tower.encoder.layers.5.self_attn.o_proj.output_max,model.vision_tower.encoder.layers.N.self_attn.o_proj.output_max,vision,5.0,BF16,(),1
model.vision_tower.encoder.layers.5.self_attn.o_proj.output_min,model.vision_tower.encoder.layers.N.self_attn.o_proj.output_min,vision,5.0,BF16,(),1
model.vision_tower.encoder.layers.5.self_attn.q_norm.weight,model.vision_tower.encoder.layers.N.self_attn.q_norm.weight,vision,5.0,BF16,"(64,)",64
model.vision_tower.encoder.layers.5.self_attn.q_proj.input_max,model.vision_tower.encoder.layers.N.self_attn.q_proj.input_max,vision,5.0,BF16,(),1
model.vision_tower.encoder.layers.5.self_attn.q_proj.input_min,model.vision_tower.encoder.layers.N.self_attn.q_proj.input_min,vision,5.0,BF16,(),1
model.vision_tower.encoder.layers.5.self_attn.q_proj.linear.weight,model.vision_tower.encoder.layers.N.self_attn.q_proj.linear.weight,vision,5.0,BF16,"(768, 768)",589824
model.vision_tower.encoder.layers.5.self_attn.q_proj.output_max,model.vision_tower.encoder.layers.N.self_attn.q_proj.output_max,vision,5.0,BF16,(),1
model.vision_tower.encoder.layers.5.self_attn.q_proj.output_min,model.vision_tower.encoder.layers.N.self_attn.q_proj.output_min,vision,5.0,BF16,(),1
model.vision_tower.encoder.layers.5.self_attn.v_proj.input_max,model.vision_tower.encoder.layers.N.self_attn.v_proj.input_max,vision,5.0,BF16,(),1
model.vision_tower.encoder.layers.5.self_attn.v_proj.input_min,model.vision_tower.encoder.layers.N.self_attn.v_proj.input_min,vision,5.0,BF16,(),1
model.vision_tower.encoder.layers.5.self_attn.v_proj.linear.weight,model.vision_tower.encoder.layers.N.self_attn.v_proj.linear.weight,vision,5.0,BF16,"(768, 768)",589824
model.vision_tower.encoder.layers.5.self_attn.v_proj.output_max,model.vision_tower.encoder.layers.N.self_attn.v_proj.output_max,vision,5.0,BF16,(),1
model.vision_tower.encoder.layers.5.self_attn.v_proj.output_min,model.vision_tower.encoder.layers.N.self_attn.v_proj.output_min,vision,5.0,BF16,(),1
model.vision_tower.encoder.layers.6.input_layernorm.weight,model.vision_tower.encoder.layers.N.input_layernorm.weight,vision,6.0,BF16,"(768,)",768
model.vision_tower.encoder.layers.6.mlp.down_proj.input_max,model.vision_tower.encoder.layers.N.mlp.down_proj.input_max,vision,6.0,BF16,(),1
model.vision_tower.encoder.layers.6.mlp.down_proj.input_min,model.vision_tower.encoder.layers.N.mlp.down_proj.input_min,vision,6.0,BF16,(),1
model.vision_tower.encoder.layers.6.mlp.down_proj.linear.weight,model.vision_tower.encoder.layers.N.mlp.down_proj.linear.weight,vision,6.0,BF16,"(768, 3072)",2359296
model.vision_tower.encoder.layers.6.mlp.down_proj.output_max,model.vision_tower.encoder.layers.N.mlp.down_proj.output_max,vision,6.0,BF16,(),1
model.vision_tower.encoder.layers.6.mlp.down_proj.output_min,model.vision_tower.encoder.layers.N.mlp.down_proj.output_min,vision,6.0,BF16,(),1
model.vision_tower.encoder.layers.6.mlp.gate_proj.input_max,model.vision_tower.encoder.layers.N.mlp.gate_proj.input_max,vision,6.0,BF16,(),1
model.vision_tower.encoder.layers.6.mlp.gate_proj.input_min,model.vision_tower.encoder.layers.N.mlp.gate_proj.input_min,vision,6.0,BF16,(),1
model.vision_tower.encoder.layers.6.mlp.gate_proj.linear.weight,model.vision_tower.encoder.layers.N.mlp.gate_proj.linear.weight,vision,6.0,BF16,"(3072, 768)",2359296
model.vision_tower.encoder.layers.6.mlp.gate_proj.output_max,model.vision_tower.encoder.layers.N.mlp.gate_proj.output_max,vision,6.0,BF16,(),1
model.vision_tower.encoder.layers.6.mlp.gate_proj.output_min,model.vision_tower.encoder.layers.N.mlp.gate_proj.output_min,vision,6.0,BF16,(),1
model.vision_tower.encoder.layers.6.mlp.up_proj.input_max,model.vision_tower.encoder.layers.N.mlp.up_proj.input_max,vision,6.0,BF16,(),1
model.vision_tower.encoder.layers.6.mlp.up_proj.input_min,model.vision_tower.encoder.layers.N.mlp.up_proj.input_min,vision,6.0,BF16,(),1
model.vision_tower.encoder.layers.6.mlp.up_proj.linear.weight,model.vision_tower.encoder.layers.N.mlp.up_proj.linear.weight,vision,6.0,BF16,"(3072, 768)",2359296
model.vision_tower.encoder.layers.6.mlp.up_proj.output_max,model.vision_tower.encoder.layers.N.mlp.up_proj.output_max,vision,6.0,BF16,(),1
model.vision_tower.encoder.layers.6.mlp.up_proj.output_min,model.vision_tower.encoder.layers.N.mlp.up_proj.output_min,vision,6.0,BF16,(),1
model.vision_tower.encoder.layers.6.post_attention_layernorm.weight,model.vision_tower.encoder.layers.N.post_attention_layernorm.weight,vision,6.0,BF16,"(768,)",768
model.vision_tower.encoder.layers.6.post_feedforward_layernorm.weight,model.vision_tower.encoder.layers.N.post_feedforward_layernorm.weight,vision,6.0,BF16,"(768,)",768
model.vision_tower.encoder.layers.6.pre_feedforward_layernorm.weight,model.vision_tower.encoder.layers.N.pre_feedforward_layernorm.weight,vision,6.0,BF16,"(768,)",768
model.vision_tower.encoder.layers.6.self_attn.k_norm.weight,model.vision_tower.encoder.layers.N.self_attn.k_norm.weight,vision,6.0,BF16,"(64,)",64
model.vision_tower.encoder.layers.6.self_attn.k_proj.input_max,model.vision_tower.encoder.layers.N.self_attn.k_proj.input_max,vision,6.0,BF16,(),1
model.vision_tower.encoder.layers.6.self_attn.k_proj.input_min,model.vision_tower.encoder.layers.N.self_attn.k_proj.input_min,vision,6.0,BF16,(),1
model.vision_tower.encoder.layers.6.self_attn.k_proj.linear.weight,model.vision_tower.encoder.layers.N.self_attn.k_proj.linear.weight,vision,6.0,BF16,"(768, 768)",589824
model.vision_tower.encoder.layers.6.self_attn.k_proj.output_max,model.vision_tower.encoder.layers.N.self_attn.k_proj.output_max,vision,6.0,BF16,(),1
model.vision_tower.encoder.layers.6.self_attn.k_proj.output_min,model.vision_tower.encoder.layers.N.self_attn.k_proj.output_min,vision,6.0,BF16,(),1
model.vision_tower.encoder.layers.6.self_attn.o_proj.input_max,model.vision_tower.encoder.layers.N.self_attn.o_proj.input_max,vision,6.0,BF16,(),1
model.vision_tower.encoder.layers.6.self_attn.o_proj.input_min,model.vision_tower.encoder.layers.N.self_attn.o_proj.input_min,vision,6.0,BF16,(),1
model.vision_tower.encoder.layers.6.self_attn.o_proj.linear.weight,model.vision_tower.encoder.layers.N.self_attn.o_proj.linear.weight,vision,6.0,BF16,"(768, 768)",589824
model.vision_tower.encoder.layers.6.self_attn.o_proj.output_max,model.vision_tower.encoder.layers.N.self_attn.o_proj.output_max,vision,6.0,BF16,(),1
model.vision_tower.encoder.layers.6.self_attn.o_proj.output_min,model.vision_tower.encoder.layers.N.self_attn.o_proj.output_min,vision,6.0,BF16,(),1
model.vision_tower.encoder.layers.6.self_attn.q_norm.weight,model.vision_tower.encoder.layers.N.self_attn.q_norm.weight,vision,6.0,BF16,"(64,)",64
model.vision_tower.encoder.layers.6.self_attn.q_proj.input_max,model.vision_tower.encoder.layers.N.self_attn.q_proj.input_max,vision,6.0,BF16,(),1
model.vision_tower.encoder.layers.6.self_attn.q_proj.input_min,model.vision_tower.encoder.layers.N.self_attn.q_proj.input_min,vision,6.0,BF16,(),1
model.vision_tower.encoder.layers.6.self_attn.q_proj.linear.weight,model.vision_tower.encoder.layers.N.self_attn.q_proj.linear.weight,vision,6.0,BF16,"(768, 768)",589824
model.vision_tower.encoder.layers.6.self_attn.q_proj.output_max,model.vision_tower.encoder.layers.N.self_attn.q_proj.output_max,vision,6.0,BF16,(),1
model.vision_tower.encoder.layers.6.self_attn.q_proj.output_min,model.vision_tower.encoder.layers.N.self_attn.q_proj.output_min,vision,6.0,BF16,(),1
model.vision_tower.encoder.layers.6.self_attn.v_proj.input_max,model.vision_tower.encoder.layers.N.self_attn.v_proj.input_max,vision,6.0,BF16,(),1
model.vision_tower.encoder.layers.6.self_attn.v_proj.input_min,model.vision_tower.encoder.layers.N.self_attn.v_proj.input_min,vision,6.0,BF16,(),1
model.vision_tower.encoder.layers.6.self_attn.v_proj.linear.weight,model.vision_tower.encoder.layers.N.self_attn.v_proj.linear.weight,vision,6.0,BF16,"(768, 768)",589824
model.vision_tower.encoder.layers.6.self_attn.v_proj.output_max,model.vision_tower.encoder.layers.N.self_attn.v_proj.output_max,vision,6.0,BF16,(),1
model.vision_tower.encoder.layers.6.self_attn.v_proj.output_min,model.vision_tower.encoder.layers.N.self_attn.v_proj.output_min,vision,6.0,BF16,(),1
model.vision_tower.encoder.layers.7.input_layernorm.weight,model.vision_tower.encoder.layers.N.input_layernorm.weight,vision,7.0,BF16,"(768,)",768
model.vision_tower.encoder.layers.7.mlp.down_proj.input_max,model.vision_tower.encoder.layers.N.mlp.down_proj.input_max,vision,7.0,BF16,(),1
model.vision_tower.encoder.layers.7.mlp.down_proj.input_min,model.vision_tower.encoder.layers.N.mlp.down_proj.input_min,vision,7.0,BF16,(),1
model.vision_tower.encoder.layers.7.mlp.down_proj.linear.weight,model.vision_tower.encoder.layers.N.mlp.down_proj.linear.weight,vision,7.0,BF16,"(768, 3072)",2359296
model.vision_tower.encoder.layers.7.mlp.down_proj.output_max,model.vision_tower.encoder.layers.N.mlp.down_proj.output_max,vision,7.0,BF16,(),1
model.vision_tower.encoder.layers.7.mlp.down_proj.output_min,model.vision_tower.encoder.layers.N.mlp.down_proj.output_min,vision,7.0,BF16,(),1
model.vision_tower.encoder.layers.7.mlp.gate_proj.input_max,model.vision_tower.encoder.layers.N.mlp.gate_proj.input_max,vision,7.0,BF16,(),1
model.vision_tower.encoder.layers.7.mlp.gate_proj.input_min,model.vision_tower.encoder.layers.N.mlp.gate_proj.input_min,vision,7.0,BF16,(),1
model.vision_tower.encoder.layers.7.mlp.gate_proj.linear.weight,model.vision_tower.encoder.layers.N.mlp.gate_proj.linear.weight,vision,7.0,BF16,"(3072, 768)",2359296
model.vision_tower.encoder.layers.7.mlp.gate_proj.output_max,model.vision_tower.encoder.layers.N.mlp.gate_proj.output_max,vision,7.0,BF16,(),1
model.vision_tower.encoder.layers.7.mlp.gate_proj.output_min,model.vision_tower.encoder.layers.N.mlp.gate_proj.output_min,vision,7.0,BF16,(),1
model.vision_tower.encoder.layers.7.mlp.up_proj.input_max,model.vision_tower.encoder.layers.N.mlp.up_proj.input_max,vision,7.0,BF16,(),1
model.vision_tower.encoder.layers.7.mlp.up_proj.input_min,model.vision_tower.encoder.layers.N.mlp.up_proj.input_min,vision,7.0,BF16,(),1
model.vision_tower.encoder.layers.7.mlp.up_proj.linear.weight,model.vision_tower.encoder.layers.N.mlp.up_proj.linear.weight,vision,7.0,BF16,"(3072, 768)",2359296
model.vision_tower.encoder.layers.7.mlp.up_proj.output_max,model.vision_tower.encoder.layers.N.mlp.up_proj.output_max,vision,7.0,BF16,(),1
model.vision_tower.encoder.layers.7.mlp.up_proj.output_min,model.vision_tower.encoder.layers.N.mlp.up_proj.output_min,vision,7.0,BF16,(),1
model.vision_tower.encoder.layers.7.post_attention_layernorm.weight,model.vision_tower.encoder.layers.N.post_attention_layernorm.weight,vision,7.0,BF16,"(768,)",768
model.vision_tower.encoder.layers.7.post_feedforward_layernorm.weight,model.vision_tower.encoder.layers.N.post_feedforward_layernorm.weight,vision,7.0,BF16,"(768,)",768
model.vision_tower.encoder.layers.7.pre_feedforward_layernorm.weight,model.vision_tower.encoder.layers.N.pre_feedforward_layernorm.weight,vision,7.0,BF16,"(768,)",768
model.vision_tower.encoder.layers.7.self_attn.k_norm.weight,model.vision_tower.encoder.layers.N.self_attn.k_norm.weight,vision,7.0,BF16,"(64,)",64
model.vision_tower.encoder.layers.7.self_attn.k_proj.input_max,model.vision_tower.encoder.layers.N.self_attn.k_proj.input_max,vision,7.0,BF16,(),1
model.vision_tower.encoder.layers.7.self_attn.k_proj.input_min,model.vision_tower.encoder.layers.N.self_attn.k_proj.input_min,vision,7.0,BF16,(),1
model.vision_tower.encoder.layers.7.self_attn.k_proj.linear.weight,model.vision_tower.encoder.layers.N.self_attn.k_proj.linear.weight,vision,7.0,BF16,"(768, 768)",589824
model.vision_tower.encoder.layers.7.self_attn.k_proj.output_max,model.vision_tower.encoder.layers.N.self_attn.k_proj.output_max,vision,7.0,BF16,(),1
model.vision_tower.encoder.layers.7.self_attn.k_proj.output_min,model.vision_tower.encoder.layers.N.self_attn.k_proj.output_min,vision,7.0,BF16,(),1
model.vision_tower.encoder.layers.7.self_attn.o_proj.input_max,model.vision_tower.encoder.layers.N.self_attn.o_proj.input_max,vision,7.0,BF16,(),1
model.vision_tower.encoder.layers.7.self_attn.o_proj.input_min,model.vision_tower.encoder.layers.N.self_attn.o_proj.input_min,vision,7.0,BF16,(),1
model.vision_tower.encoder.layers.7.self_attn.o_proj.linear.weight,model.vision_tower.encoder.layers.N.self_attn.o_proj.linear.weight,vision,7.0,BF16,"(768, 768)",589824
model.vision_tower.encoder.layers.7.self_attn.o_proj.output_max,model.vision_tower.encoder.layers.N.self_attn.o_proj.output_max,vision,7.0,BF16,(),1
model.vision_tower.encoder.layers.7.self_attn.o_proj.output_min,model.vision_tower.encoder.layers.N.self_attn.o_proj.output_min,vision,7.0,BF16,(),1
model.vision_tower.encoder.layers.7.self_attn.q_norm.weight,model.vision_tower.encoder.layers.N.self_attn.q_norm.weight,vision,7.0,BF16,"(64,)",64
model.vision_tower.encoder.layers.7.self_attn.q_proj.input_max,model.vision_tower.encoder.layers.N.self_attn.q_proj.input_max,vision,7.0,BF16,(),1
model.vision_tower.encoder.layers.7.self_attn.q_proj.input_min,model.vision_tower.encoder.layers.N.self_attn.q_proj.input_min,vision,7.0,BF16,(),1
model.vision_tower.encoder.layers.7.self_attn.q_proj.linear.weight,model.vision_tower.encoder.layers.N.self_attn.q_proj.linear.weight,vision,7.0,BF16,"(768, 768)",589824
model.vision_tower.encoder.layers.7.self_attn.q_proj.output_max,model.vision_tower.encoder.layers.N.self_attn.q_proj.output_max,vision,7.0,BF16,(),1
model.vision_tower.encoder.layers.7.self_attn.q_proj.output_min,model.vision_tower.encoder.layers.N.self_attn.q_proj.output_min,vision,7.0,BF16,(),1
model.vision_tower.encoder.layers.7.self_attn.v_proj.input_max,model.vision_tower.encoder.layers.N.self_attn.v_proj.input_max,vision,7.0,BF16,(),1
model.vision_tower.encoder.layers.7.self_attn.v_proj.input_min,model.vision_tower.encoder.layers.N.self_attn.v_proj.input_min,vision,7.0,BF16,(),1
model.vision_tower.encoder.layers.7.self_attn.v_proj.linear.weight,model.vision_tower.encoder.layers.N.self_attn.v_proj.linear.weight,vision,7.0,BF16,"(768, 768)",589824
model.vision_tower.encoder.layers.7.self_attn.v_proj.output_max,model.vision_tower.encoder.layers.N.self_attn.v_proj.output_max,vision,7.0,BF16,(),1
model.vision_tower.encoder.layers.7.self_attn.v_proj.output_min,model.vision_tower.encoder.layers.N.self_attn.v_proj.output_min,vision,7.0,BF16,(),1
model.vision_tower.encoder.layers.8.input_layernorm.weight,model.vision_tower.encoder.layers.N.input_layernorm.weight,vision,8.0,BF16,"(768,)",768
model.vision_tower.encoder.layers.8.mlp.down_proj.input_max,model.vision_tower.encoder.layers.N.mlp.down_proj.input_max,vision,8.0,BF16,(),1
model.vision_tower.encoder.layers.8.mlp.down_proj.input_min,model.vision_tower.encoder.layers.N.mlp.down_proj.input_min,vision,8.0,BF16,(),1
model.vision_tower.encoder.layers.8.mlp.down_proj.linear.weight,model.vision_tower.encoder.layers.N.mlp.down_proj.linear.weight,vision,8.0,BF16,"(768, 3072)",2359296
model.vision_tower.encoder.layers.8.mlp.down_proj.output_max,model.vision_tower.encoder.layers.N.mlp.down_proj.output_max,vision,8.0,BF16,(),1
model.vision_tower.encoder.layers.8.mlp.down_proj.output_min,model.vision_tower.encoder.layers.N.mlp.down_proj.output_min,vision,8.0,BF16,(),1
model.vision_tower.encoder.layers.8.mlp.gate_proj.input_max,model.vision_tower.encoder.layers.N.mlp.gate_proj.input_max,vision,8.0,BF16,(),1
model.vision_tower.encoder.layers.8.mlp.gate_proj.input_min,model.vision_tower.encoder.layers.N.mlp.gate_proj.input_min,vision,8.0,BF16,(),1
model.vision_tower.encoder.layers.8.mlp.gate_proj.linear.weight,model.vision_tower.encoder.layers.N.mlp.gate_proj.linear.weight,vision,8.0,BF16,"(3072, 768)",2359296
model.vision_tower.encoder.layers.8.mlp.gate_proj.output_max,model.vision_tower.encoder.layers.N.mlp.gate_proj.output_max,vision,8.0,BF16,(),1
model.vision_tower.encoder.layers.8.mlp.gate_proj.output_min,model.vision_tower.encoder.layers.N.mlp.gate_proj.output_min,vision,8.0,BF16,(),1
model.vision_tower.encoder.layers.8.mlp.up_proj.input_max,model.vision_tower.encoder.layers.N.mlp.up_proj.input_max,vision,8.0,BF16,(),1
model.vision_tower.encoder.layers.8.mlp.up_proj.input_min,model.vision_tower.encoder.layers.N.mlp.up_proj.input_min,vision,8.0,BF16,(),1
model.vision_tower.encoder.layers.8.mlp.up_proj.linear.weight,model.vision_tower.encoder.layers.N.mlp.up_proj.linear.weight,vision,8.0,BF16,"(3072, 768)",2359296
model.vision_tower.encoder.layers.8.mlp.up_proj.output_max,model.vision_tower.encoder.layers.N.mlp.up_proj.output_max,vision,8.0,BF16,(),1
model.vision_tower.encoder.layers.8.mlp.up_proj.output_min,model.vision_tower.encoder.layers.N.mlp.up_proj.output_min,vision,8.0,BF16,(),1
model.vision_tower.encoder.layers.8.post_attention_layernorm.weight,model.vision_tower.encoder.layers.N.post_attention_layernorm.weight,vision,8.0,BF16,"(768,)",768
model.vision_tower.encoder.layers.8.post_feedforward_layernorm.weight,model.vision_tower.encoder.layers.N.post_feedforward_layernorm.weight,vision,8.0,BF16,"(768,)",768
model.vision_tower.encoder.layers.8.pre_feedforward_layernorm.weight,model.vision_tower.encoder.layers.N.pre_feedforward_layernorm.weight,vision,8.0,BF16,"(768,)",768
model.vision_tower.encoder.layers.8.self_attn.k_norm.weight,model.vision_tower.encoder.layers.N.self_attn.k_norm.weight,vision,8.0,BF16,"(64,)",64
model.vision_tower.encoder.layers.8.self_attn.k_proj.input_max,model.vision_tower.encoder.layers.N.self_attn.k_proj.input_max,vision,8.0,BF16,(),1
model.vision_tower.encoder.layers.8.self_attn.k_proj.input_min,model.vision_tower.encoder.layers.N.self_attn.k_proj.input_min,vision,8.0,BF16,(),1
model.vision_tower.encoder.layers.8.self_attn.k_proj.linear.weight,model.vision_tower.encoder.layers.N.self_attn.k_proj.linear.weight,vision,8.0,BF16,"(768, 768)",589824
model.vision_tower.encoder.layers.8.self_attn.k_proj.output_max,model.vision_tower.encoder.layers.N.self_attn.k_proj.output_max,vision,8.0,BF16,(),1
model.vision_tower.encoder.layers.8.self_attn.k_proj.output_min,model.vision_tower.encoder.layers.N.self_attn.k_proj.output_min,vision,8.0,BF16,(),1
model.vision_tower.encoder.layers.8.self_attn.o_proj.input_max,model.vision_tower.encoder.layers.N.self_attn.o_proj.input_max,vision,8.0,BF16,(),1
model.vision_tower.encoder.layers.8.self_attn.o_proj.input_min,model.vision_tower.encoder.layers.N.self_attn.o_proj.input_min,vision,8.0,BF16,(),1
model.vision_tower.encoder.layers.8.self_attn.o_proj.linear.weight,model.vision_tower.encoder.layers.N.self_attn.o_proj.linear.weight,vision,8.0,BF16,"(768, 768)",589824
model.vision_tower.encoder.layers.8.self_attn.o_proj.output_max,model.vision_tower.encoder.layers.N.self_attn.o_proj.output_max,vision,8.0,BF16,(),1
model.vision_tower.encoder.layers.8.self_attn.o_proj.output_min,model.vision_tower.encoder.layers.N.self_attn.o_proj.output_min,vision,8.0,BF16,(),1
model.vision_tower.encoder.layers.8.self_attn.q_norm.weight,model.vision_tower.encoder.layers.N.self_attn.q_norm.weight,vision,8.0,BF16,"(64,)",64
model.vision_tower.encoder.layers.8.self_attn.q_proj.input_max,model.vision_tower.encoder.layers.N.self_attn.q_proj.input_max,vision,8.0,BF16,(),1
model.vision_tower.encoder.layers.8.self_attn.q_proj.input_min,model.vision_tower.encoder.layers.N.self_attn.q_proj.input_min,vision,8.0,BF16,(),1
model.vision_tower.encoder.layers.8.self_attn.q_proj.linear.weight,model.vision_tower.encoder.layers.N.self_attn.q_proj.linear.weight,vision,8.0,BF16,"(768, 768)",589824
model.vision_tower.encoder.layers.8.self_attn.q_proj.output_max,model.vision_tower.encoder.layers.N.self_attn.q_proj.output_max,vision,8.0,BF16,(),1
model.vision_tower.encoder.layers.8.self_attn.q_proj.output_min,model.vision_tower.encoder.layers.N.self_attn.q_proj.output_min,vision,8.0,BF16,(),1
model.vision_tower.encoder.layers.8.self_attn.v_proj.input_max,model.vision_tower.encoder.layers.N.self_attn.v_proj.input_max,vision,8.0,BF16,(),1
model.vision_tower.encoder.layers.8.self_attn.v_proj.input_min,model.vision_tower.encoder.layers.N.self_attn.v_proj.input_min,vision,8.0,BF16,(),1
model.vision_tower.encoder.layers.8.self_attn.v_proj.linear.weight,model.vision_tower.encoder.layers.N.self_attn.v_proj.linear.weight,vision,8.0,BF16,"(768, 768)",589824
model.vision_tower.encoder.layers.8.self_attn.v_proj.output_max,model.vision_tower.encoder.layers.N.self_attn.v_proj.output_max,vision,8.0,BF16,(),1
model.vision_tower.encoder.layers.8.self_attn.v_proj.output_min,model.vision_tower.encoder.layers.N.self_attn.v_proj.output_min,vision,8.0,BF16,(),1
model.vision_tower.encoder.layers.9.input_layernorm.weight,model.vision_tower.encoder.layers.N.input_layernorm.weight,vision,9.0,BF16,"(768,)",768
model.vision_tower.encoder.layers.9.mlp.down_proj.input_max,model.vision_tower.encoder.layers.N.mlp.down_proj.input_max,vision,9.0,BF16,(),1
model.vision_tower.encoder.layers.9.mlp.down_proj.input_min,model.vision_tower.encoder.layers.N.mlp.down_proj.input_min,vision,9.0,BF16,(),1
model.vision_tower.encoder.layers.9.mlp.down_proj.linear.weight,model.vision_tower.encoder.layers.N.mlp.down_proj.linear.weight,vision,9.0,BF16,"(768, 3072)",2359296
model.vision_tower.encoder.layers.9.mlp.down_proj.output_max,model.vision_tower.encoder.layers.N.mlp.down_proj.output_max,vision,9.0,BF16,(),1
model.vision_tower.encoder.layers.9.mlp.down_proj.output_min,model.vision_tower.encoder.layers.N.mlp.down_proj.output_min,vision,9.0,BF16,(),1
model.vision_tower.encoder.layers.9.mlp.gate_proj.input_max,model.vision_tower.encoder.layers.N.mlp.gate_proj.input_max,vision,9.0,BF16,(),1
model.vision_tower.encoder.layers.9.mlp.gate_proj.input_min,model.vision_tower.encoder.layers.N.mlp.gate_proj.input_min,vision,9.0,BF16,(),1
model.vision_tower.encoder.layers.9.mlp.gate_proj.linear.weight,model.vision_tower.encoder.layers.N.mlp.gate_proj.linear.weight,vision,9.0,BF16,"(3072, 768)",2359296
model.vision_tower.encoder.layers.9.mlp.gate_proj.output_max,model.vision_tower.encoder.layers.N.mlp.gate_proj.output_max,vision,9.0,BF16,(),1
model.vision_tower.encoder.layers.9.mlp.gate_proj.output_min,model.vision_tower.encoder.layers.N.mlp.gate_proj.output_min,vision,9.0,BF16,(),1
model.vision_tower.encoder.layers.9.mlp.up_proj.input_max,model.vision_tower.encoder.layers.N.mlp.up_proj.input_max,vision,9.0,BF16,(),1
model.vision_tower.encoder.layers.9.mlp.up_proj.input_min,model.vision_tower.encoder.layers.N.mlp.up_proj.input_min,vision,9.0,BF16,(),1
model.vision_tower.encoder.layers.9.mlp.up_proj.linear.weight,model.vision_tower.encoder.layers.N.mlp.up_proj.linear.weight,vision,9.0,BF16,"(3072, 768)",2359296
model.vision_tower.encoder.layers.9.mlp.up_proj.output_max,model.vision_tower.encoder.layers.N.mlp.up_proj.output_max,vision,9.0,BF16,(),1
model.vision_tower.encoder.layers.9.mlp.up_proj.output_min,model.vision_tower.encoder.layers.N.mlp.up_proj.output_min,vision,9.0,BF16,(),1
model.vision_tower.encoder.layers.9.post_attention_layernorm.weight,model.vision_tower.encoder.layers.N.post_attention_layernorm.weight,vision,9.0,BF16,"(768,)",768
model.vision_tower.encoder.layers.9.post_feedforward_layernorm.weight,model.vision_tower.encoder.layers.N.post_feedforward_layernorm.weight,vision,9.0,BF16,"(768,)",768
model.vision_tower.encoder.layers.9.pre_feedforward_layernorm.weight,model.vision_tower.encoder.layers.N.pre_feedforward_layernorm.weight,vision,9.0,BF16,"(768,)",768
model.vision_tower.encoder.layers.9.self_attn.k_norm.weight,model.vision_tower.encoder.layers.N.self_attn.k_norm.weight,vision,9.0,BF16,"(64,)",64
model.vision_tower.encoder.layers.9.self_attn.k_proj.input_max,model.vision_tower.encoder.layers.N.self_attn.k_proj.input_max,vision,9.0,BF16,(),1
model.vision_tower.encoder.layers.9.self_attn.k_proj.input_min,model.vision_tower.encoder.layers.N.self_attn.k_proj.input_min,vision,9.0,BF16,(),1
model.vision_tower.encoder.layers.9.self_attn.k_proj.linear.weight,model.vision_tower.encoder.layers.N.self_attn.k_proj.linear.weight,vision,9.0,BF16,"(768, 768)",589824
model.vision_tower.encoder.layers.9.self_attn.k_proj.output_max,model.vision_tower.encoder.layers.N.self_attn.k_proj.output_max,vision,9.0,BF16,(),1
model.vision_tower.encoder.layers.9.self_attn.k_proj.output_min,model.vision_tower.encoder.layers.N.self_attn.k_proj.output_min,vision,9.0,BF16,(),1
model.vision_tower.encoder.layers.9.self_attn.o_proj.input_max,model.vision_tower.encoder.layers.N.self_attn.o_proj.input_max,vision,9.0,BF16,(),1
model.vision_tower.encoder.layers.9.self_attn.o_proj.input_min,model.vision_tower.encoder.layers.N.self_attn.o_proj.input_min,vision,9.0,BF16,(),1
model.vision_tower.encoder.layers.9.self_attn.o_proj.linear.weight,model.vision_tower.encoder.layers.N.self_attn.o_proj.linear.weight,vision,9.0,BF16,"(768, 768)",589824
model.vision_tower.encoder.layers.9.self_attn.o_proj.output_max,model.vision_tower.encoder.layers.N.self_attn.o_proj.output_max,vision,9.0,BF16,(),1
model.vision_tower.encoder.layers.9.self_attn.o_proj.output_min,model.vision_tower.encoder.layers.N.self_attn.o_proj.output_min,vision,9.0,BF16,(),1
model.vision_tower.encoder.layers.9.self_attn.q_norm.weight,model.vision_tower.encoder.layers.N.self_attn.q_norm.weight,vision,9.0,BF16,"(64,)",64
model.vision_tower.encoder.layers.9.self_attn.q_proj.input_max,model.vision_tower.encoder.layers.N.self_attn.q_proj.input_max,vision,9.0,BF16,(),1
model.vision_tower.encoder.layers.9.self_attn.q_proj.input_min,model.vision_tower.encoder.layers.N.self_attn.q_proj.input_min,vision,9.0,BF16,(),1
model.vision_tower.encoder.layers.9.self_attn.q_proj.linear.weight,model.vision_tower.encoder.layers.N.self_attn.q_proj.linear.weight,vision,9.0,BF16,"(768, 768)",589824
model.vision_tower.encoder.layers.9.self_attn.q_proj.output_max,model.vision_tower.encoder.layers.N.self_attn.q_proj.output_max,vision,9.0,BF16,(),1
model.vision_tower.encoder.layers.9.self_attn.q_proj.output_min,model.vision_tower.encoder.layers.N.self_attn.q_proj.output_min,vision,9.0,BF16,(),1
model.vision_tower.encoder.layers.9.self_attn.v_proj.input_max,model.vision_tower.encoder.layers.N.self_attn.v_proj.input_max,vision,9.0,BF16,(),1
model.vision_tower.encoder.layers.9.self_attn.v_proj.input_min,model.vision_tower.encoder.layers.N.self_attn.v_proj.input_min,vision,9.0,BF16,(),1
model.vision_tower.encoder.layers.9.self_attn.v_proj.linear.weight,model.vision_tower.encoder.layers.N.self_attn.v_proj.linear.weight,vision,9.0,BF16,"(768, 768)",589824
model.vision_tower.encoder.layers.9.self_attn.v_proj.output_max,model.vision_tower.encoder.layers.N.self_attn.v_proj.output_max,vision,9.0,BF16,(),1
model.vision_tower.encoder.layers.9.self_attn.v_proj.output_min,model.vision_tower.encoder.layers.N.self_attn.v_proj.output_min,vision,9.0,BF16,(),1
model.vision_tower.patch_embedder.input_proj.weight,model.vision_tower.patch_embedder.input_proj.weight,vision,,BF16,"(768, 768)",589824
model.vision_tower.patch_embedder.position_embedding_table,model.vision_tower.patch_embedder.position_embedding_table,vision,,BF16,"(2, 10240, 768)",15728640
