step,parent_beam_id,beam_id,beam_rank,token_id,token,token_probability,token_log_probability,previous_log_probability,cumulative_log_probability,is_eos,carried_forward,survived,on_final_path
1,0,1,0,1376,"

",0.3525041863977404,-1.04269278049469,0.0,-1.04269278049469,False,False,True,True
1,0,2,1,5293, Use,0.11444136751064735,-2.1676926612854004,0.0,-2.1676926612854004,False,False,True,False
1,0,3,2,6423, Write,0.05754473341053118,-2.8551926612854004,0.0,-2.8551926612854004,False,False,False,False
1,0,4,3,1617, The,0.054058274261972045,-2.9176926612854004,0.0,-2.9176926612854004,False,False,True,False
1,0,5,4,1243, ,0.03490264511847709,-3.3551926612854004,0.0,-3.3551926612854004,False,False,True,False
1,0,6,5,6829, That,0.03278800075104038,-3.4176926612854004,0.0,-3.4176926612854004,False,False,False,False
1,0,7,6,6640, Let,0.030801476209065384,-3.4801926612854004,0.0,-3.4801926612854004,False,False,True,False
1,0,8,7,2410, It,0.015487954886038744,-4.1676926612854,0.0,-4.1676926612854,False,False,False,False
1,0,9,8,1221,"
",0.012839965581590522,-4.3551926612854,0.0,-4.3551926612854,False,False,False,False
1,0,10,9,2514, This,0.012839965581590522,-4.3551926612854,0.0,-4.3551926612854,False,False,False,False
2,1,11,0,4823,We,0.13537547706251027,-1.999703049659729,-1.04269278049469,-3.042395830154419,False,False,True,False
2,1,12,1,2075,The,0.11946845343532585,-2.1247029304504395,-1.04269278049469,-3.16739559173584,False,False,True,True
2,2,13,2,1302, the,0.2561637585045676,-1.3619383573532104,-2.1676926612854004,-3.5296311378479004,False,False,False,False
2,7,14,3,1042,',0.7877371297036783,-0.23859083652496338,-3.4801926612854004,-3.718783378601074,False,False,True,False
2,1,15,4,26101,Ok,0.06394685504874699,-2.7497029304504395,-1.04269278049469,-3.79239559173584,False,False,True,False
2,5,16,5,1043,(,0.5809881273573771,-0.5430249571800232,-3.3551926612854004,-3.8982176780700684,False,False,False,False
2,4,17,6,6159, story,0.35515089737769256,-1.035212516784668,-2.9176926612854004,-3.9529051780700684,False,False,True,False
2,1,18,7,83786,Okay,0.05301380485147259,-2.9372029304504395,-1.04269278049469,-3.97989559173584,False,False,True,False
2,1,19,8,3703,Write,0.05301380485147259,-2.9372029304504395,-1.04269278049469,-3.97989559173584,False,False,True,False
2,4,20,9,34745, ted,0.2944304352740063,-1.222712516784668,-2.9176926612854004,-4.140405178070068,False,False,True,False
3,14,21,0,1118,s,0.9999798540367254,-2.0146166207268834e-05,-3.718783378601074,-3.7188034057617188,False,False,True,False
3,12,22,1,2801, user,0.38550300122296677,-0.9532063007354736,-3.16739559173584,-4.120601654052734,False,False,True,True
3,20,23,2,6912,dy,0.9992752563018441,-0.0007250064518302679,-4.140405178070068,-4.141129970550537,False,False,True,False
3,11,24,3,2351, need,0.2918949940689903,-1.2313611507415771,-3.042395830154419,-4.273756980895996,False,False,True,False
3,15,25,4,1049,.,0.4829303386681787,-0.7278828620910645,-3.79239559173584,-4.520278453826904,False,False,True,False
3,19,26,5,1284, a,0.4983701496310341,-0.696412205696106,-3.97989559173584,-4.676307678222656,False,False,False,False
3,12,27,6,7895, prompt,0.17106591982087474,-1.7657063007354736,-3.16739559173584,-4.933101654052734,False,False,True,False
3,18,28,7,1049,.,0.3818822485738561,-0.9626429677009583,-3.97989559173584,-4.942538738250732,False,False,True,False
3,17,29,8,2396, should,0.3487602778409783,-1.053370475769043,-3.9529051780700684,-5.006275653839111,False,False,True,False
3,17,30,9,4016, must,0.3487602778409783,-1.053370475769043,-3.9529051780700684,-5.006275653839111,False,False,False,False
4,23,31,0,23416, bear,0.9748762105872744,-0.02544477954506874,-4.141129970550537,-4.166574954986572,False,False,True,False
4,24,32,1,1343, to,0.8017825195382664,-0.22091788053512573,-4.273756980895996,-4.4946746826171875,False,False,True,False
4,21,33,2,3155, see,0.3106038731581018,-1.1692368984222412,-3.7188034057617188,-4.888040542602539,False,False,True,False
4,25,34,3,1376,"

",0.5400144827491534,-0.6161593198776245,-4.520278453826904,-5.136437892913818,False,False,False,False
4,22,35,4,16973, wants,0.29771775756191005,-1.2116093635559082,-4.120601654052734,-5.332211017608643,False,False,True,False
4,28,36,5,1376,"

",0.5351750711758414,-0.625161349773407,-4.942538738250732,-5.567699909210205,False,False,False,False
4,21,37,6,4037, try,0.14671888083169995,-1.9192368984222412,-3.7188034057617188,-5.638040542602539,False,False,True,False
4,27,38,7,1061,:,0.4205169285876913,-0.8662705421447754,-4.933101654052734,-5.79937219619751,False,False,True,False
4,29,39,8,1447, be,0.4247534179876492,-0.8562464714050293,-5.006275653839111,-5.862522125244141,False,False,True,False
4,22,40,9,7214, says,0.1593568322080584,-1.8366093635559082,-4.120601654052734,-5.957211017608643,False,False,True,True
5,31,41,0,1412, is,0.4707035694955911,-0.7535267472267151,-4.166574954986572,-4.920101642608643,False,False,True,False
5,33,42,1,1597, if,0.45563881776417764,-0.7860548496246338,-4.888040542602539,-5.674095153808594,False,False,True,False
5,35,43,2,1284, a,0.6686362932946235,-0.4025150239467621,-5.332211017608643,-5.7347259521484375,False,False,True,False
5,32,44,3,11027, produce,0.22988815023643516,-1.4701623916625977,-4.4946746826171875,-5.964837074279785,False,False,True,False
5,38,45,4,1243, ,0.8286954432865163,-0.187902569770813,-5.79937219619751,-5.987274646759033,False,False,True,False
5,33,46,5,2254, how,0.276358912729191,-1.2860548496246338,-4.888040542602539,-6.174095153808594,False,False,True,False
5,40,47,6,1061,:,0.7831379542499484,-0.24444641172885895,-5.957211017608643,-6.201657295227051,False,False,True,True
5,39,48,7,2247, about,0.4848019804912188,-0.7240147590637207,-5.862522125244141,-6.586536884307861,False,False,True,False
5,37,49,8,1343, to,0.35479578053207717,-1.0362129211425781,-5.638040542602539,-6.674253463745117,False,False,False,False
5,31,50,9,2053, has,0.0721847345963312,-2.6285266876220703,-4.166574954986572,-6.795101642608643,False,False,True,False
6,45,51,0,1037,"""",0.965259283843437,-0.035358525812625885,-5.987274646759033,-6.022633075714111,False,False,True,False
6,41,52,1,1284, a,0.326564749777772,-1.1191270351409912,-4.920101642608643,-6.039228439331055,False,False,False,False
6,42,53,2,1604, we,0.5955018166183457,-0.5183508396148682,-5.674095153808594,-6.192445755004883,False,False,True,False
6,44,54,3,1284, a,0.6907824578893311,-0.36993032693862915,-5.964837074279785,-6.3347673416137695,False,False,True,False
6,47,55,4,1243, ,0.8065918079967622,-0.21493755280971527,-6.201657295227051,-6.416594982147217,False,False,True,True
6,46,56,5,3367, many,0.6129173389128935,-0.4895251989364624,-6.174095153808594,-6.663620471954346,False,False,True,False
6,43,57,6,6159, story,0.3904181572185283,-0.9405369162559509,-5.7347259521484375,-6.675262928009033,False,False,True,False
6,48,58,7,1284, a,0.6404665021358883,-0.44555845856666565,-6.586536884307861,-7.032095432281494,False,False,True,False
6,43,59,8,40580, funny,0.23680056834713042,-1.4405369758605957,-5.7347259521484375,-7.175262928009033,False,False,True,False
6,50,60,9,1284, a,0.6179809348269494,-0.48129767179489136,-6.795101642608643,-7.2763991355896,False,False,False,False
7,53,61,0,1709, can,0.9643421578055295,-0.03630911186337471,-6.192445755004883,-6.228754997253418,False,False,True,False
7,55,62,1,1037,"""",0.9710440780616244,-0.02938341721892357,-6.416594982147217,-6.445978164672852,False,False,True,True
7,56,63,2,14912, tokens,0.6967858691908041,-0.36127713322639465,-6.663620471954346,-7.024897575378418,False,False,False,False
7,54,64,3,6159, story,0.49934602770573266,-0.6944559812545776,-6.3347673416137695,-7.029223442077637,False,False,True,False
7,59,65,4,6159, story,0.9830408443971601,-0.017104608938097954,-7.175262928009033,-7.1923675537109375,False,False,True,False
7,58,66,5,34745, ted,0.6707713965749792,-0.399326890707016,-7.032095432281494,-7.431422233581543,False,False,True,False
7,57,67,6,2247, about,0.41993617840133257,-0.8676525354385376,-6.675262928009033,-7.542915344238281,False,False,True,False
7,51,68,7,3703,Write,0.17394111477634128,-1.7490384578704834,-6.022633075714111,-7.771671295166016,False,False,True,False
7,51,69,8,2075,The,0.16340255538123308,-1.8115384578704834,-6.022633075714111,-7.834171295166016,False,False,False,False
7,54,70,9,6966, short,0.12625443276112105,-2.069456100463867,-6.3347673416137695,-8.404223442077637,False,False,False,False
8,66,71,0,6912,dy,0.9987748392272753,-0.0012259118957445025,-7.431422233581543,-7.432648181915283,False,False,True,False
8,65,72,1,2247, about,0.7838593432245373,-0.2435256838798523,-7.1923675537109375,-7.4358930587768555,False,False,True,False
8,67,73,2,1284, a,0.9050827147748696,-0.09972894191741943,-7.542915344238281,-7.64264440536499,False,False,True,False
8,68,74,3,1284, a,0.9783210529251861,-0.02191738784313202,-7.771671295166016,-7.793588638305664,False,False,True,False
8,61,75,4,2185, get,0.1840859678090556,-1.6923524141311646,-6.228754997253418,-7.921107292175293,False,False,True,False
8,61,76,5,1687, do,0.1840859678090556,-1.6923524141311646,-6.228754997253418,-7.921107292175293,False,False,True,False
8,62,77,6,3703,Write,0.19136673399266432,-1.6535636186599731,-6.445978164672852,-8.099541664123535,False,False,True,True
8,64,78,7,2247, about,0.32835807946837897,-1.1136505603790283,-7.029223442077637,-8.142873764038086,False,False,True,False
8,62,79,8,2075,The,0.16888055000625646,-1.7785636186599731,-6.445978164672852,-8.224541664123535,False,False,True,False
8,61,80,9,11027, produce,0.11165379680923408,-2.192352294921875,-6.228754997253418,-8.421107292175293,False,False,True,False
9,71,81,0,23416, bear,0.9917741211767362,-0.00825989805161953,-7.432648181915283,-7.440907955169678,False,False,True,False
9,72,82,1,1284, a,0.9782079970284557,-0.022032955661416054,-7.4358930587768555,-7.457925796508789,False,False,True,False
9,73,83,2,34745, ted,0.9942616016253389,-0.0057549262419342995,-7.64264440536499,-7.648399353027344,False,False,True,False
9,77,84,3,1284, a,0.9902995922842043,-0.00974776316434145,-8.099541664123535,-8.109289169311523,False,False,True,True
9,78,85,4,1284, a,0.9040157438879466,-0.10090850293636322,-8.142873764038086,-8.243782043457031,False,False,True,False
9,74,86,5,40580, funny,0.6296216080542378,-0.462636262178421,-7.793588638305664,-8.256224632263184,False,False,True,False
9,76,87,6,1491, it,0.4559441237432394,-0.785385012626648,-7.921107292175293,-8.70649242401123,False,False,True,False
9,79,88,7,2801, user,0.3529561258851464,-1.0414115190505981,-8.224541664123535,-9.265953063964844,False,False,False,False
9,75,89,8,1284, a,0.23571144368797864,-1.445146918296814,-7.921107292175293,-9.366253852844238,False,False,False,False
9,80,90,9,1284, a,0.36507502377787165,-1.0076524019241333,-8.421107292175293,-9.428759574890137,False,False,False,False
10,82,91,0,34745, ted,0.9971804473061173,-0.002823535120114684,-7.457925796508789,-7.46074914932251,False,False,True,False
10,83,92,1,6912,dy,0.9989453959487731,-0.0010551605373620987,-7.648399353027344,-7.649454593658447,False,False,True,False
10,84,93,2,40580, funny,0.8733268183086786,-0.13544543087482452,-8.109289169311523,-8.244734764099121,False,False,True,True
10,85,94,3,34745, ted,0.9951928600069542,-0.00481873145326972,-8.243782043457031,-8.248600959777832,False,False,True,False
10,86,95,4,6159, story,0.9264384129864703,-0.07640770822763443,-8.256224632263184,-8.332632064819336,False,False,True,False
10,81,96,5,2558, who,0.36795272958551944,-0.9998008012771606,-7.440907955169678,-8.440709114074707,False,False,True,False
10,81,97,6,1480, that,0.23756813765201126,-1.4373008012771606,-7.440907955169678,-8.878209114074707,False,False,True,False
10,87,98,7,1049,.,0.4517522323390331,-0.7946214079856873,-8.70649242401123,-9.501113891601562,False,False,True,False
10,87,99,8,1333, in,0.3518249713294912,-1.044621467590332,-8.70649242401123,-9.751113891601562,False,False,True,False
10,81,100,9,9032, named,0.06806441913235373,-2.687300682067871,-7.440907955169678,-10.12820816040039,False,False,True,False
11,91,101,0,6912,dy,0.9983243456776926,-0.0016770598012953997,-7.46074914932251,-7.46242618560791,False,False,True,False
11,92,102,1,23416, bear,0.9974008581125068,-0.002602525521069765,-7.649454593658447,-7.65205717086792,False,False,True,False
11,94,103,2,6912,dy,0.9987830446250203,-0.0012176964664831758,-8.248600959777832,-8.249818801879883,False,False,True,False
11,93,104,3,6159, story,0.9676771069389803,-0.032856814563274384,-8.244734764099121,-8.277591705322266,False,False,True,True
11,95,105,4,2247, about,0.9008196271289203,-0.10445023328065872,-8.332632064819336,-8.437082290649414,False,False,True,False
11,96,106,5,1412, is,0.2393975586983167,-1.4296296834945679,-8.440709114074707,-9.870338439941406,False,False,True,False
11,98,107,6,1376,"

",0.5887913449662777,-0.5296834111213684,-9.501113891601562,-10.030797004699707,False,False,False,False
11,97,108,7,1412, is,0.20077267144162478,-1.6055819988250732,-8.878209114074707,-10.48379135131836,False,False,False,False
11,99,109,8,1243, ,0.33802336302535235,-1.0846402645111084,-9.751113891601562,-10.83575439453125,False,False,False,False
11,100,110,9,1243, ,0.4450092563239189,-0.8096601963043213,-10.12820816040039,-10.937868118286133,False,False,False,False
12,101,111,0,23416, bear,0.9976696563099664,-0.002333063166588545,-7.46242618560791,-7.464759349822998,False,False,True,False
12,103,112,1,23416, bear,0.9974437896327231,-0.002559483051300049,-8.249818801879883,-8.252378463745117,False,False,True,False
12,104,113,2,2247, about,0.9347096669103883,-0.06751931458711624,-8.277591705322266,-8.345110893249512,False,False,True,True
12,105,114,3,1284, a,0.9836320614358094,-0.01650337316095829,-8.437082290649414,-8.453585624694824,False,False,True,False
12,102,115,4,1333, in,0.27900685127373376,-1.2765189409255981,-7.65205717086792,-8.928576469421387,False,False,True,False
12,102,116,5,1049,.,0.27900685127373376,-1.2765189409255981,-7.65205717086792,-8.928576469421387,False,False,True,False
12,102,117,6,1047,",",0.1917584175896645,-1.6515189409255981,-7.65205717086792,-9.303576469421387,False,False,False,False
12,102,118,7,1530, with,0.05161108408486461,-2.9640188217163086,-7.65205717086792,-10.61607551574707,False,False,False,False
12,102,119,8,1480, that,0.03332262038673887,-3.4015188217163086,-7.65205717086792,-11.05357551574707,False,False,False,False
12,106,120,9,1284, a,0.30347953345135087,-1.1924411058425903,-9.870338439941406,-11.062779426574707,False,False,False,False
13,113,121,0,1284, a,0.9922806914032186,-0.007749256677925587,-8.345110893249512,-8.352860450744629,False,False,True,True
13,111,122,1,1333, in,0.38943404685275457,-0.9430607557296753,-7.464759349822998,-8.407819747924805,False,False,True,False
13,114,123,2,34745, ted,0.9914122827185279,-0.008624804206192493,-8.453585624694824,-8.462210655212402,False,False,True,False
13,111,124,3,1049,.,0.30329154064359143,-1.1930607557296753,-7.464759349822998,-8.657819747924805,False,False,True,False
13,115,125,4,2247, about,0.8731416546447771,-0.13565747439861298,-8.928576469421387,-9.064233779907227,False,False,True,False
13,111,126,5,1047,",",0.1839556182318185,-1.6930607557296753,-7.464759349822998,-9.157819747924805,False,False,True,False
13,112,127,6,1047,",",0.23633130623525808,-1.4425206184387207,-8.252378463745117,-9.69489860534668,False,False,False,False
13,112,128,7,1333, in,0.23633130623525808,-1.4425206184387207,-8.252378463745117,-9.69489860534668,False,False,True,False
13,112,129,8,1049,.,0.20856164573638672,-1.5675206184387207,-8.252378463745117,-9.81989860534668,False,False,True,False
13,116,130,9,1617, The,0.2777669135044029,-1.280972957611084,-8.928576469421387,-10.209548950195312,False,False,True,False
14,121,131,0,34745, ted,0.9912268364610518,-0.008811874315142632,-8.352860450744629,-8.361672401428223,False,False,True,True
14,123,132,1,6912,dy,0.9983713968113248,-0.0016299308044835925,-8.462210655212402,-8.46384048461914,False,False,True,False
14,122,133,2,2247, about,0.9369529308960324,-0.06512223184108734,-8.407819747924805,-8.472942352294922,False,False,True,False
14,125,134,3,1243, ,0.9993907351111573,-0.0006094505661167204,-9.064233779907227,-9.06484317779541,False,False,True,False
14,126,135,4,2247, about,0.5086827799362367,-0.6759306788444519,-9.157819747924805,-9.83375072479248,False,False,True,False
14,128,136,5,2247, about,0.8390244899560636,-0.17551538348197937,-9.69489860534668,-9.870413780212402,False,False,True,False
14,124,137,6,1617, The,0.2966559984167156,-1.2151820659637451,-8.657819747924805,-9.873002052307129,False,False,True,False
14,124,138,7,4642, They,0.1587885134912585,-1.8401820659637451,-8.657819747924805,-10.498002052307129,False,False,True,False
14,130,139,8,2801, user,0.4188829313024995,-0.8701637983322144,-10.209548950195312,-11.079712867736816,False,False,True,False
14,129,140,9,1617, The,0.2543665410480475,-1.3689789772033691,-9.81989860534668,-11.18887710571289,False,False,False,False
15,131,141,0,6912,dy,0.9982672013514315,-0.0017343016806989908,-8.361672401428223,-8.363407135009766,False,False,True,True
15,132,142,1,23416, bear,0.9924769828896162,-0.007551457732915878,-8.46384048461914,-8.471391677856445,False,False,True,False
15,133,143,2,1243, ,0.9997318510292087,-0.0002681849291548133,-8.472942352294922,-8.473210334777832,False,False,True,False
15,134,144,3,1052,1,0.9976397564055907,-0.0023630333598703146,-9.06484317779541,-9.067206382751465,False,False,True,False
15,135,145,4,1243, ,0.98226799949577,-0.01789109595119953,-9.83375072479248,-9.851641654968262,False,False,True,False
15,136,146,5,1243, ,0.998876167183296,-0.0011244647903367877,-9.870413780212402,-9.871538162231445,False,False,True,False
15,137,147,6,2801, user,0.35342284275449776,-1.0400900840759277,-9.873002052307129,-10.913091659545898,False,False,False,False
15,137,148,7,6159, story,0.2752459866925248,-1.2900900840759277,-9.873002052307129,-11.163091659545898,False,False,False,False
15,138,149,8,2902, want,0.31610956436462634,-1.1516664028167725,-10.498002052307129,-11.64966869354248,False,False,False,False
15,139,150,9,16973, wants,0.4135106707118002,-0.8830719590187073,-11.079712867736816,-11.962784767150879,False,False,False,False
16,141,151,0,23416, bear,0.9915185686213651,-0.008517603389918804,-8.363407135009766,-8.37192440032959,False,False,True,True
16,143,152,1,1052,1,0.9968736466343491,-0.0031312506180256605,-8.473210334777832,-8.476341247558594,False,False,True,False
16,142,153,2,1333, in,0.6533003654839774,-0.4257182776927948,-8.471391677856445,-8.897109985351562,False,False,True,False
16,144,154,3,1051,0,0.9939282118302775,-0.006090296432375908,-9.067206382751465,-9.073296546936035,False,False,True,False
16,145,155,4,1052,1,0.9944132912147537,-0.00560237281024456,-9.851641654968262,-9.857244491577148,False,False,True,False
16,146,156,5,1052,1,0.9963647437167941,-0.0036418798845261335,-9.871538162231445,-9.8751802444458,False,False,True,False
16,142,157,6,15703,"...""",0.0884145873663966,-2.425718307495117,-8.471391677856445,-10.897109985351562,False,False,True,False
16,142,158,7,1480, that,0.06468549394412405,-2.738218307495117,-8.471391677856445,-11.209609985351562,False,False,False,False
16,142,159,8,2558, who,0.036856683458598015,-3.300718307495117,-8.471391677856445,-11.772109985351562,False,False,False,False
16,142,160,9,1243, ,0.036856683458598015,-3.300718307495117,-8.471391677856445,-11.772109985351562,False,False,True,False
17,152,161,0,1051,0,0.9966172358057768,-0.0033884986769407988,-8.476341247558594,-8.479729652404785,False,False,True,False
17,151,162,1,1333, in,0.8456911063635947,-0.1676011085510254,-8.37192440032959,-8.539525985717773,False,False,True,True
17,153,163,2,2247, about,0.9890957385296494,-0.010964148677885532,-8.897109985351562,-8.908074378967285,False,False,True,False
17,154,164,3,1051,0,0.9999085748308497,-9.142934868577868e-05,-9.073296546936035,-9.07338809967041,False,False,True,False
17,155,165,4,1051,0,0.9999162028949069,-8.380061626667157e-05,-9.857244491577148,-9.857328414916992,False,False,True,False
17,156,166,5,1051,0,0.9958117917899034,-0.004197003319859505,-9.8751802444458,-9.879377365112305,False,False,True,False
17,151,167,6,15703,"...""",0.05755000202939835,-2.8551011085510254,-8.37192440032959,-11.227025985717773,False,False,True,False
17,157,168,7,1376,"

",0.5602950155288108,-0.579291820526123,-10.897109985351562,-11.476402282714844,False,False,True,False
17,151,169,8,1243, ,0.027184696068865297,-3.6051011085510254,-8.37192440032959,-11.977025985717773,False,False,True,False
17,160,170,9,15703,"...""",0.5972013796455831,-0.5155009031295776,-11.772109985351562,-12.28761100769043,False,False,False,False
18,161,171,0,1051,0,0.9999256189345929,-7.438383181579411e-05,-8.479729652404785,-8.479804039001465,False,False,True,False
18,162,172,1,2247, about,0.9951588578675857,-0.004852898418903351,-8.539525985717773,-8.544379234313965,False,False,True,True
18,163,173,2,1243, ,0.9985623791762558,-0.0014386551920324564,-8.908074378967285,-8.909513473510742,False,False,True,False
18,164,174,3,14912, tokens,0.9963408389550915,-0.00366587215103209,-9.07338809967041,-9.077054023742676,False,False,True,False
18,165,175,4,1051,0,0.9999204937224269,-7.950943836476654e-05,-9.857328414916992,-9.857407569885254,False,False,True,False
18,166,176,5,1051,0,0.9998967754092747,-0.00010322991875000298,-9.879377365112305,-9.879480361938477,False,False,True,False
18,167,177,6,1376,"

",0.4676576508985246,-0.7600187659263611,-11.227025985717773,-11.987044334411621,False,False,True,False
18,167,178,7,1049,.,0.3214160704492359,-1.1350188255310059,-11.227025985717773,-12.362045288085938,False,False,False,False
18,168,179,8,4823,We,0.41206437210971103,-0.8865756988525391,-11.476402282714844,-12.362977981567383,False,False,True,False
18,169,180,9,15703,"...""",0.6021496384476499,-0.5072492957115173,-11.977025985717773,-12.484274864196777,False,False,False,False
19,171,181,0,14912, tokens,0.9980909384353595,-0.001910886145196855,-8.479804039001465,-8.481715202331543,False,False,True,False
19,172,182,1,1243, ,0.9989603847753761,-0.0010401559993624687,-8.544379234313965,-8.545419692993164,False,False,True,True
19,173,183,2,1052,1,0.9850643461669083,-0.0150483138859272,-8.909513473510742,-8.924561500549316,False,False,True,False
19,174,184,3,1049,.,0.8946476249402336,-0.11132535338401794,-9.077054023742676,-9.188379287719727,False,False,True,False
19,175,185,4,14912, tokens,0.9980795381004456,-0.0019223083509132266,-9.857407569885254,-9.859330177307129,False,False,True,False
19,176,186,5,14912, tokens,0.995389124078555,-0.004621538799256086,-9.879480361938477,-9.884101867675781,False,False,True,False
19,174,187,6,1047,",",0.044541886450401316,-3.111325263977051,-9.077054023742676,-12.188379287719727,False,False,False,False
19,174,188,7,1243, ,0.030613161014485697,-3.486325263977051,-9.077054023742676,-12.563379287719727,False,False,False,False
19,177,189,8,4823,We,0.4710471859211921,-0.75279700756073,-11.987044334411621,-12.73984146118164,False,False,False,False
19,179,190,9,2351, need,0.5732915373895234,-0.5563609004020691,-12.362977981567383,-12.919339179992676,False,False,False,False
20,181,191,0,1049,.,0.9633099446303329,-0.03738006576895714,-8.481715202331543,-8.519095420837402,False,False,True,False
20,182,192,1,1052,1,0.9908889244577725,-0.009152835234999657,-8.545419692993164,-8.554572105407715,False,False,True,True
20,183,193,2,1051,0,0.9751266573315578,-0.025187911465764046,-8.924561500549316,-8.949748992919922,False,False,True,False
20,185,194,3,1049,.,0.8579523851092667,-0.15320667624473572,-9.859330177307129,-10.012537002563477,False,False,False,False
20,186,195,4,1049,.,0.8403081461576805,-0.17398661375045776,-9.884101867675781,-10.058088302612305,False,False,True,False
20,184,196,5,1617, The,0.2507279951961378,-1.3833866119384766,-9.188379287719727,-10.571765899658203,False,False,True,False
20,184,197,6,4642, They,0.1723226629910599,-1.7583866119384766,-9.188379287719727,-10.946765899658203,False,False,False,False
20,184,198,7,1376,"

",0.06748252443122885,-2.6958866119384766,-9.188379287719727,-11.884265899658203,False,False,False,False
20,184,199,8,15951, Also,0.055944977721808974,-2.8833866119384766,-9.188379287719727,-12.071765899658203,False,False,False,False
20,184,200,9,2410, It,0.055944977721808974,-2.8833866119384766,-9.188379287719727,-12.071765899658203,False,False,False,False
21,192,201,0,1051,0,0.9837176507320372,-0.016416363418102264,-8.554572105407715,-8.570988655090332,False,False,True,True
21,193,202,1,1051,0,0.99963023035018,-0.0003698380314745009,-8.949748992919922,-8.950119018554688,False,False,True,False
21,191,203,2,4632, So,0.18455977131111811,-1.689781904220581,-8.519095420837402,-10.208877563476562,False,False,True,False
21,191,204,3,1617, The,0.1437352944205782,-1.939781904220581,-8.519095420837402,-10.458877563476562,False,False,True,False
21,191,205,4,1376,"

",0.12684595211824512,-2.064781904220581,-8.519095420837402,-10.583877563476562,False,False,True,False
21,191,206,5,6640, Let,0.09280248103832552,-2.377281904220581,-8.519095420837402,-10.896377563476562,False,False,True,False
21,195,207,6,1617, The,0.36446794170953317,-1.0093166828155518,-10.058088302612305,-11.067404747009277,False,False,True,False
21,191,208,7,3217, We,0.06789574553266332,-2.689781904220581,-8.519095420837402,-11.208877563476562,False,False,True,False
21,191,209,8,4642, They,0.06789574553266332,-2.689781904220581,-8.519095420837402,-11.208877563476562,False,False,True,False
21,196,210,9,2801, user,0.5062473647394716,-0.680729866027832,-10.571765899658203,-11.252495765686035,False,False,False,False
22,201,211,0,1051,0,0.9997511529374614,-0.0002488780301064253,-8.570988655090332,-8.571237564086914,False,False,True,True
22,202,212,1,14912, tokens,0.9963606016467165,-0.0036460370756685734,-8.950119018554688,-8.953764915466309,False,False,True,False
22,203,213,2,1604, we,0.6106037519278217,-0.49330705404281616,-10.208877563476562,-10.702184677124023,False,False,True,False
22,206,214,3,1042,',0.9406661863554272,-0.06116694584488869,-10.896377563476562,-10.957544326782227,False,False,True,False
22,205,215,4,4823,We,0.6810538251092958,-0.38411393761634827,-10.583877563476562,-10.967991828918457,False,False,True,False
22,204,216,5,2801, user,0.4269970409370799,-0.8509781956672668,-10.458877563476562,-11.309855461120605,False,False,False,False
22,207,217,6,2801, user,0.642325022152809,-0.4426608383655548,-11.067404747009277,-11.510066032409668,False,False,True,False
22,208,218,7,2351, need,0.5852230335816245,-0.5357622504234314,-11.208877563476562,-11.74463939666748,False,False,True,False
22,204,219,8,6159, story,0.13862565115766973,-1.975978136062622,-10.458877563476562,-12.434855461120605,False,False,False,False
22,209,220,9,2902, want,0.2858384081628724,-1.252328634262085,-11.208877563476562,-12.461206436157227,False,False,False,False
23,211,221,0,14912, tokens,0.9980504448072691,-0.0019514580490067601,-8.571237564086914,-8.573188781738281,False,False,True,True
23,212,222,1,2403,".""",0.7940815901673187,-0.23056906461715698,-8.953764915466309,-9.184333801269531,False,False,True,False
23,212,223,2,1049,.,0.17718354182399124,-1.7305691242218018,-8.953764915466309,-10.684333801269531,False,False,True,False
23,214,224,3,1118,s,0.9999984502816872,-1.5497195136049413e-06,-10.957544326782227,-10.95754623413086,False,False,False,False
23,213,225,4,2351, need,0.7608297846179207,-0.27334561944007874,-10.702184677124023,-10.975530624389648,False,False,True,False
23,215,226,5,2351, need,0.7080020611734744,-0.3453082740306854,-10.967991828918457,-11.313300132751465,False,False,True,False
23,218,227,6,1343, to,0.9797150153944832,-0.02049355022609234,-11.74463939666748,-11.765132904052734,False,False,True,False
23,217,228,7,16973, wants,0.4153866429655669,-0.8785455226898193,-11.510066032409668,-12.388611793518066,False,False,False,False
23,215,229,8,4016, must,0.15797660858698587,-1.8453083038330078,-10.967991828918457,-12.813300132751465,False,False,False,False
23,213,230,9,4016, must,0.1166770159629767,-2.148345708847046,-10.702184677124023,-12.850530624389648,False,False,False,False
24,221,231,0,2403,".""",0.8646547437977505,-0.1454249918460846,-8.573188781738281,-8.718613624572754,False,False,True,False
24,222,232,1,1376,"

",0.49653505350729854,-0.7001011967658997,-9.184333801269531,-9.884434700012207,False,False,True,False
24,221,233,2,1049,.,0.11701828419149898,-2.1454250812530518,-8.573188781738281,-10.718613624572754,False,False,True,True
24,222,234,3,4632, So,0.161201339859403,-1.8251011371612549,-9.184333801269531,-11.009434700012207,False,False,True,False
24,225,235,4,1343, to,0.926173491350801,-0.07669370621442795,-10.975530624389648,-11.052224159240723,False,False,True,False
24,223,236,5,1617, The,0.5622172166647327,-0.5758669972419739,-10.684333801269531,-11.260200500488281,False,False,True,False
24,222,237,6,1617, The,0.11793741964827847,-2.137601137161255,-9.184333801269531,-11.321934700012207,False,False,False,False
24,226,238,7,1343, to,0.9710085592536252,-0.029419995844364166,-11.313300132751465,-11.342720031738281,False,False,True,False
24,227,239,8,11027, produce,0.5084434912891536,-0.6764011979103088,-11.765132904052734,-12.441534042358398,False,False,False,False
24,223,240,9,1376,"

",0.17146657357563957,-1.763366937637329,-10.684333801269531,-12.447700500488281,False,False,False,False
25,231,241,0,1376,"

",0.5066695035694888,-0.679896354675293,-8.718613624572754,-9.398509979248047,False,False,True,False
25,231,242,1,4632, So,0.18639329383175565,-1.679896354675293,-8.718613624572754,-10.398509979248047,False,False,True,False
25,232,243,2,4823,We,0.46754831175147066,-0.7602525949478149,-9.884434700012207,-10.64468765258789,False,False,True,False
25,231,244,3,1617, The,0.10620369747035867,-2.242396354675293,-8.718613624572754,-10.961009979248047,False,False,True,False
25,233,245,4,1617, The,0.5570915621220878,-0.5850256681442261,-10.718613624572754,-11.30363941192627,False,False,True,True
25,235,246,5,11027, produce,0.6935554055644513,-0.3659241497516632,-11.052224159240723,-11.418148040771484,False,False,True,False
25,234,247,6,1604, we,0.4885053502024401,-0.7164048552513123,-11.009434700012207,-11.725839614868164,False,False,True,False
25,231,248,7,4642, They,0.044272287824819005,-3.117396354675293,-8.718613624572754,-11.836009979248047,False,False,False,False
25,238,249,8,11027, produce,0.5479611890248034,-0.601550817489624,-11.342720031738281,-11.944271087646484,False,False,False,False
25,236,250,9,34745, ted,0.48675833473784996,-0.7199875116348267,-11.260200500488281,-11.980188369750977,False,False,True,False
26,241,251,0,4823,We,0.6259105054453219,-0.46854788064956665,-9.398509979248047,-9.867057800292969,False,False,True,False
26,242,252,1,1604, we,0.5030876262848566,-0.6869909167289734,-10.398509979248047,-11.085500717163086,False,False,True,False
26,243,253,2,2351, need,0.6127811965868061,-0.4897473454475403,-10.64468765258789,-11.134434700012207,False,False,True,False
26,245,254,3,2801, user,0.8689542536556867,-0.14046479761600494,-11.30363941192627,-11.444104194641113,False,False,True,True
26,246,255,4,1284, a,0.7630919514744381,-0.2703767418861389,-11.418148040771484,-11.688525199890137,False,False,True,False
26,244,256,5,2801, user,0.4727084247052273,-0.7492765188217163,-10.961009979248047,-11.710286140441895,False,False,False,False
26,241,257,6,2075,The,0.08470778058419108,-2.468547821044922,-9.398509979248047,-11.867057800292969,False,False,False,False
26,250,258,7,6912,dy,0.9985437173680154,-0.0014573440421372652,-11.980188369750977,-11.981645584106445,False,False,True,False
26,247,259,8,2351, need,0.7729914224795942,-0.25748732686042786,-11.725839614868164,-11.98332691192627,False,False,True,False
26,242,260,9,2059, they,0.16332862943568882,-1.8119909763336182,-10.398509979248047,-12.210500717163086,False,False,True,False
27,251,261,0,2351, need,0.6740165100024598,-0.3945006728172302,-9.867057800292969,-10.261558532714844,False,False,True,False
27,253,262,1,1343, to,0.9605265715620251,-0.04027363285422325,-11.134434700012207,-11.174708366394043,False,False,True,False
27,252,263,2,2351, need,0.7806548601797446,-0.24762214720249176,-11.085500717163086,-11.333123207092285,False,False,True,False
27,251,264,3,4016, must,0.17041805179704006,-1.769500732421875,-9.867057800292969,-11.636558532714844,False,False,True,False
27,258,265,4,23416, bear,0.9828679602827827,-0.017280491068959236,-11.981645584106445,-11.998926162719727,False,False,True,False
27,254,266,5,7214, says,0.5157865368694667,-0.6620622873306274,-11.444104194641113,-12.10616683959961,False,False,True,True
27,259,267,6,1343, to,0.8780982744794693,-0.12999676167964935,-11.98332691192627,-12.113323211669922,False,False,True,False
27,255,268,7,6159, story,0.5987903227315956,-0.5128437876701355,-11.688525199890137,-12.201369285583496,False,False,False,False
27,251,269,8,1815, have,0.07104081326179078,-2.644500732421875,-9.867057800292969,-12.511558532714844,False,False,True,False
27,260,270,9,2902, want,0.7382878444129096,-0.3034214973449707,-12.210500717163086,-12.513921737670898,False,False,True,False
28,261,271,0,1343, to,0.9812546916411731,-0.018923228606581688,-10.261558532714844,-10.280481338500977,False,False,True,False
28,263,272,1,1343, to,0.9541419477987289,-0.046942826360464096,-11.333123207092285,-11.38006591796875,False,False,True,False
28,262,273,2,11027, produce,0.5544253060041474,-0.5898231863975525,-11.174708366394043,-11.764531135559082,False,False,True,False
28,266,274,3,1061,:,0.8920680206730441,-0.11421289294958115,-12.10616683959961,-12.220379829406738,False,False,True,True
28,267,275,4,11027, produce,0.6702575166522827,-0.40009328722953796,-12.113323211669922,-12.513416290283203,False,False,True,False
28,270,276,5,1284, a,0.9052953588914507,-0.09949402511119843,-12.513921737670898,-12.613415718078613,False,False,False,False
28,269,277,6,1343, to,0.8614362830297548,-0.1491541862487793,-12.511558532714844,-12.660713195800781,False,False,False,False
28,264,278,7,11027, produce,0.3184487696003726,-1.1442936658859253,-11.636558532714844,-12.780852317810059,False,False,True,False
28,265,279,8,1412, is,0.454028554878575,-0.7895951867103577,-11.998926162719727,-12.788521766662598,False,False,False,False
28,264,280,9,95558, comply,0.15042454752074563,-1.8942936658859253,-11.636558532714844,-13.530852317810059,False,False,False,False
29,271,281,0,11027, produce,0.5067464284411086,-0.67974454164505,-10.280481338500977,-10.960226058959961,False,False,True,False
29,272,282,1,11027, produce,0.6786886541050243,-0.38759279251098633,-11.38006591796875,-11.767658233642578,False,False,True,False
29,273,283,2,1284, a,0.7877993446095177,-0.238511860370636,-11.764531135559082,-12.003043174743652,False,False,True,False
29,274,284,3,1243, ,0.857209800133034,-0.1540725827217102,-12.220379829406738,-12.374452590942383,False,False,True,True
29,275,285,4,1284, a,0.8316378623856825,-0.18435819447040558,-12.513416290283203,-12.697774887084961,False,False,True,False
29,271,286,5,95558, comply,0.0880593304483852,-2.4297444820404053,-10.280481338500977,-12.710226058959961,False,False,True,False
29,271,287,6,16862, respond,0.068580675509946,-2.6797444820404053,-10.280481338500977,-12.960226058959961,False,False,True,False
29,278,288,7,1284, a,0.7481812244829205,-0.2901100516319275,-12.780852317810059,-13.070961952209473,False,False,False,False
29,271,289,8,9594, generate,0.05341068379071186,-2.9297444820404053,-10.280481338500977,-13.210226058959961,False,False,True,False
29,271,290,9,4355, write,0.047134763010228474,-3.0547444820404053,-10.280481338500977,-13.335226058959961,False,False,True,False
30,281,291,0,1284, a,0.8565745962018484,-0.15481387078762054,-10.960226058959961,-11.115039825439453,False,False,True,False
30,282,292,1,1284, a,0.912459607871743,-0.09161145985126495,-11.767658233642578,-11.859270095825195,False,False,True,False
30,284,293,2,1037,"""",0.9017587443706622,-0.10340826213359833,-12.374452590942383,-12.477860450744629,False,False,True,True
30,283,294,3,6159, story,0.47701654849189457,-0.7402040958404541,-12.003043174743652,-12.743247032165527,False,False,True,False
30,283,295,4,40580, funny,0.28932516185063223,-1.240204095840454,-12.003043174743652,-13.243247032165527,False,False,True,False
30,289,296,5,1284, a,0.8775753830719208,-0.13059242069721222,-13.210226058959961,-13.340818405151367,False,False,False,False
30,287,297,6,1530, with,0.6700179565826881,-0.40045076608657837,-12.960226058959961,-13.360676765441895,False,False,True,False
30,285,298,7,6159, story,0.5013300245887987,-0.6904906630516052,-12.697774887084961,-13.388265609741211,False,False,False,False
30,290,299,8,1284, a,0.924832179311048,-0.07814298570156097,-13.335226058959961,-13.413369178771973,False,False,False,False
30,286,300,9,1049,.,0.4912388625956293,-0.7108247876167297,-12.710226058959961,-13.421051025390625,False,False,False,False
31,291,301,0,6159, story,0.4132863931352775,-0.8836144804954529,-11.115039825439453,-11.99865436553955,False,False,True,False
31,291,302,1,40580, funny,0.32186774742169727,-1.1336145401000977,-11.115039825439453,-12.24865436553955,False,False,True,False
31,293,303,2,3703,Write,0.8624976338031619,-0.14792287349700928,-12.477860450744629,-12.62578296661377,False,False,True,True
31,292,304,3,6159, story,0.4333742151284008,-0.8361536860466003,-11.859270095825195,-12.69542407989502,False,False,True,False
31,292,305,4,40580, funny,0.2978534340087536,-1.2111537456512451,-11.859270095825195,-13.07042407989502,False,False,True,False
31,295,306,5,6159, story,0.9916439839448615,-0.008391123265028,-13.243247032165527,-13.251638412475586,False,False,True,False
31,291,307,6,6966, short,0.10449515836352813,-2.2586145401000977,-11.115039825439453,-13.37365436553955,False,False,True,False
31,294,308,7,2247, about,0.5003635704886485,-0.6924203038215637,-12.743247032165527,-13.435667037963867,False,False,True,False
31,297,309,8,1284, a,0.8558793577659929,-0.1556258499622345,-13.360676765441895,-13.516303062438965,False,False,True,False
31,292,310,9,6966, short,0.14069599984478823,-1.9611537456512451,-11.859270095825195,-13.82042407989502,False,False,False,False
32,302,311,0,6159, story,0.9898444461495606,-0.010207473300397396,-12.24865436553955,-12.258861541748047,False,False,True,False
32,301,312,1,2247, about,0.535168595734255,-0.6251734495162964,-11.99865436553955,-12.623827934265137,False,False,True,False
32,303,313,2,1284, a,0.9906251702377603,-0.009419050067663193,-12.62578296661377,-12.635202407836914,False,False,True,True
32,305,314,3,6159, story,0.9889490480064221,-0.011112467385828495,-13.07042407989502,-13.081536293029785,False,False,True,False
32,304,315,4,2247, about,0.6087167453501583,-0.49640223383903503,-12.69542407989502,-13.191825866699219,False,False,True,False
32,306,316,5,2247, about,0.8973374083468588,-0.10832333564758301,-13.251638412475586,-13.35996150970459,False,False,True,False
32,308,317,6,1284, a,0.9782840871565257,-0.021955173462629318,-13.435667037963867,-13.457622528076172,False,False,True,False
32,307,318,7,6159, story,0.5233000379102031,-0.6476002931594849,-13.37365436553955,-14.021254539489746,False,False,True,False
32,301,319,8,1480, that,0.10538093214032146,-2.250173568725586,-11.99865436553955,-14.248827934265137,False,False,True,False
32,309,320,9,6159, story,0.45418686934393304,-0.7892465591430664,-13.516303062438965,-14.305549621582031,False,False,True,False
33,311,321,0,2247, about,0.9223530269169441,-0.08082723617553711,-12.258861541748047,-12.339689254760742,False,False,True,False
33,312,322,1,1284, a,0.9723402685388627,-0.028049465268850327,-12.623827934265137,-12.651877403259277,False,False,True,False
33,313,323,2,40580, funny,0.9493916306191932,-0.0519338883459568,-12.635202407836914,-12.68713665008545,False,False,True,True
33,314,324,3,2247, about,0.906361827679962,-0.09831668436527252,-13.081536293029785,-13.179853439331055,False,False,True,False
33,315,325,4,1284, a,0.9782585330120467,-0.021981295198202133,-13.191825866699219,-13.213807106018066,False,False,True,False
33,316,326,5,1284, a,0.9928385409477323,-0.007187225390225649,-13.35996150970459,-13.367148399353027,False,False,True,False
33,317,327,6,34745, ted,0.9993872822481952,-0.0006129055400379002,-13.457622528076172,-13.458235740661621,False,False,True,False
33,319,328,7,1412, is,0.7870349469173363,-0.23948262631893158,-14.248827934265137,-14.488310813903809,False,False,True,False
33,318,329,8,2247, about,0.41828588807282296,-0.8715901374816895,-14.021254539489746,-14.892845153808594,False,False,True,False
33,320,330,9,2247, about,0.4844561267206908,-0.7247284054756165,-14.305549621582031,-15.030278205871582,False,False,True,False
34,321,331,0,1284, a,0.9897199524938389,-0.010333252139389515,-12.339689254760742,-12.350022315979004,False,False,True,False
34,322,332,1,34745, ted,0.9994415780901985,-0.0005585778853856027,-12.651877403259277,-12.652436256408691,False,False,True,False
34,323,333,2,6159, story,0.9436015119716176,-0.05805132910609245,-12.68713665008545,-12.745187759399414,False,False,True,True
34,324,334,3,1284, a,0.9927909525127608,-0.007235158234834671,-13.179853439331055,-13.187088966369629,False,False,True,False
34,325,335,4,34745, ted,0.9991543298020699,-0.000846027978695929,-13.213807106018066,-13.214653015136719,False,False,True,False
34,326,336,5,34745, ted,0.9991580190892959,-0.0008423355757258832,-13.367148399353027,-13.367990493774414,False,False,True,False
34,327,337,6,6912,dy,0.9991054200449585,-0.0008949803304858506,-13.458235740661621,-13.45913028717041,False,False,True,False
34,329,338,7,1284, a,0.9558124849503983,-0.04519353061914444,-14.892845153808594,-14.93803882598877,False,False,True,False
34,330,339,8,1284, a,0.9651432268912512,-0.03547876700758934,-15.030278205871582,-15.065756797790527,False,False,True,False
34,328,340,9,2247, about,0.41421956299495566,-0.8813591003417969,-14.488310813903809,-15.369669914245605,False,False,True,False
35,331,341,0,34745, ted,0.9989869139495497,-0.001013599568977952,-12.350022315979004,-12.351036071777344,False,False,True,False
35,332,342,1,6912,dy,0.9989932192646672,-0.001007287879474461,-12.652436256408691,-12.653443336486816,False,False,True,False
35,333,343,2,2247, about,0.9257126437228506,-0.07719141244888306,-12.745187759399414,-12.822379112243652,False,False,True,True
35,334,344,3,34745, ted,0.9992502592453504,-0.0007500219508074224,-13.187088966369629,-13.187838554382324,False,False,True,False
35,335,345,4,6912,dy,0.9986182496253757,-0.0013827058719471097,-13.214653015136719,-13.216035842895508,False,False,True,False
35,336,346,5,6912,dy,0.9980819131788463,-0.0019199287053197622,-13.367990493774414,-13.36991024017334,False,False,True,False
35,337,347,6,23416, bear,0.9985223226761436,-0.0014787701657041907,-13.45913028717041,-13.460609436035156,False,False,True,False
35,338,348,7,34745, ted,0.999361446246347,-0.0006387577159330249,-14.93803882598877,-14.938677787780762,False,False,True,False
35,339,349,8,34745, ted,0.9994670609952071,-0.0005330810672603548,-15.065756797790527,-15.066289901733398,False,False,True,False
35,340,350,9,1284, a,0.868599474447556,-0.14087316393852234,-15.369669914245605,-15.510542869567871,False,False,False,False
36,341,351,0,6912,dy,0.9979149752328309,-0.0020872014574706554,-12.351036071777344,-12.353123664855957,False,False,True,False
36,342,352,1,23416, bear,0.9989182742196302,-0.001082311267964542,-12.653443336486816,-12.654525756835938,False,False,True,False
36,343,353,2,1284, a,0.9914250551505415,-0.008611921221017838,-12.822379112243652,-12.8309907913208,False,False,True,True
36,344,354,3,6912,dy,0.9976165020859082,-0.002386342966929078,-13.187838554382324,-13.190224647521973,False,False,True,False
36,345,355,4,23416, bear,0.9987388085970317,-0.001261987374164164,-13.216035842895508,-13.217297554016113,False,False,True,False
36,346,356,5,23416, bear,0.9987667529592088,-0.0012340081157162786,-13.36991024017334,-13.37114429473877,False,False,True,False
36,347,357,6,1047,",",0.5628437139726319,-0.5747532844543457,-13.460609436035156,-14.035362243652344,False,False,False,False
36,348,358,7,6912,dy,0.9990229624856958,-0.0009775151265785098,-14.938677787780762,-14.939655303955078,False,False,True,False
36,349,359,8,6912,dy,0.9980551945988807,-0.001946698990650475,-15.066289901733398,-15.068236351013184,False,False,False,False
36,347,360,9,1480, that,0.1827286004783522,-1.6997532844543457,-13.460609436035156,-15.160362243652344,False,False,False,False
37,351,361,0,23416, bear,0.998901026558436,-0.0010995777556672692,-12.353123664855957,-12.354223251342773,False,False,True,False
37,353,362,1,34745, ted,0.9730446273097204,-0.027325332164764404,-12.8309907913208,-12.858316421508789,False,False,True,True
37,354,363,2,23416, bear,0.9989061413558499,-0.0010944573441520333,-13.190224647521973,-13.191319465637207,False,False,True,False
37,352,364,3,1047,",",0.5593743052948597,-0.5809364318847656,-12.654525756835938,-13.235462188720703,False,False,True,False
37,355,365,4,1047,",",0.5469546198049697,-0.6033894419670105,-13.217297554016113,-13.820687294006348,False,False,True,False
37,356,366,5,1047,",",0.5082267312896959,-0.676827609539032,-13.37114429473877,-14.047971725463867,False,False,True,False
37,352,367,6,1480, that,0.18160224839083897,-1.7059364318847656,-12.654525756835938,-14.360462188720703,False,False,True,False
37,355,368,7,1480, that,0.20121334788674047,-1.6033895015716553,-13.217297554016113,-14.820687294006348,False,False,False,False
37,352,369,8,1049,.,0.11014733152179308,-2.2059364318847656,-12.654525756835938,-14.860462188720703,False,False,False,False
37,358,370,9,23416, bear,0.9984056184361176,-0.0015956539427861571,-14.939655303955078,-14.941250801086426,False,False,False,False
38,362,371,0,6912,dy,0.9963749213815538,-0.003631665138527751,-12.858316421508789,-12.861948013305664,False,False,True,True
38,361,372,1,1047,",",0.5014028812182912,-0.6903453469276428,-12.354223251342773,-13.04456901550293,False,False,True,False
38,363,373,2,1047,",",0.5167924526105134,-0.6601139307022095,-13.191319465637207,-13.851433753967285,False,False,True,False
38,361,374,3,1333, in,0.16278169223064845,-1.815345287322998,-12.354223251342773,-14.16956901550293,False,False,True,False
38,364,375,4,80432, comed,0.3506459820066227,-1.047978162765503,-13.235462188720703,-14.283440589904785,False,False,True,False
38,361,376,5,1049,.,0.14365433919102616,-1.940345287322998,-12.354223251342773,-14.29456901550293,False,False,True,False
38,367,377,6,1412, is,0.879226990637573,-0.12871217727661133,-14.360462188720703,-14.489173889160156,False,False,True,False
38,364,378,7,40580, funny,0.27308336536759953,-1.297978162765503,-13.235462188720703,-14.533440589904785,False,False,True,False
38,365,379,8,80432, comed,0.3818380701733088,-0.9627586603164673,-13.820687294006348,-14.783446311950684,False,False,True,False
38,366,380,9,2247, about,0.44261030767214277,-0.8150655627250671,-14.047971725463867,-14.863037109375,False,False,True,False
39,371,381,0,23416, bear,0.9942925955272434,-0.005723753944039345,-12.861948013305664,-12.867671966552734,False,False,True,True
39,372,382,1,2247, about,0.46643552914428543,-0.7626354694366455,-13.04456901550293,-13.807204246520996,False,False,True,False
39,374,383,2,2247, about,0.9026822419520689,-0.10238467901945114,-14.16956901550293,-14.271953582763672,False,False,True,False
39,375,384,3,1334,ic,0.9997269660801927,-0.00027307120035402477,-14.283440589904785,-14.283713340759277,False,False,True,False
39,373,385,4,2247, about,0.4025224380497896,-0.9100044369697571,-13.851433753967285,-14.761438369750977,False,False,True,False
39,379,386,5,1334,ic,0.9997046866207177,-0.0002953569928649813,-14.783446311950684,-14.78374195098877,False,False,True,False
39,378,387,6,1047,",",0.7291089803225977,-0.3159320652484894,-14.533440589904785,-14.849372863769531,False,False,True,False
39,380,388,7,1243, ,0.9614089018770721,-0.03935546427965164,-14.863037109375,-14.902392387390137,False,False,True,False
39,377,389,8,40580, funny,0.45442120781002143,-0.7887307405471802,-14.489173889160156,-15.277904510498047,False,False,True,False
39,376,390,9,1617, The,0.34752037850959283,-1.056931972503662,-14.29456901550293,-15.35150146484375,False,False,False,False
40,381,391,0,1333, in,0.9491396239841192,-0.052199363708496094,-12.867671966552734,-12.91987133026123,False,False,True,True
40,382,392,1,1243, ,0.9592988539125058,-0.041552621871232986,-13.807204246520996,-13.848756790161133,False,False,True,False
40,383,393,2,1243, ,0.9995049306327584,-0.0004951919545419514,-14.271953582763672,-14.272448539733887,False,False,True,False
40,385,394,3,1243, ,0.9356142642798803,-0.06655199825763702,-14.761438369750977,-14.827990531921387,False,False,True,False
40,384,395,4,1047,",",0.5562624139081195,-0.5865151286125183,-14.283713340759277,-14.87022876739502,False,False,True,False
40,388,396,5,1052,1,0.9722749036166828,-0.02811669185757637,-14.902392387390137,-14.930508613586426,False,False,True,False
40,387,397,6,2247, about,0.63188794372736,-0.4590432047843933,-14.849372863769531,-15.308416366577148,False,False,True,False
40,386,398,7,1047,",",0.5606263702333552,-0.578700602054596,-14.78374195098877,-15.362442970275879,False,False,True,False
40,384,399,8,1049,.,0.29774579655284894,-1.211515188217163,-14.283713340759277,-15.49522876739502,False,False,False,False
40,389,400,9,1049,.,0.48797890414459283,-0.7174831032752991,-15.277904510498047,-15.99538803100586,False,False,True,False
41,391,401,0,2247, about,0.9971600591402132,-0.0028439811430871487,-12.91987133026123,-12.922715187072754,False,False,True,True
41,392,402,1,1052,1,0.9751422995612642,-0.02517187036573887,-13.848756790161133,-13.873929023742676,False,False,True,False
41,393,403,2,1052,1,0.9950423484240803,-0.004969981499016285,-14.272448539733887,-14.27741813659668,False,False,True,False
41,394,404,3,1052,1,0.9683466634061336,-0.03216513246297836,-14.827990531921387,-14.860156059265137,False,False,True,False
41,396,405,4,1051,0,0.9999867679437158,-1.3232143828645349e-05,-14.930508613586426,-14.930521965026855,False,False,True,False
41,397,406,5,1243, ,0.961986732820903,-0.03875461965799332,-15.308416366577148,-15.34717082977295,False,False,True,False
41,395,407,6,2247, about,0.5370067723413969,-0.6217445731163025,-14.87022876739502,-15.491972923278809,False,False,True,False
41,398,408,7,2247, about,0.49351523298306715,-0.7062015533447266,-15.362442970275879,-16.068645477294922,False,False,True,False
41,395,409,8,4144, around,0.10574289683497375,-2.2467446327209473,-14.87022876739502,-17.116973876953125,False,False,True,False
41,400,410,9,1617, The,0.3094150737147256,-1.1730716228485107,-15.99538803100586,-17.168458938598633,False,False,True,False
42,401,411,0,1243, ,0.9976111632434065,-0.0023916945792734623,-12.922715187072754,-12.9251070022583,False,False,True,True
42,402,412,1,1051,0,0.9999837877990074,-1.6212332411669195e-05,-13.873929023742676,-13.873945236206055,False,False,True,False
42,403,413,2,1051,0,0.9997083799476653,-0.000291662581730634,-14.27741813659668,-14.2777099609375,False,False,True,False
42,404,414,3,1051,0,0.9999799732399826,-2.002696055569686e-05,-14.860156059265137,-14.860176086425781,False,False,True,False
42,405,415,4,1051,0,0.9999907017622996,-9.298280929215252e-06,-14.930521965026855,-14.93053150177002,False,False,True,False
42,406,416,5,1052,1,0.9658465351035687,-0.0347503237426281,-15.34717082977295,-15.38192081451416,False,False,True,False
42,407,417,6,1243, ,0.9423707054494276,-0.05935655161738396,-15.491972923278809,-15.551329612731934,False,False,True,False
42,408,418,7,1243, ,0.9115530561324274,-0.09260547906160355,-16.068645477294922,-16.161251068115234,False,False,True,False
42,409,419,8,1243, ,0.9867135037520649,-0.01337555143982172,-17.116973876953125,-17.13035011291504,False,False,True,False
42,410,420,9,2801, user,0.5124162053978379,-0.6686180830001831,-17.168458938598633,-17.83707618713379,False,False,False,False
43,411,421,0,1052,1,0.9934236047971263,-0.006598114967346191,-12.9251070022583,-12.931705474853516,False,False,True,True
43,412,422,1,1051,0,0.9999895096921129,-1.0490362910786644e-05,-13.873945236206055,-13.873955726623535,False,False,True,False
43,413,423,2,1051,0,0.9999191826344888,-8.082063141046092e-05,-14.2777099609375,-14.277791023254395,False,False,True,False
43,414,424,3,1051,0,0.9999897481064004,-1.0251946150674485e-05,-14.860176086425781,-14.860186576843262,False,False,True,False
43,415,425,4,14912, tokens,0.9975268170398429,-0.002476246329024434,-14.93053150177002,-14.933008193969727,False,False,True,False
43,416,426,5,1051,0,0.9999712713868034,-2.8729025871143676e-05,-15.38192081451416,-15.381949424743652,False,False,True,False
43,417,427,6,1052,1,0.9389828522125462,-0.06295806169509888,-15.551329612731934,-15.614287376403809,False,False,True,False
43,418,428,7,1052,1,0.9388322620987011,-0.06311845034360886,-16.161251068115234,-16.224369049072266,False,False,True,False
43,419,429,8,1052,1,0.9765327823026346,-0.023746958002448082,-17.13035011291504,-17.154096603393555,False,False,True,False
43,417,430,9,1129,~,0.06002716902962004,-2.812958002090454,-15.551329612731934,-18.364288330078125,False,False,False,False
44,421,431,0,1051,0,0.9984030042008718,-0.0015982723562046885,-12.931705474853516,-12.933303833007812,False,False,True,True
44,422,432,1,14912, tokens,0.9976492481536033,-0.0023535192012786865,-13.873955726623535,-13.876309394836426,False,False,True,False
44,423,433,2,14912, tokens,0.9988681981226686,-0.0011324428487569094,-14.277791023254395,-14.278923034667969,False,False,True,False
44,424,434,3,14912, tokens,0.9970039752670121,-0.0030005217995494604,-14.860186576843262,-14.863186836242676,False,False,True,False
44,425,435,4,1049,.,0.838048729808889,-0.17667903006076813,-14.933008193969727,-15.109686851501465,False,False,True,False
44,426,436,5,1051,0,0.9999897481064004,-1.0251946150674485e-05,-15.381949424743652,-15.381959915161133,False,False,True,False
44,427,437,6,1051,0,0.999974847472739,-2.5152843591058627e-05,-15.614287376403809,-15.614312171936035,False,False,True,False
44,428,438,7,1051,0,0.9999790196052284,-2.098061486321967e-05,-16.224369049072266,-16.224390029907227,False,False,True,False
44,429,439,8,1051,0,0.9999662649076229,-3.373566141817719e-05,-17.154096603393555,-17.154130935668945,False,False,True,False
44,425,440,9,1243, ,0.05357465729540771,-2.9266791343688965,-14.933008193969727,-17.85968780517578,False,False,False,False
45,431,441,0,1051,0,0.9997609233430543,-0.00023910524032544345,-12.933303833007812,-12.93354320526123,False,False,True,True
45,432,442,1,1049,.,0.836228263400251,-0.17885366082191467,-13.876309394836426,-14.055163383483887,False,False,True,False
45,433,443,2,1049,.,0.9466351144745272,-0.05484156683087349,-14.278923034667969,-14.333765029907227,False,False,True,False
45,434,444,3,1049,.,0.8039549304079776,-0.2182120680809021,-14.863186836242676,-15.081398963928223,False,False,True,False
45,436,445,4,14912, tokens,0.9979161622850922,-0.002086011925712228,-15.381959915161133,-15.384045600891113,False,False,True,False
45,437,446,5,1051,0,0.9999858142961154,-1.4185804502631072e-05,-15.614312171936035,-15.614326477050781,False,False,True,False
45,438,447,6,1051,0,0.9999866487378297,-1.3351351299206726e-05,-16.224390029907227,-16.224403381347656,False,False,True,False
45,435,448,7,1617, The,0.26197039120717963,-1.3395237922668457,-15.109686851501465,-16.44921112060547,False,False,False,False
45,432,449,8,1243, ,0.06057616680995662,-2.803853750228882,-13.876309394836426,-16.68016242980957,False,False,False,False
45,439,450,9,1051,0,0.9999889136593714,-1.1086402082582936e-05,-17.154130935668945,-17.154142379760742,False,False,False,False
46,441,451,0,14912, tokens,0.9976711989362202,-0.0023315169382840395,-12.93354320526123,-12.935874938964844,False,False,True,True
46,445,452,1,1049,.,0.9035039817214949,-0.10147476196289062,-15.384045600891113,-15.485520362854004,False,False,True,False
46,442,453,2,1617, The,0.2233479008752395,-1.4990246295928955,-14.055163383483887,-15.554187774658203,False,False,True,False
46,446,454,3,14912, tokens,0.9961340261445176,-0.0038734660483896732,-15.614326477050781,-15.618200302124023,False,False,True,False
46,443,455,4,1617, The,0.2657869770592673,-1.3250601291656494,-14.333765029907227,-15.658824920654297,False,False,True,False
46,442,456,5,1376,"

",0.15350461771202092,-1.8740246295928955,-14.055163383483887,-15.929187774658203,False,False,True,False
46,443,457,6,1376,"

",0.1826725397750965,-1.7000601291656494,-14.333765029907227,-16.033824920654297,False,False,True,False
46,447,458,7,14912, tokens,0.9955351324828079,-0.004474864806979895,-16.224403381347656,-16.228878021240234,False,False,True,False
46,444,459,8,1617, The,0.24243549460053357,-1.4170196056365967,-15.081398963928223,-16.4984188079834,False,False,True,False
46,442,460,9,89227, Tokens,0.08216510096079781,-2.4990246295928955,-14.055163383483887,-16.554187774658203,False,False,False,False
47,451,461,0,2403,".""",0.7470303089836096,-0.2916495203971863,-12.935874938964844,-13.227524757385254,False,False,True,True
47,451,462,1,1049,.,0.2425252185473693,-1.416649580001831,-12.935874938964844,-14.352524757385254,False,False,True,True
47,454,463,2,1049,.,0.8446806445402179,-0.16879665851593018,-15.618200302124023,-15.786996841430664,False,False,False,False
47,455,464,3,2801, user,0.6846134235626368,-0.378900945186615,-15.658824920654297,-16.0377254486084,False,False,False,False
47,453,465,4,2801, user,0.5906232544039928,-0.5265769362449646,-15.554187774658203,-16.080764770507812,False,False,False,False
47,458,466,5,1049,.,0.8305980867356414,-0.18560925126075745,-16.228878021240234,-16.414487838745117,False,False,False,False
47,456,467,6,4823,We,0.5067056842884632,-0.679824948310852,-15.929187774658203,-16.609012603759766,False,False,False,False
47,457,468,7,4823,We,0.4609963622167225,-0.7743651270866394,-16.033824920654297,-16.808189392089844,False,False,False,False
47,452,469,8,1617, The,0.224996621315781,-1.4916698932647705,-15.485520362854004,-16.977190017700195,False,False,False,False
47,459,470,9,2801, user,0.5760992716718165,-0.5514752864837646,-16.4984188079834,-17.049894332885742,False,False,False,False
48,461,471,0,1376,"

",0.529131340298514,-0.6365185976028442,-13.227524757385254,-13.864043235778809,False,False,True,True
48,462,472,1,1617, The,0.4324828230476179,-0.8382126688957214,-14.352524757385254,-15.1907377243042,False,False,True,True
48,461,473,2,4632, So,0.13378537015715805,-2.0115184783935547,-13.227524757385254,-15.239043235778809,False,False,True,False
48,461,474,3,1617, The,0.09194925056809641,-2.3865184783935547,-13.227524757385254,-15.614043235778809,False,False,True,True
48,462,475,4,1376,"

",0.1802856523460304,-1.7132127285003662,-14.352524757385254,-16.065736770629883,False,False,False,False
48,462,476,5,1243, ,0.1693626968517099,-1.7757127285003662,-14.352524757385254,-16.128236770629883,False,False,True,False
48,461,477,6,1037,"""",0.02634390135545918,-3.6365184783935547,-13.227524757385254,-16.864044189453125,False,False,True,False
48,461,478,7,1243, ,0.02324841134818685,-3.7615184783935547,-13.227524757385254,-16.989044189453125,False,False,False,False
48,461,479,8,6829, That,0.020516651004787455,-3.8865184783935547,-13.227524757385254,-17.114044189453125,False,False,False,False
48,461,480,9,2514, This,0.020516651004787455,-3.8865184783935547,-13.227524757385254,-17.114044189453125,False,False,False,False
49,471,481,0,4823,We,0.2999680976480985,-1.2040791511535645,-13.864043235778809,-15.068122863769531,False,False,True,False
49,472,482,1,2801, user,0.9651564438144087,-0.035465072840452194,-15.1907377243042,-15.226202964782715,False,False,True,True
49,474,483,2,2801, user,0.7214220371806285,-0.32653096318244934,-15.614043235778809,-15.940574645996094,False,False,True,True
49,471,484,3,2075,The,0.10366620061528974,-2.2665791511535645,-13.864043235778809,-16.13062286376953,False,False,True,True
49,471,485,4,6880,So,0.10366620061528974,-2.2665791511535645,-13.864043235778809,-16.13062286376953,False,False,True,False
49,471,486,5,18917,Thus,0.09148510094570647,-2.3915791511535645,-13.864043235778809,-16.25562286376953,False,False,True,False
49,473,487,6,1604, we,0.3147734367686802,-1.1559021472930908,-15.239043235778809,-16.39494514465332,False,False,True,False
49,476,488,7,1037,"""",0.5841228787581205,-0.5376439094543457,-16.128236770629883,-16.66588020324707,False,False,True,False
49,471,489,8,26101,Ok,0.046001597669360406,-3.0790791511535645,-13.864043235778809,-16.94312286376953,False,False,False,False
49,477,490,9,1376,"

",0.8993207860435977,-0.10611548274755478,-16.864044189453125,-16.97015953063965,False,False,False,False
50,482,491,0,7214, says,0.9514186711616389,-0.049801070243120193,-15.226202964782715,-15.27600383758545,False,False,True,True
50,481,492,1,2351, need,0.5926614423244418,-0.5231319665908813,-15.068122863769531,-15.591255187988281,False,False,True,False
50,483,493,2,7214, says,0.6133458530499258,-0.48882630467414856,-15.940574645996094,-16.429401397705078,False,False,True,True
50,481,494,3,4016, must,0.1698003461400315,-1.7731319665908813,-15.068122863769531,-16.84125518798828,False,False,True,False
50,484,495,4,2801, user,0.4817586915749148,-0.730311930179596,-16.13062286376953,-16.86093521118164,False,False,True,True
50,488,496,5,1376,"

",0.7211667477418012,-0.3268848955631256,-16.66588020324707,-16.992765426635742,False,False,True,False
50,487,497,6,2351, need,0.5169199937206146,-0.6598671674728394,-16.39494514465332,-17.054811477661133,False,False,True,False
50,485,498,7,1604, we,0.3660640986876185,-1.0049468278884888,-16.13062286376953,-17.135570526123047,False,False,True,False
50,486,499,8,1604, we,0.34056386457321963,-1.0771526098251343,-16.25562286376953,-17.332775115966797,False,False,True,False
50,481,500,9,1815, have,0.1029891282410069,-2.273131847381592,-15.068122863769531,-17.34125518798828,False,False,True,False
51,491,501,0,1061,:,0.9551776558891039,-0.045857928693294525,-15.27600383758545,-15.32186222076416,False,False,True,True
51,492,502,1,1343, to,0.9711843808297429,-0.02923894114792347,-15.591255187988281,-15.62049388885498,False,False,True,False
51,493,503,2,1061,:,0.9198943921453799,-0.08349640667438507,-16.429401397705078,-16.512897491455078,False,False,True,True
51,497,504,3,1343, to,0.9721650435077906,-0.028229691088199615,-17.054811477661133,-17.083040237426758,False,False,True,False
51,500,505,4,1343, to,0.7741550639477466,-0.2559830844402313,-17.34125518798828,-17.597238540649414,False,False,False,False
51,498,506,5,2351, need,0.6275117594787434,-0.46599286794662476,-17.135570526123047,-17.6015625,False,False,True,False
51,495,507,6,7214, says,0.4188789115754869,-0.8701733946800232,-16.86093521118164,-17.731107711791992,False,False,True,True
51,499,508,7,2351, need,0.5745282477183773,-0.5542060136795044,-17.332775115966797,-17.886981964111328,False,False,True,False
51,494,509,8,11027, produce,0.30224413041482545,-1.196520209312439,-16.84125518798828,-18.03777503967285,False,False,False,False
51,496,510,9,4823,We,0.2597872416268168,-1.3478922843933105,-16.992765426635742,-18.34065818786621,False,False,False,False
52,501,511,0,1243, ,0.944757113448464,-0.05682740733027458,-15.32186222076416,-15.378689765930176,False,False,True,True
52,502,512,1,11027, produce,0.5220448557177774,-0.6500017642974854,-15.62049388885498,-16.270496368408203,False,False,True,False
52,503,513,2,1243, ,0.9305309402933055,-0.07199995219707489,-16.512897491455078,-16.584897994995117,False,False,True,True
52,506,514,3,1343, to,0.9596120475732002,-0.04122619330883026,-17.6015625,-17.64278793334961,False,False,True,False
52,504,515,4,11027, produce,0.5156671745526326,-0.6622937321662903,-17.083040237426758,-17.74533462524414,False,False,True,False
52,507,516,5,1061,:,0.9610939832142569,-0.03968307748436928,-17.731107711791992,-17.770790100097656,False,False,True,True
52,508,517,6,1343, to,0.9647053586688986,-0.03593255206942558,-17.886981964111328,-17.922914505004883,False,False,True,False
52,502,518,7,95558, comply,0.08005817154016522,-2.5250017642974854,-15.62049388885498,-18.145496368408203,False,False,True,False
52,502,519,8,4409, output,0.08005817154016522,-2.5250017642974854,-15.62049388885498,-18.145496368408203,False,False,True,False
52,502,520,9,16862, respond,0.062349366686745525,-2.7750017642974854,-15.62049388885498,-18.395496368408203,False,False,False,False
53,511,521,0,1037,"""",0.9266573172482546,-0.07617145031690598,-15.378689765930176,-15.454861640930176,False,False,True,True
53,512,522,1,1284, a,0.788941625765049,-0.2370629459619522,-16.270496368408203,-16.507558822631836,False,False,True,False
53,513,523,2,1037,"""",0.9454217432154424,-0.056124161928892136,-16.584897994995117,-16.641021728515625,False,False,True,True
53,516,524,3,1243, ,0.9398956326950998,-0.06198643893003464,-17.770790100097656,-17.83277702331543,False,False,True,True
53,515,525,4,1284, a,0.7969756602826874,-0.2269311398267746,-17.74533462524414,-17.972265243530273,False,False,True,False
53,514,526,5,11027, produce,0.6109036824869171,-0.4928159713745117,-17.64278793334961,-18.135604858398438,False,False,True,False
53,517,527,6,11027, produce,0.5827356313818064,-0.5400216579437256,-17.922914505004883,-18.462936401367188,False,False,True,False
53,519,528,7,1284, a,0.6003403375004118,-0.5102585554122925,-18.145496368408203,-18.65575408935547,False,False,False,False
53,511,529,8,15703,"...""",0.035930405281686395,-3.326171398162842,-15.378689765930176,-18.70486068725586,False,False,False,False
53,518,530,9,1049,.,0.5666973659147129,-0.5679298639297485,-18.145496368408203,-18.71342658996582,False,False,False,False
54,521,531,0,3703,Write,0.9383164290869846,-0.06366804242134094,-15.454861640930176,-15.518529891967773,False,False,True,True
54,523,532,1,3703,Write,0.9461799328483174,-0.05532252416014671,-16.641021728515625,-16.69634437561035,False,False,True,True
54,522,533,2,6159, story,0.4557923145445726,-0.7857180237770081,-16.507558822631836,-17.293277740478516,False,False,True,False
54,522,534,3,40580, funny,0.31326118981362866,-1.1607179641723633,-16.507558822631836,-17.668277740478516,False,False,True,False
54,524,535,4,1037,"""",0.9696885626828122,-0.030780328437685966,-17.83277702331543,-17.863557815551758,False,False,True,True
54,526,536,5,1284, a,0.8825832709369963,-0.1249021366238594,-18.135604858398438,-18.260507583618164,False,False,True,False
54,527,537,6,1284, a,0.8636405411314206,-0.14659863710403442,-18.462936401367188,-18.609535217285156,False,False,True,False
54,525,538,7,6159, story,0.46373479532744605,-0.7684424519538879,-17.972265243530273,-18.740707397460938,False,False,True,False
54,522,539,8,6966, short,0.07920483261379183,-2.5357179641723633,-16.507558822631836,-19.043277740478516,False,False,False,False
54,525,540,9,40580, funny,0.3187199720280697,-1.1434423923492432,-17.972265243530273,-19.115707397460938,False,False,True,False
55,531,541,0,1284, a,0.9888908737423724,-0.011171293444931507,-15.518529891967773,-15.529701232910156,False,False,True,True
55,532,542,1,1284, a,0.9946294140429236,-0.005385059397667646,-16.69634437561035,-16.70172882080078,False,False,True,True
55,534,543,2,6159, story,0.9831885539844354,-0.016954362392425537,-17.668277740478516,-17.685232162475586,False,False,True,False
55,535,544,3,3703,Write,0.9482594009050225,-0.05312718451023102,-17.863557815551758,-17.916685104370117,False,False,True,True
55,533,545,4,2247, about,0.4922351319741272,-0.7087987661361694,-17.293277740478516,-18.002077102661133,False,False,True,False
55,540,546,5,6159, story,0.9822701840605683,-0.01788887195289135,-19.115707397460938,-19.133596420288086,False,False,True,False
55,536,547,6,40580, funny,0.41133119307111043,-0.8883565664291382,-18.260507583618164,-19.14886474609375,False,False,True,False
55,536,548,7,6159, story,0.36299850382168114,-1.0133565664291382,-18.260507583618164,-19.27386474609375,False,False,False,False
55,537,549,8,6159, story,0.440764550867096,-0.8192444443702698,-18.609535217285156,-19.42877960205078,False,False,False,False
55,538,550,9,2247, about,0.4736939348426784,-0.7471938729286194,-18.740707397460938,-19.48790168762207,False,False,False,False
56,541,551,0,40580, funny,0.672325820564123,-0.39701220393180847,-15.529701232910156,-15.926712989807129,False,False,True,True
56,542,552,1,40580, funny,0.9696241147003505,-0.030846793204545975,-16.70172882080078,-16.732576370239258,False,False,True,True
56,541,553,2,34745, ted,0.1409271436659897,-1.9595122337341309,-15.529701232910156,-17.489213943481445,False,False,True,False
56,543,554,3,2247, about,0.9252855223281025,-0.07765291631221771,-17.685232162475586,-17.76288414001465,False,False,True,False
56,544,555,4,1284, a,0.9970102556471989,-0.002994222566485405,-17.916685104370117,-17.919679641723633,False,False,True,True
56,545,556,5,1284, a,0.9438335957467356,-0.05780540406703949,-18.002077102661133,-18.05988311767578,False,False,True,False
56,541,557,6,1243, ,0.02953993407107015,-3.522012233734131,-15.529701232910156,-19.051713943481445,False,False,True,False
56,547,558,7,6159, story,0.9850565958952199,-0.015056181699037552,-19.14886474609375,-19.163921356201172,False,False,True,False
56,546,559,8,2247, about,0.9119587610869282,-0.09216050803661346,-19.133596420288086,-19.225757598876953,False,False,True,False
56,541,560,9,4541, fun,0.019072414903763525,-3.959512233734131,-15.529701232910156,-19.489213943481445,False,False,False,False
57,551,561,0,6159, story,0.9621863394081327,-0.03854714706540108,-15.926712989807129,-15.96526050567627,False,False,True,True
57,552,562,1,6159, story,0.9885439503070976,-0.011522175744175911,-16.732576370239258,-16.744098663330078,False,False,True,True
57,553,563,2,6912,dy,0.988119629437191,-0.0119515061378479,-17.489213943481445,-17.50116539001465,False,False,True,False
57,554,564,3,1284, a,0.981308642209751,-0.018868248909711838,-17.76288414001465,-17.78175163269043,False,False,True,False
57,555,565,4,40580, funny,0.9863015369181645,-0.013793152756989002,-17.919679641723633,-17.933473587036133,False,False,True,True
57,556,566,5,34745, ted,0.9993016831461597,-0.0006985607906244695,-18.05988311767578,-18.06058120727539,False,False,True,False
57,558,567,6,2247, about,0.9391339142951134,-0.0627971962094307,-19.163921356201172,-19.22671890258789,False,False,True,False
57,559,568,7,1284, a,0.9832665736284271,-0.01687501184642315,-19.225757598876953,-19.242631912231445,False,False,True,False
57,557,569,8,15703,"...""",0.743223277789729,-0.296758770942688,-19.051713943481445,-19.348472595214844,False,False,False,False
57,551,570,9,15703,"...""",0.013724852492104008,-4.288547039031982,-15.926712989807129,-20.215259552001953,False,False,False,False
58,561,571,0,2247, about,0.9303958398800862,-0.07214514911174774,-15.96526050567627,-16.037405014038086,False,False,True,True
58,562,572,1,2247, about,0.9651524456401045,-0.035469215363264084,-16.744098663330078,-16.77956771850586,False,False,True,True
58,563,573,2,23416, bear,0.9806007561863406,-0.019589878618717194,-17.50116539001465,-17.520755767822266,False,False,True,False
58,564,574,3,34745, ted,0.9994753968697998,-0.0005247407825663686,-17.78175163269043,-17.782276153564453,False,False,True,False
58,565,575,4,6159, story,0.9933624326001349,-0.006659694015979767,-17.933473587036133,-17.940134048461914,False,False,True,True
58,566,576,5,6912,dy,0.9995376817860313,-0.0004624251159839332,-18.06058120727539,-18.06104278564453,False,False,True,False
58,567,577,6,1284, a,0.98706738904285,-0.013016965240240097,-19.22671890258789,-19.239736557006836,False,False,True,False
58,568,578,7,34745, ted,0.9993807338480543,-0.0006194579764269292,-19.242631912231445,-19.24325180053711,False,False,True,False
58,561,579,8,1243, ,0.031836392553702506,-3.4471452236175537,-15.96526050567627,-19.412405014038086,False,False,True,False
58,561,580,9,15703,"...""",0.028095517818109737,-3.5721452236175537,-15.96526050567627,-19.537405014038086,False,False,False,False
59,571,581,0,1284, a,0.9905921816797744,-0.009452351368963718,-16.037405014038086,-16.046857833862305,False,False,True,True
59,572,582,1,1284, a,0.9909453437176188,-0.00909589882940054,-16.77956771850586,-16.788663864135742,False,False,True,True
59,574,583,2,6912,dy,0.9981737172355547,-0.0018279524520039558,-17.782276153564453,-17.784103393554688,False,False,True,False
59,575,584,3,2247, about,0.974011068717241,-0.026332611218094826,-17.940134048461914,-17.966466903686523,False,False,True,True
59,576,585,4,23416, bear,0.9986998080204165,-0.0013010379625484347,-18.06104278564453,-18.06234359741211,False,False,True,False
59,573,586,5,1333, in,0.28701140701116373,-1.2482333183288574,-17.520755767822266,-18.76898956298828,False,False,True,False
59,577,587,6,34745, ted,0.9993545409674165,-0.0006456674309447408,-19.239736557006836,-19.24038314819336,False,False,True,False
59,578,588,7,6912,dy,0.9961128527359941,-0.003894721856340766,-19.24325180053711,-19.247146606445312,False,False,True,False
59,579,589,8,15703,"...""",0.8763773774380108,-0.1319584846496582,-19.412405014038086,-19.544363021850586,False,False,False,False
59,573,590,9,6159, story,0.11964415479744411,-2.1232333183288574,-17.520755767822266,-19.64398956298828,False,False,False,False
60,581,591,0,34745, ted,0.6743971303466029,-0.3939361274242401,-16.046857833862305,-16.440793991088867,False,False,True,True
60,582,592,1,34745, ted,0.9958097825321637,-0.004199021030217409,-16.788663864135742,-16.792861938476562,False,False,True,True
60,583,593,2,23416, bear,0.9990362880606635,-0.0009641766082495451,-17.784103393554688,-17.78506851196289,False,False,True,False
60,584,594,3,1284, a,0.9947768512447628,-0.0052368370816111565,-17.966466903686523,-17.971704483032227,False,False,True,True
60,585,595,4,1047,",",0.5418433046157369,-0.6127784252166748,-18.06234359741211,-18.675121307373047,False,False,True,False
60,586,596,5,2247, about,0.813195382179596,-0.20678387582302094,-18.76898956298828,-18.975772857666016,False,False,True,False
60,587,597,6,6912,dy,0.9969698497352262,-0.0030347504653036594,-19.24038314819336,-19.243417739868164,False,False,True,False
60,588,598,7,23416, bear,0.9986543905373626,-0.0013465156080201268,-19.247146606445312,-19.248493194580078,False,False,False,False
60,581,599,8,15703,"...""",0.038046881452695615,-3.2689361572265625,-16.046857833862305,-19.315793991088867,False,False,True,False
60,581,600,9,31135, torn,0.03357625503500717,-3.3939361572265625,-16.046857833862305,-19.440793991088867,False,False,False,False
61,591,601,0,6912,dy,0.990847959637346,-0.009194177575409412,-16.440793991088867,-16.449987411499023,False,False,True,True
61,592,602,1,6912,dy,0.9946290601884308,-0.0053854151628911495,-16.792861938476562,-16.798248291015625,False,False,True,True
61,594,603,2,34745, ted,0.9961103688159509,-0.003897215472534299,-17.971704483032227,-17.975601196289062,False,False,True,True
61,593,604,3,1047,",",0.5248558193978996,-0.6446316838264465,-17.78506851196289,-18.42970085144043,False,False,True,False
61,596,605,4,1243, ,0.97439664497663,-0.025936825200915337,-18.975772857666016,-19.001708984375,False,False,True,False
61,597,606,5,23416, bear,0.9991114888317774,-0.0008889061282388866,-19.243417739868164,-19.244306564331055,False,False,True,False
61,599,607,6,1049,.,0.7795726681279258,-0.249009370803833,-19.315793991088867,-19.564804077148438,False,False,True,False
61,595,608,7,80432, comed,0.3734185215660026,-0.9850554466247559,-18.675121307373047,-19.66017723083496,False,False,True,False
61,593,609,8,1333, in,0.1503737188804557,-1.8946316242218018,-17.78506851196289,-19.67970085144043,False,False,True,False
61,593,610,9,1049,.,0.11711117001745819,-2.1446316242218018,-17.78506851196289,-19.92970085144043,False,False,False,False
62,601,611,0,23416, bear,0.9878458316910429,-0.01222863420844078,-16.449987411499023,-16.462215423583984,False,False,True,True
62,602,612,1,23416, bear,0.9920144371652908,-0.008017618209123611,-16.798248291015625,-16.80626678466797,False,False,True,True
62,603,613,2,6912,dy,0.9949026203280715,-0.005110415630042553,-17.975601196289062,-17.980710983276367,False,False,True,True
62,605,614,3,1052,1,0.9474829978199604,-0.05394628643989563,-19.001708984375,-19.055654525756836,False,False,True,False
62,604,615,4,2247, about,0.46985672877145895,-0.7553274631500244,-18.42970085144043,-19.185028076171875,False,False,True,False
62,608,616,5,1334,ic,0.999712549842758,-0.0002874914789572358,-19.66017723083496,-19.660465240478516,False,False,True,False
62,606,617,6,1047,",",0.5706593705900699,-0.5609627962112427,-19.244306564331055,-19.805269241333008,False,False,True,False
62,609,618,7,2247, about,0.8784243268142696,-0.12962551414966583,-19.67970085144043,-19.809326171875,False,False,True,False
62,607,619,8,1376,"

",0.44623249926357467,-0.8069151639938354,-19.564804077148438,-20.371719360351562,False,False,False,False
62,604,620,9,33033, roughly,0.104839207137593,-2.2553274631500244,-18.42970085144043,-20.685028076171875,False,False,False,False
63,611,621,0,1333, in,0.9719612739811399,-0.028439316898584366,-16.462215423583984,-16.49065399169922,False,False,True,True
63,612,622,1,1333, in,0.9722518027351574,-0.02814045175909996,-16.80626678466797,-16.834407806396484,False,False,True,True
63,613,623,2,23416, bear,0.9965239421665131,-0.0034821133594959974,-17.980710983276367,-17.984193801879883,False,False,True,True
63,614,624,3,1051,0,0.9936505970197509,-0.006369646172970533,-19.055654525756836,-19.06202507019043,False,False,True,False
63,615,625,4,1243, ,0.9548180029733965,-0.046234529465436935,-19.185028076171875,-19.23126220703125,False,False,True,False
63,618,626,5,1243, ,0.9993098971765659,-0.0006903410539962351,-19.809326171875,-19.810016632080078,False,False,True,False
63,616,627,6,1047,",",0.5611960001380928,-0.5776850581169128,-19.660465240478516,-20.238149642944336,False,False,True,False
63,617,628,7,2247, about,0.4576497436666503,-0.7816511392593384,-19.805269241333008,-20.5869197845459,False,False,True,False
63,611,629,8,15703,"...""",0.014758449366636768,-4.215939521789551,-16.462215423583984,-20.67815399169922,False,False,True,False
63,616,630,9,1049,.,0.3003865548086246,-1.2026851177215576,-19.660465240478516,-20.863149642944336,False,False,False,False
64,621,631,0,2247, about,0.9887464576913279,-0.011317342519760132,-16.49065399169922,-16.501972198486328,False,False,True,True
64,622,632,1,2247, about,0.9962333991836823,-0.003773712320253253,-16.834407806396484,-16.83818244934082,False,False,True,True
64,623,633,2,1333, in,0.9794190949449237,-0.02079564332962036,-17.984193801879883,-18.004989624023438,False,False,True,True
64,624,634,3,1051,0,0.999510051547733,-0.000490068516228348,-19.06202507019043,-19.062515258789062,False,False,True,False
64,625,635,4,1052,1,0.9726675649002458,-0.02771291509270668,-19.23126220703125,-19.258975982666016,False,False,True,False
64,626,636,5,1052,1,0.9971278192229558,-0.002876313403248787,-19.810016632080078,-19.81289291381836,False,False,True,False
64,628,637,6,1243, ,0.9406998348100734,-0.061131175607442856,-20.5869197845459,-20.64805030822754,False,False,True,False
64,627,638,7,2247, about,0.5005031065798866,-0.6921414732933044,-20.238149642944336,-20.93029022216797,False,False,True,False
64,621,639,8,1243, ,0.008036052868348156,-4.823817253112793,-16.49065399169922,-21.314472198486328,False,False,True,False
64,629,640,9,1376,"

",0.5018928613802821,-0.6893686056137085,-20.67815399169922,-21.367523193359375,False,False,False,False
65,631,641,0,1243, ,0.9975452034291376,-0.002457814523950219,-16.501972198486328,-16.504430770874023,False,False,True,True
65,632,642,1,1243, ,0.9979838333366091,-0.0020182018633931875,-16.83818244934082,-16.840200424194336,False,False,True,True
65,633,643,2,2247, about,0.9973713299182191,-0.002632131101563573,-18.004989624023438,-18.00762176513672,False,False,True,True
65,634,644,3,14912, tokens,0.9787998079673191,-0.021428143605589867,-19.062515258789062,-19.08394432067871,False,False,True,False
65,635,645,4,1051,0,0.9999942779868433,-5.722029527532868e-06,-19.258975982666016,-19.258981704711914,False,False,True,False
65,636,646,5,1051,0,0.9997633063942933,-0.00023672162205912173,-19.81289291381836,-19.813129425048828,False,False,True,False
65,637,647,6,1052,1,0.9690336027548443,-0.03145598992705345,-20.64805030822754,-20.679506301879883,False,False,False,False
65,638,648,7,1243, ,0.9568248659872226,-0.04413490742444992,-20.93029022216797,-20.974424362182617,False,False,False,False
65,639,649,8,1052,1,0.5449590107349839,-0.6070446968078613,-21.314472198486328,-21.92151641845703,False,False,False,False
65,639,650,9,15703,"...""",0.2916955385703032,-1.2320446968078613,-21.314472198486328,-22.54651641845703,False,False,False,False
66,641,651,0,1052,1,0.7905053536575759,-0.23508284986019135,-16.504430770874023,-16.739513397216797,False,False,True,True
66,642,652,1,1052,1,0.9950304278205494,-0.004981961566954851,-16.840200424194336,-16.845182418823242,False,False,True,True
66,643,653,2,1243, ,0.9983630793842369,-0.0016382618341594934,-18.00762176513672,-18.009260177612305,False,False,True,True
66,641,654,3,1056,5,0.06488862990025081,-2.7350828647613525,-16.504430770874023,-19.239513397216797,False,False,True,False
66,645,655,4,1051,0,0.9999920130413283,-7.986990567587782e-06,-19.258981704711914,-19.258989334106445,False,False,True,False
66,644,656,5,2403,".""",0.6331285890977044,-0.45708173513412476,-19.08394432067871,-19.541025161743164,False,False,True,False
66,641,657,6,1051,0,0.04189524827702179,-3.1725828647613525,-16.504430770874023,-19.677013397216797,False,False,True,False
66,641,658,7,1053,2,0.03697242683748434,-3.2975828647613525,-16.504430770874023,-19.802013397216797,False,False,True,False
66,646,659,8,1051,0,0.9999731786297104,-2.682172998902388e-05,-19.813129425048828,-19.813156127929688,False,False,True,False
66,644,660,9,1049,.,0.2990687512479778,-1.2070817947387695,-19.08394432067871,-20.291027069091797,False,False,True,False
67,651,661,0,1051,0,0.9987806662503501,-0.0012200777418911457,-16.739513397216797,-16.740734100341797,False,False,True,True
67,652,662,1,1051,0,0.9995281539481159,-0.00047195740626193583,-16.845182418823242,-16.845653533935547,False,False,True,True
67,653,663,2,1052,1,0.9948541259502254,-0.005159159656614065,-18.009260177612305,-18.014419555664062,False,False,True,True
67,655,664,3,14912, tokens,0.9977388366502932,-0.0022637236397713423,-19.258989334106445,-19.261253356933594,False,False,True,False
67,654,665,4,1051,0,0.9208191393015075,-0.08249163627624512,-19.239513397216797,-19.322004318237305,False,False,True,False
67,659,666,5,14912, tokens,0.9988093265363653,-0.00119138287845999,-19.813156127929688,-19.814348220825195,False,False,True,False
67,658,667,6,1051,0,0.8434877503192029,-0.17020989954471588,-19.802013397216797,-19.97222328186035,False,False,True,False
67,657,668,7,14912, tokens,0.7027069083836303,-0.3528153896331787,-19.677013397216797,-20.029829025268555,False,False,True,False
67,656,669,8,1376,"

",0.4222821999812101,-0.8620814681053162,-19.541025161743164,-20.403106689453125,False,False,False,False
67,660,670,9,1617, The,0.49573655058315236,-0.7017106413841248,-20.291027069091797,-20.99273681640625,False,False,True,False
68,661,671,0,1051,0,0.9991981265653758,-0.0008021951070986688,-16.740734100341797,-16.74153709411621,False,False,True,True
68,662,672,1,1051,0,0.9994943316089623,-0.0005057962844148278,-16.845653533935547,-16.846158981323242,False,False,True,True
68,663,673,2,1051,0,0.9995716261758241,-0.00042846560245379806,-18.014419555664062,-18.014848709106445,False,False,True,True
68,664,674,3,1049,.,0.8389024875232377,-0.17566080391407013,-19.261253356933594,-19.436914443969727,False,False,True,False
68,666,675,4,1049,.,0.9249521030957123,-0.07801332324743271,-19.814348220825195,-19.89236068725586,False,False,True,False
68,665,676,5,14912, tokens,0.5118314693389562,-0.6697598695755005,-19.322004318237305,-19.991764068603516,False,False,True,False
68,667,677,6,1051,0,0.9560403742037636,-0.04495513439178467,-19.97222328186035,-20.01717758178711,False,False,True,False
68,665,678,7,1051,0,0.45168968633695117,-0.7947598695755005,-19.322004318237305,-20.116764068603516,False,False,True,False
68,668,679,8,2403,".""",0.6975705325096716,-0.36015164852142334,-20.029829025268555,-20.38998031616211,False,False,False,False
68,670,680,9,2801, user,0.9633171362299964,-0.03737260028719902,-20.99273681640625,-21.030109405517578,False,False,True,False
69,671,681,0,14912, tokens,0.9961521247756343,-0.003855297341942787,-16.74153709411621,-16.745391845703125,False,False,True,True
69,672,682,1,14912, tokens,0.997683776504692,-0.002318910090252757,-16.846158981323242,-16.848478317260742,False,False,True,True
69,673,683,2,1051,0,0.999613434568115,-0.000386640167562291,-18.014848709106445,-18.015235900878906,False,False,True,True
69,677,684,3,14912, tokens,0.8576765018969605,-0.15352828800678253,-20.01717758178711,-20.170705795288086,False,False,True,False
69,678,685,4,14912, tokens,0.8400613322371018,-0.17428037524223328,-20.116764068603516,-20.291044235229492,False,False,True,False
69,676,686,5,2403,".""",0.4883742530994625,-0.7166732549667358,-19.991764068603516,-20.708436965942383,False,False,False,False
69,674,687,6,1617, The,0.2549086233846958,-1.3668501377105713,-19.436914443969727,-20.80376434326172,False,False,False,False
69,676,688,7,1049,.,0.4309887656623409,-0.8416732549667358,-19.991764068603516,-20.833436965942383,False,False,False,False
69,680,689,8,7214, says,0.9575606945047236,-0.043366171419620514,-21.030109405517578,-21.073474884033203,False,False,True,False
69,675,690,9,1617, The,0.25180520453657285,-1.3790994882583618,-19.89236068725586,-21.271459579467773,False,False,False,False
70,682,691,0,2403,".""",0.8703371572844607,-0.1388746052980423,-16.848478317260742,-16.98735237121582,False,False,True,True
70,681,692,1,2403,".""",0.7441104625670663,-0.29556578397750854,-16.745391845703125,-17.040958404541016,False,False,True,True
70,683,693,2,14912, tokens,0.9980383328247858,-0.001963593764230609,-18.015235900878906,-18.01719856262207,False,False,True,True
70,681,694,3,1049,.,0.2415772832604324,-1.4205658435821533,-16.745391845703125,-18.165958404541016,False,False,True,True
70,682,695,4,1049,.,0.11778733446828078,-2.1388745307922363,-16.848478317260742,-18.98735237121582,False,False,False,False
70,684,696,5,2403,".""",0.495400967107676,-0.702387809753418,-20.170705795288086,-20.873092651367188,False,False,False,False
70,684,697,6,1049,.,0.4371898190099371,-0.827387809753418,-20.170705795288086,-20.998092651367188,False,False,False,False
70,685,698,7,1049,.,0.45345484697498434,-0.790859580039978,-20.291044235229492,-21.0819034576416,False,False,False,False
70,685,699,8,2403,".""",0.45345484697498434,-0.790859580039978,-20.291044235229492,-21.0819034576416,False,False,False,False
70,689,700,9,1061,:,0.9713107764920256,-0.02910880371928215,-21.073474884033203,-21.102582931518555,False,False,False,False
71,692,701,0,1376,"

",0.6170799197450797,-0.48275673389434814,-17.040958404541016,-17.52371597290039,False,False,True,False
71,691,702,1,1617, The,0.3050221820061887,-1.187370777130127,-16.98735237121582,-18.17472267150879,False,False,True,True
71,691,703,2,1376,"

",0.3050221820061887,-1.187370777130127,-16.98735237121582,-18.17472267150879,False,False,True,False
71,693,704,3,2403,".""",0.642551444536263,-0.4423083961009979,-18.01719856262207,-18.45950698852539,False,False,True,False
71,694,705,4,1617, The,0.4376209355153739,-0.8264021873474121,-18.165958404541016,-18.992361068725586,False,False,True,True
71,693,706,5,1049,.,0.3439329938494188,-1.0673084259033203,-18.01719856262207,-19.08450698852539,False,False,True,True
71,694,707,6,1376,"

",0.23424160709377595,-1.451402187347412,-18.165958404541016,-19.617361068725586,False,False,False,False
71,694,708,7,1243, ,0.23424160709377595,-1.451402187347412,-18.165958404541016,-19.617361068725586,False,False,False,False
71,691,709,8,4632, So,0.06393612268217183,-2.749870777130127,-16.98735237121582,-19.73722267150879,False,False,False,False
71,692,710,9,1617, The,0.06503975278717114,-2.7327566146850586,-17.040958404541016,-19.77371597290039,False,False,True,True
72,702,711,0,2801, user,0.9677372778306486,-0.032794635742902756,-18.17472267150879,-18.207517623901367,False,False,True,True
72,704,712,1,1376,"

",0.823677218206792,-0.19397655129432678,-18.45950698852539,-18.653484344482422,False,False,True,False
72,705,713,2,2801, user,0.9849035836347768,-0.015211527235805988,-18.992361068725586,-19.007572174072266,False,False,True,True
72,706,714,3,1617, The,0.7307384632332315,-0.3136996626853943,-19.08450698852539,-19.39820671081543,False,False,True,True
72,701,715,4,4823,We,0.14183455509831852,-1.9530940055847168,-17.52371597290039,-19.476810455322266,False,False,True,False
72,701,716,5,2075,The,0.12516855555373022,-2.078094005584717,-17.52371597290039,-19.601810455322266,False,False,True,False
72,701,717,6,6880,So,0.11046086257715478,-2.203094005584717,-17.52371597290039,-19.726810455322266,False,False,False,False
72,703,718,7,4823,We,0.17975145185305327,-1.7161802053451538,-18.17472267150879,-19.89090347290039,False,False,True,False
72,710,719,8,2801, user,0.8766797071863993,-0.1316135674715042,-19.77371597290039,-19.90532875061035,False,False,True,True
72,703,720,9,2075,The,0.14901918762138344,-1.9036802053451538,-18.17472267150879,-20.07840347290039,False,False,True,False
73,711,721,0,7214, says,0.9412908448333447,-0.06050310656428337,-18.207517623901367,-18.268020629882812,False,False,True,True
73,713,722,1,7214, says,0.9803076230360934,-0.019888855516910553,-19.007572174072266,-19.0274600982666,False,False,True,True
73,714,723,2,2801, user,0.9632159240694914,-0.03747767210006714,-19.39820671081543,-19.435684204101562,False,False,True,True
73,716,724,3,2801, user,0.645387756158074,-0.4379039704799652,-19.601810455322266,-20.039714813232422,False,False,True,False
73,712,725,4,2075,The,0.20530372155383975,-1.5832648277282715,-18.653484344482422,-20.23674964904785,False,False,True,False
73,715,726,5,2351, need,0.46678390357277266,-0.761888861656189,-19.476810455322266,-20.238698959350586,False,False,True,False
73,719,727,6,7214, says,0.64680408806366,-0.4357118308544159,-19.90532875061035,-20.341039657592773,False,False,True,True
73,720,728,7,2801, user,0.7023480699930588,-0.3533261716365814,-20.07840347290039,-20.431730270385742,False,False,True,False
73,718,729,8,2351, need,0.5171493696237781,-0.6594235301017761,-19.89090347290039,-20.55032730102539,False,False,True,False
73,712,730,9,4823,We,0.10989116327917327,-2.2082648277282715,-18.653484344482422,-20.86174964904785,False,False,True,False
74,721,731,0,1061,:,0.9725137535550727,-0.027871061116456985,-18.268020629882812,-18.29589080810547,False,False,True,True
74,722,732,1,1061,:,0.9823894734310201,-0.017767436802387238,-19.0274600982666,-19.04522705078125,False,False,True,True
74,723,733,2,7214, says,0.9820058247989378,-0.018158039078116417,-19.435684204101562,-19.453842163085938,False,False,True,True
74,726,734,3,1343, to,0.9690393136832728,-0.031450096517801285,-20.238698959350586,-20.27014923095703,False,False,True,False
74,725,735,4,2801, user,0.9091012369317713,-0.09529881924390793,-20.23674964904785,-20.332048416137695,False,False,True,False
74,727,736,5,1061,:,0.9395180387715203,-0.062388259917497635,-20.341039657592773,-20.403427124023438,False,False,True,True
74,729,737,6,1343, to,0.9639095580928512,-0.036757808178663254,-20.55032730102539,-20.587085723876953,False,False,True,False
74,724,738,7,7214, says,0.480179115928476,-0.7335960865020752,-20.039714813232422,-20.773311614990234,False,False,True,False
74,728,739,8,7214, says,0.6644278373954592,-0.408829003572464,-20.431730270385742,-20.840559005737305,False,False,True,False
74,730,740,9,2351, need,0.5208514804210372,-0.6522903442382812,-20.86174964904785,-21.514039993286133,False,False,True,False
75,731,741,0,1243, ,0.9647957866976814,-0.03583882004022598,-18.29589080810547,-18.331729888916016,False,False,True,True
75,732,742,1,1243, ,0.9774418172675476,-0.022816510871052742,-19.04522705078125,-19.068042755126953,False,False,True,True
75,733,743,2,1061,:,0.9766119091393958,-0.023665932938456535,-19.453842163085938,-19.477508544921875,False,False,True,True
75,735,744,3,7214, says,0.9086380184335007,-0.0958084836602211,-20.332048416137695,-20.4278564453125,False,False,True,False
75,736,745,4,1243, ,0.9474451148522376,-0.05398626998066902,-20.403427124023438,-20.457412719726562,False,False,True,True
75,738,746,5,1061,:,0.9583329067232655,-0.04256005957722664,-20.773311614990234,-20.815872192382812,False,False,True,False
75,739,747,6,1061,:,0.9719325575399395,-0.028468862175941467,-20.840559005737305,-20.869028091430664,False,False,True,False
75,734,748,7,11027, produce,0.446183988006666,-0.8070238828659058,-20.27014923095703,-21.077173233032227,False,False,True,False
75,737,749,8,11027, produce,0.48277524179965187,-0.728204071521759,-20.587085723876953,-21.315290451049805,False,False,True,False
75,740,750,9,1343, to,0.9705579424303039,-0.029884174466133118,-21.514039993286133,-21.54392433166504,False,False,True,False
76,741,751,0,1037,"""",0.9745321444314342,-0.025797775015234947,-18.331729888916016,-18.357526779174805,False,False,True,True
76,742,752,1,1037,"""",0.9562383942922049,-0.044748030602931976,-19.068042755126953,-19.112791061401367,False,False,True,True
76,743,753,2,1243, ,0.9709414626739591,-0.029489098116755486,-19.477508544921875,-19.50699806213379,False,False,True,True
76,744,754,3,1061,:,0.9826313627026297,-0.017521241679787636,-20.4278564453125,-20.445377349853516,False,False,True,False
76,745,755,4,1037,"""",0.9453062542929486,-0.0562463253736496,-20.457412719726562,-20.51365852355957,False,False,True,True
76,746,756,5,1243, ,0.9510029753635704,-0.05023808777332306,-20.815872192382812,-20.86610984802246,False,False,True,False
76,747,757,6,1243, ,0.9491036512267058,-0.052237264811992645,-20.869028091430664,-20.9212646484375,False,False,True,False
76,748,758,7,1284, a,0.7809676670027135,-0.24722152948379517,-21.077173233032227,-21.32439422607422,False,False,True,False
76,749,759,8,1284, a,0.8005921675367754,-0.2224036157131195,-21.315290451049805,-21.537694931030273,False,False,True,False
76,750,760,9,11027, produce,0.4745058594740299,-0.7454813122749329,-21.54392433166504,-22.289405822753906,False,False,False,False
77,751,761,0,3703,Write,0.9863355161371868,-0.013758702203631401,-18.357526779174805,-18.371286392211914,False,False,True,True
77,752,762,1,3703,Write,0.9873983993717456,-0.012681674212217331,-19.112791061401367,-19.125473022460938,False,False,True,True
77,753,763,2,1037,"""",0.9430737519631333,-0.058610789477825165,-19.50699806213379,-19.565608978271484,False,False,True,True
77,754,764,3,1243, ,0.9761081444593239,-0.024181894958019257,-20.445377349853516,-20.469558715820312,False,False,True,False
77,755,765,4,3703,Write,0.9711461525794878,-0.029278304427862167,-20.51365852355957,-20.542936325073242,False,False,True,True
77,756,766,5,1037,"""",0.9699703324579791,-0.030489793047308922,-20.86610984802246,-20.89659881591797,False,False,True,False
77,757,767,6,1037,"""",0.9707401157690859,-0.029696492478251457,-20.9212646484375,-20.95096206665039,False,False,True,False
77,758,768,7,40580, funny,0.4509074493396417,-0.7964931726455688,-21.32439422607422,-22.120887756347656,False,False,True,False
77,759,769,8,40580, funny,0.4394758454414252,-0.8221725225448608,-21.537694931030273,-22.359867095947266,False,False,True,False
77,758,770,9,6159, story,0.3099038556581192,-1.1714931726455688,-21.32439422607422,-22.495887756347656,False,False,True,False
78,761,771,0,1284, a,0.9967607622027796,-0.0032444954849779606,-18.371286392211914,-18.374530792236328,False,False,True,True
78,762,772,1,1284, a,0.992180227477575,-0.007850507274270058,-19.125473022460938,-19.133323669433594,False,False,True,True
78,763,773,2,3703,Write,0.9629930077521166,-0.037709128111600876,-19.565608978271484,-19.603317260742188,False,False,True,True
78,764,774,3,1037,"""",0.9827379611195025,-0.017412764951586723,-20.469558715820312,-20.486970901489258,False,False,True,False
78,765,775,4,1284, a,0.9932576335465103,-0.006765198893845081,-20.542936325073242,-20.549701690673828,False,False,True,True
78,766,776,5,3703,Write,0.9710351973334744,-0.029392562806606293,-20.89659881591797,-20.92599105834961,False,False,True,False
78,767,777,6,3703,Write,0.9737609701634785,-0.026589415967464447,-20.95096206665039,-20.97755241394043,False,False,True,False
78,768,778,7,6159, story,0.9835080889838781,-0.0166294164955616,-22.120887756347656,-22.13751792907715,False,False,True,False
78,769,779,8,6159, story,0.9834349868390299,-0.01670374721288681,-22.359867095947266,-22.376571655273438,False,False,True,False
78,770,780,9,2247, about,0.5286460249340607,-0.6374362111091614,-22.495887756347656,-23.133323669433594,False,False,False,False
79,771,781,0,40580, funny,0.975254081965664,-0.025057245045900345,-18.374530792236328,-18.399587631225586,False,False,True,True
79,772,782,1,40580, funny,0.9428225407619567,-0.05887719988822937,-19.133323669433594,-19.192201614379883,False,False,True,True
79,773,783,2,1284, a,0.9902653390866946,-0.009782352484762669,-19.603317260742188,-19.613100051879883,False,False,True,True
79,774,784,3,3703,Write,0.980388737593652,-0.019806114956736565,-20.486970901489258,-20.506776809692383,False,False,True,False
79,775,785,4,40580, funny,0.9767929518070422,-0.023480571806430817,-20.549701690673828,-20.573183059692383,False,False,True,True
79,776,786,5,1284, a,0.9966741914673461,-0.003331351326778531,-20.92599105834961,-20.929323196411133,False,False,True,False
79,777,787,6,1284, a,0.9971969243784157,-0.0028070115949958563,-20.97755241394043,-20.98036003112793,False,False,True,False
79,778,788,7,2247, about,0.9358115327962939,-0.06634117662906647,-22.13751792907715,-22.203859329223633,False,False,True,False
79,779,789,8,2247, about,0.9340603203323604,-0.06821426004171371,-22.376571655273438,-22.444786071777344,False,False,True,False
79,771,790,9,34745, ted,0.011532832448777269,-4.462557315826416,-18.374530792236328,-22.837087631225586,False,False,True,False
80,781,791,0,6159, story,0.984783682652937,-0.015333273448050022,-18.399587631225586,-18.414920806884766,False,False,True,True
80,782,792,1,6159, story,0.9798056458540914,-0.02040104754269123,-19.192201614379883,-19.212602615356445,False,False,True,True
80,783,793,2,40580, funny,0.9501725674868708,-0.05111166089773178,-19.613100051879883,-19.66421127319336,False,False,True,True
80,784,794,3,1284, a,0.997504516878936,-0.0024986020289361477,-20.506776809692383,-20.509275436401367,False,False,True,False
80,785,795,4,6159, story,0.9826571482163551,-0.01749500073492527,-20.573183059692383,-20.59067726135254,False,False,True,True
80,786,796,5,40580, funny,0.9843273543229931,-0.015796760097146034,-20.929323196411133,-20.945119857788086,False,False,True,False
80,787,797,6,40580, funny,0.9905639913886711,-0.009480809792876244,-20.98036003112793,-20.98984146118164,False,False,True,False
80,788,798,7,1284, a,0.9812853394845408,-0.018891995772719383,-22.203859329223633,-22.22275161743164,False,False,True,False
80,789,799,8,1284, a,0.9853146141836042,-0.014794283546507359,-22.444786071777344,-22.459579467773438,False,False,True,False
80,790,800,9,6912,dy,0.9913433912442244,-0.008694294840097427,-22.837087631225586,-22.845781326293945,False,False,True,False
81,791,801,0,2247, about,0.9784001278420161,-0.02183656394481659,-18.414920806884766,-18.436758041381836,False,False,True,True
81,792,802,1,2247, about,0.9684443704100761,-0.03206423670053482,-19.212602615356445,-19.244667053222656,False,False,True,True
81,793,803,2,6159, story,0.9726728642381574,-0.02770746685564518,-19.66421127319336,-19.691919326782227,False,False,True,True
81,794,804,3,40580, funny,0.9904662140041564,-0.009579523466527462,-20.509275436401367,-20.51885414123535,False,False,True,False
81,795,805,4,2247, about,0.959979381951518,-0.04084347188472748,-20.59067726135254,-20.631521224975586,False,False,True,True
81,796,806,5,6159, story,0.9882861006670671,-0.011783047579228878,-20.945119857788086,-20.9569034576416,False,False,True,False
81,797,807,6,6159, story,0.9880624839808606,-0.012009340338408947,-20.98984146118164,-21.001850128173828,False,False,True,False
81,798,808,7,34745, ted,0.9994363387329888,-0.0005638201837427914,-22.22275161743164,-22.223316192626953,False,False,True,False
81,799,809,8,34745, ted,0.9994280035913713,-0.0005721600609831512,-22.459579467773438,-22.46015167236328,False,False,True,False
81,800,810,9,23416, bear,0.9863911874138901,-0.01370226126164198,-22.845781326293945,-22.85948371887207,False,False,False,False
82,801,811,0,1284, a,0.992465710455184,-0.007562815677374601,-18.436758041381836,-18.444320678710938,False,False,True,True
82,802,812,1,1284, a,0.9903348999568352,-0.00971211027354002,-19.244667053222656,-19.254379272460938,False,False,True,True
82,803,813,2,2247, about,0.9576016859803631,-0.04332336410880089,-19.691919326782227,-19.73524284362793,False,False,True,True
82,804,814,3,6159, story,0.9919690384736329,-0.008063383400440216,-20.51885414123535,-20.526918411254883,False,False,True,False
82,805,815,4,1284, a,0.9885992877223098,-0.011466198600828648,-20.631521224975586,-20.642988204956055,False,False,True,True
82,806,816,5,2247, about,0.9631642760550914,-0.0375312939286232,-20.9569034576416,-20.994434356689453,False,False,True,False
82,807,817,6,2247, about,0.9617103525534146,-0.03904196247458458,-21.001850128173828,-21.040891647338867,False,False,True,False
82,808,818,7,6912,dy,0.9993429927006336,-0.0006572232232429087,-22.223316192626953,-22.223974227905273,False,False,True,False
82,809,819,8,6912,dy,0.9993084686421597,-0.000691770575940609,-22.46015167236328,-22.460844039916992,False,False,True,False
82,803,820,9,15703,"...""",0.01987439064213202,-3.918323278427124,-19.691919326782227,-23.61024284362793,False,False,True,False
83,811,821,0,34745, ted,0.9831233351114929,-0.01702069863677025,-18.444320678710938,-18.461341857910156,False,False,True,True
83,812,822,1,34745, ted,0.9928963579435618,-0.007128993049263954,-19.254379272460938,-19.26150894165039,False,False,True,True
83,813,823,2,1284, a,0.9839529245337055,-0.01617722399532795,-19.73524284362793,-19.751420974731445,False,False,True,True
83,814,824,3,2247, about,0.9842812715713513,-0.015843577682971954,-20.526918411254883,-20.542762756347656,False,False,True,False
83,815,825,4,34745, ted,0.9955938552411345,-0.004415880423039198,-20.642988204956055,-20.647403717041016,False,False,True,True
83,816,826,5,1284, a,0.9934672538140158,-0.006554177962243557,-20.994434356689453,-21.000988006591797,False,False,True,False
83,817,827,6,1284, a,0.9934844319401595,-0.006536887027323246,-21.040891647338867,-21.047428131103516,False,False,True,False
83,818,828,7,23416, bear,0.999060203527129,-0.0009402383584529161,-22.223974227905273,-22.22491455078125,False,False,True,False
83,819,829,8,23416, bear,0.9991653976464561,-0.0008349508279934525,-22.460844039916992,-22.461679458618164,False,False,True,False
83,820,830,9,1376,"

",0.6859805683169814,-0.37690597772598267,-23.61024284362793,-23.98714828491211,False,False,False,False
84,821,831,0,6912,dy,0.9893495766072595,-0.010707545094192028,-18.461341857910156,-18.472049713134766,False,False,True,True
84,822,832,1,6912,dy,0.9927743855136318,-0.007251845672726631,-19.26150894165039,-19.268760681152344,False,False,True,True
84,823,833,2,34745, ted,0.9964970700526306,-0.003509079571813345,-19.751420974731445,-19.75493049621582,False,False,True,True
84,824,834,3,1284, a,0.9941387041250521,-0.005878540687263012,-20.542762756347656,-20.548641204833984,False,False,True,False
84,825,835,4,6912,dy,0.9932931521424402,-0.006729439832270145,-20.647403717041016,-20.654132843017578,False,False,True,True
84,826,836,5,34745, ted,0.9958561235483436,-0.004152486100792885,-21.000988006591797,-21.00514030456543,False,False,True,False
84,827,837,6,34745, ted,0.9955797940638029,-0.004430003929883242,-21.047428131103516,-21.05185890197754,False,False,True,False
84,828,838,7,1047,",",0.5179042264504117,-0.6579649448394775,-22.22491455078125,-22.88287925720215,False,False,True,False
84,829,839,8,1047,",",0.5368064070293567,-0.6221177577972412,-22.461679458618164,-23.083797454833984,False,False,True,False
84,828,840,9,1333, in,0.16813888497244364,-1.7829649448394775,-22.22491455078125,-24.00787925720215,False,False,True,False
85,831,841,0,23416, bear,0.9952038399436478,-0.004807698540389538,-18.472049713134766,-18.476858139038086,False,False,True,True
85,832,842,1,23416, bear,0.9845874171659816,-0.015532591380178928,-19.268760681152344,-19.28429412841797,False,False,True,True
85,833,843,2,6912,dy,0.9938210562877247,-0.006198112387210131,-19.75493049621582,-19.76112937927246,False,False,True,True
85,834,844,3,34745, ted,0.994937666801763,-0.005075190216302872,-20.548641204833984,-20.5537166595459,False,False,True,False
85,835,845,4,23416, bear,0.9923595744076489,-0.007669763173907995,-20.654132843017578,-20.661802291870117,False,False,True,True
85,836,846,5,6912,dy,0.9936782574239856,-0.006341809406876564,-21.00514030456543,-21.01148223876953,False,False,True,False
85,837,847,6,6912,dy,0.9955507284363776,-0.004459199029952288,-21.05185890197754,-21.056318283081055,False,False,True,False
85,838,848,7,2247, about,0.4843930371288295,-0.7248586416244507,-22.88287925720215,-23.607738494873047,False,False,True,False
85,839,849,8,2247, about,0.48983673936909655,-0.7136831283569336,-23.083797454833984,-23.797481536865234,False,False,True,False
85,840,850,9,2247, about,0.8953536751418363,-0.11053647100925446,-24.00787925720215,-24.11841583251953,False,False,False,False
86,841,851,0,1333, in,0.9879188918406605,-0.012154677882790565,-18.476858139038086,-18.489013671875,False,False,True,True
86,842,852,1,1333, in,0.984381411489465,-0.015741843730211258,-19.28429412841797,-19.30003547668457,False,False,True,True
86,843,853,2,23416, bear,0.9910494216162793,-0.008990875445306301,-19.76112937927246,-19.77012062072754,False,False,True,True
86,844,854,3,6912,dy,0.995539976464701,-0.004469999112188816,-20.5537166595459,-20.55818748474121,False,False,True,False
86,845,855,4,1333, in,0.9794399087214503,-0.020774392411112785,-20.661802291870117,-20.68257713317871,False,False,True,True
86,846,856,5,23416, bear,0.9931356898050936,-0.006887977942824364,-21.01148223876953,-21.018369674682617,False,False,True,False
86,847,857,6,23416, bear,0.9906447072297941,-0.009399328380823135,-21.056318283081055,-21.065717697143555,False,False,True,False
86,848,858,7,1243, ,0.9688557613619162,-0.03163953125476837,-23.607738494873047,-23.63937759399414,False,False,True,False
86,841,859,8,15703,"...""",0.0051841230736103545,-5.262154579162598,-18.476858139038086,-23.739013671875,False,False,False,False
86,849,860,9,1243, ,0.9680382425090643,-0.03248368576169014,-23.797481536865234,-23.829965591430664,False,False,True,False
87,851,861,0,2247, about,0.9959685667341549,-0.004039581399410963,-18.489013671875,-18.493053436279297,False,False,True,True
87,852,862,1,2247, about,0.993023532690229,-0.007000916637480259,-19.30003547668457,-19.307035446166992,False,False,True,True
87,853,863,2,1333, in,0.9784825262142555,-0.02175235003232956,-19.77012062072754,-19.791872024536133,False,False,True,True
87,854,864,3,23416, bear,0.9952066738092987,-0.004804851021617651,-20.55818748474121,-20.562992095947266,False,False,True,False
87,855,865,4,2247, about,0.9952907462014438,-0.004720377270132303,-20.68257713317871,-20.687297821044922,False,False,True,True
87,856,866,5,1333, in,0.9793263641733142,-0.02089032717049122,-21.018369674682617,-21.039260864257812,False,False,True,False
87,857,867,6,1333, in,0.9798463905012006,-0.02035946398973465,-21.065717697143555,-21.086076736450195,False,False,True,False
87,858,868,7,1052,1,0.978593249701458,-0.021639198064804077,-23.63937759399414,-23.6610164642334,False,False,True,False
87,860,869,8,1052,1,0.9786039804188763,-0.021628232672810555,-23.829965591430664,-23.851593017578125,False,False,True,False
87,851,870,9,1243, ,0.002977891544156092,-5.816539764404297,-18.489013671875,-24.305553436279297,False,False,True,False
88,861,871,0,1243, ,0.9982225358869171,-0.0017790456768125296,-18.493053436279297,-18.49483299255371,False,False,True,True
88,862,872,1,1243, ,0.9961153366622313,-0.003892228240147233,-19.307035446166992,-19.310928344726562,False,False,True,True
88,863,873,2,2247, about,0.9932489307776793,-0.006773960776627064,-19.791872024536133,-19.798646926879883,False,False,True,True
88,864,874,3,1333, in,0.9881406971308596,-0.011930185370147228,-20.562992095947266,-20.574922561645508,False,False,True,False
88,865,875,4,1243, ,0.9969164145691798,-0.003088349476456642,-20.687297821044922,-20.690385818481445,False,False,True,True
88,866,876,5,2247, about,0.9973016077891877,-0.002702039433643222,-21.039260864257812,-21.041963577270508,False,False,True,False
88,867,877,6,2247, about,0.9973172588164924,-0.0026863461825996637,-21.086076736450195,-21.088762283325195,False,False,True,False
88,868,878,7,1051,0,0.9999954700677164,-4.529942543740617e-06,-23.6610164642334,-23.661020278930664,False,False,True,False
88,869,879,8,1051,0,0.9999959469005546,-4.0531076592742465e-06,-23.851593017578125,-23.85159683227539,False,False,False,False
88,870,880,9,1052,1,0.6464152870652334,-0.43631312251091003,-24.305553436279297,-24.741867065429688,False,False,False,False
89,871,881,0,1052,1,0.9764553715378437,-0.02382623217999935,-18.49483299255371,-18.518659591674805,False,False,True,True
89,872,882,1,1052,1,0.9966037379539829,-0.0034020424354821444,-19.310928344726562,-19.3143310546875,False,False,True,True
89,873,883,2,1243, ,0.997302200602028,-0.0027014450170099735,-19.798646926879883,-19.801347732543945,False,False,True,True
89,874,884,3,2247, about,0.9975026189368575,-0.002500504720956087,-20.574922561645508,-20.577423095703125,False,False,True,False
89,875,885,4,1052,1,0.9963822591451823,-0.003624300705268979,-20.690385818481445,-20.69400978088379,False,False,True,True
89,876,886,5,1243, ,0.998103407773395,-0.0018983930349349976,-21.041963577270508,-21.043861389160156,False,False,True,False
89,877,887,6,1243, ,0.9979279150848235,-0.002074234653264284,-21.088762283325195,-21.090835571289062,False,False,True,False
89,871,888,7,1056,5,0.009572832672448827,-4.6488261222839355,-18.49483299255371,-23.143659591674805,False,False,True,False
89,871,889,8,1053,2,0.008447995182396705,-4.7738261222839355,-18.49483299255371,-23.268659591674805,False,False,True,False
89,878,890,9,1051,0,0.999993205116773,-6.794906312279636e-06,-23.661020278930664,-23.661027908325195,False,False,True,False
90,881,891,0,1051,0,0.9992524018356618,-0.000747877755202353,-18.518659591674805,-18.519407272338867,False,False,True,True
90,882,892,1,1051,0,0.9995925894864655,-0.00040749352774582803,-19.3143310546875,-19.314739227294922,False,False,True,True
90,883,893,2,1052,1,0.9759647125985749,-0.024328848347067833,-19.801347732543945,-19.82567596435547,False,False,True,True
90,884,894,3,1243, ,0.9981703915194051,-0.0018312842585146427,-20.577423095703125,-20.579254150390625,False,False,True,False
90,885,895,4,1051,0,0.9999645960934689,-3.540453326422721e-05,-20.69400978088379,-20.694046020507812,False,False,True,True
90,886,896,5,1052,1,0.9970539830928943,-0.0029503649566322565,-21.043861389160156,-21.046812057495117,False,False,True,False
90,887,897,6,1052,1,0.9963202482763704,-0.003686538664624095,-21.090835571289062,-21.09452247619629,False,False,True,False
90,888,898,7,1051,0,0.9182410903340996,-0.08529529720544815,-23.143659591674805,-23.228954315185547,False,False,True,False
90,889,899,8,1051,0,0.8894201543954394,-0.11718554049730301,-23.268659591674805,-23.385845184326172,False,False,True,False
90,890,900,9,14912, tokens,0.9977825093972567,-0.0022199528757482767,-23.661027908325195,-23.66324806213379,False,False,True,False
91,891,901,0,1051,0,0.9999313401638235,-6.8662193370983e-05,-18.519407272338867,-18.51947593688965,False,False,True,True
91,892,902,1,1051,0,0.9997901165013245,-0.00020990552729927003,-19.314739227294922,-19.31494903564453,False,False,True,True
91,893,903,2,1051,0,0.9998454094489259,-0.0001546025014249608,-19.82567596435547,-19.825830459594727,False,False,True,True
91,894,904,3,1052,1,0.998229781855442,-0.0017717868322506547,-20.579254150390625,-20.581026077270508,False,False,True,False
91,895,905,4,1051,0,0.9999926090786457,-7.390948667307384e-06,-20.694046020507812,-20.694053649902344,False,False,True,True
91,896,906,5,1051,0,0.9999781851762466,-2.1815061700181104e-05,-21.046812057495117,-21.046833038330078,False,False,True,False
91,897,907,6,1051,0,0.999977350747961,-2.2649508537142538e-05,-21.09452247619629,-21.094545364379883,False,False,True,False
91,899,908,7,1051,0,0.9427029198332264,-0.05900408327579498,-23.385845184326172,-23.444849014282227,False,False,True,False
91,900,909,8,1049,.,0.8629424094239602,-0.14740732312202454,-23.66324806213379,-23.81065559387207,False,False,True,False
91,898,910,9,14912, tokens,0.5278398643809648,-0.6389623284339905,-23.228954315185547,-23.867916107177734,False,False,True,False
92,901,911,0,14912, tokens,0.9981884454572656,-0.001813197392039001,-18.51947593688965,-18.521289825439453,False,False,True,True
92,902,912,1,14912, tokens,0.9938344789652843,-0.006184606347233057,-19.31494903564453,-19.321134567260742,False,False,True,True
92,903,913,2,1051,0,0.9996314215665895,-0.00036864637513644993,-19.825830459594727,-19.82619857788086,False,False,True,True
92,904,914,3,1051,0,0.9998420726341761,-0.00015793983766343445,-20.581026077270508,-20.58118438720703,False,False,True,False
92,905,915,4,14912, tokens,0.9963923186736126,-0.00361420470289886,-20.694053649902344,-20.697668075561523,False,False,True,True
92,906,916,5,1051,0,0.9999474314675137,-5.2569914259947836e-05,-21.046833038330078,-21.046886444091797,False,False,True,False
92,907,917,6,1051,0,0.9998793747507427,-0.00012063252506777644,-21.094545364379883,-21.09466552734375,False,False,True,False
92,908,918,7,14912, tokens,0.8726228330787004,-0.13625185191631317,-23.444849014282227,-23.581100463867188,False,False,False,False
92,910,919,8,2403,".""",0.7198096822366159,-0.32876843214035034,-23.867916107177734,-24.196683883666992,False,False,False,False
92,909,920,9,1617, The,0.28533563725474603,-1.254089117050171,-23.81065559387207,-25.06474494934082,False,False,False,False
93,911,921,0,2403,".""",0.9649622602613771,-0.03566628694534302,-18.521289825439453,-18.556955337524414,False,False,True,True
93,912,922,1,2403,".""",0.6401164396838922,-0.4461051821708679,-19.321134567260742,-19.767240524291992,False,False,True,False
93,913,923,2,14912, tokens,0.9972809775181359,-0.002722725737839937,-19.82619857788086,-19.828920364379883,False,False,True,True
93,912,924,3,1049,.,0.34262961950137283,-1.0711052417755127,-19.321134567260742,-20.392240524291992,False,False,True,True
93,914,925,4,1051,0,0.9999353927404022,-6.460934673668817e-05,-20.58118438720703,-20.581249237060547,False,False,True,False
93,915,926,5,2403,".""",0.8945252254231862,-0.11146217584609985,-20.697668075561523,-20.80912971496582,False,False,True,True
93,916,927,6,14912, tokens,0.9980745505820112,-0.0019273054786026478,-21.046886444091797,-21.048812866210938,False,False,True,False
93,917,928,7,14912, tokens,0.9974184098690021,-0.0025849281810224056,-21.09466552734375,-21.09724998474121,False,False,True,False
93,911,929,8,1049,.,0.029139337098019684,-3.5356662273406982,-18.521289825439453,-22.056955337524414,False,False,False,False
93,915,930,9,1049,.,0.09428227073029181,-2.361462116241455,-20.697668075561523,-23.05912971496582,False,False,False,False
94,921,931,0,1617, The,0.3633817134499421,-1.0123014450073242,-18.556955337524414,-19.569255828857422,False,False,True,True
94,921,932,1,1376,"

",0.3206832365754569,-1.1373014450073242,-18.556955337524414,-19.694255828857422,False,False,True,False
94,923,933,2,2403,".""",0.932074491730582,-0.0703425407409668,-19.828920364379883,-19.899263381958008,False,False,True,True
94,922,934,3,1376,"

",0.6759794774521273,-0.3915925621986389,-19.767240524291992,-20.158832550048828,False,False,True,False
94,925,935,4,14912, tokens,0.9984501815532649,-0.0015510206576436758,-20.581249237060547,-20.582799911499023,False,False,True,False
94,924,936,5,1617, The,0.5696927314566793,-0.5626581311225891,-20.392240524291992,-20.954898834228516,False,False,True,True
94,928,937,6,2403,".""",0.8099504306631891,-0.2107822299003601,-21.09724998474121,-21.308032989501953,False,False,True,False
94,927,938,7,2403,".""",0.6714120394646909,-0.39837226271629333,-21.048812866210938,-21.447185516357422,False,False,True,False
94,926,939,8,1617, The,0.422274296681284,-0.8621001839637756,-20.80912971496582,-21.67123031616211,False,False,True,True
94,921,940,9,4632, So,0.04077029832103807,-3.199801445007324,-18.556955337524414,-21.756755828857422,False,False,False,False
95,931,941,0,2801, user,0.9671999099347668,-0.03335007280111313,-19.569255828857422,-19.60260581970215,False,False,True,True
95,933,942,1,1376,"

",0.7904713117867254,-0.23512591421604156,-19.899263381958008,-20.134389877319336,False,False,True,True
95,935,943,2,2403,".""",0.9577029218595869,-0.043217651546001434,-20.582799911499023,-20.62601661682129,False,False,True,False
95,936,944,3,2801, user,0.9882032071327819,-0.011866927146911621,-20.954898834228516,-20.966766357421875,False,False,True,True
95,932,945,4,2075,The,0.1701268559242885,-1.7712109088897705,-19.694255828857422,-21.46546745300293,False,False,True,False
95,932,946,5,4823,We,0.15013642339964034,-1.8962109088897705,-19.694255828857422,-21.59046745300293,False,False,True,False
95,938,947,6,1376,"

",0.8009659065373903,-0.221936896443367,-21.447185516357422,-21.66912269592285,False,False,False,False
95,939,948,7,2801, user,0.9701396070964942,-0.03031529299914837,-21.67123031616211,-21.70154571533203,False,False,True,True
95,937,949,8,1376,"

",0.546225495040099,-0.6047233939170837,-21.308032989501953,-21.912755966186523,False,False,False,False
95,934,950,9,2075,The,0.1497897886146062,-1.8985223770141602,-20.158832550048828,-22.057353973388672,False,False,True,False
96,941,951,0,7214, says,0.9692063569830857,-0.03127773106098175,-19.60260581970215,-19.63388442993164,False,False,True,True
96,943,952,1,1376,"

",0.8732270878980832,-0.13555963337421417,-20.62601661682129,-20.76157569885254,False,False,True,False
96,944,953,2,7214, says,0.9885157593844692,-0.011550693772733212,-20.966766357421875,-20.978317260742188,False,False,True,True
96,942,954,3,2075,The,0.27973680172673693,-1.2739061117172241,-20.134389877319336,-21.408296585083008,False,False,True,True
96,948,955,4,7214, says,0.9637856352975743,-0.03688637912273407,-21.70154571533203,-21.738431930541992,False,False,True,True
96,945,956,5,2801, user,0.739419142612801,-0.3018903434276581,-21.46546745300293,-21.767356872558594,False,False,True,False
96,946,957,6,2351, need,0.47272685191838454,-0.7492375373840332,-21.59046745300293,-22.339704513549805,False,False,True,False
96,950,958,7,2801, user,0.7179958236774767,-0.331291526556015,-22.057353973388672,-22.38864517211914,False,False,True,False
96,942,959,8,4823,We,0.07072853144880219,-2.6489062309265137,-20.134389877319336,-22.783296585083008,False,False,False,False
96,942,960,9,26101,Ok,0.051746099020387744,-2.9614062309265137,-20.134389877319336,-23.095796585083008,False,False,False,False
97,951,961,0,1061,:,0.9887086992903372,-0.01135553140193224,-19.63388442993164,-19.645240783691406,False,False,True,True
97,953,962,1,1061,:,0.991003877884136,-0.009036831557750702,-20.978317260742188,-20.987354278564453,False,False,True,True
97,954,963,2,2801, user,0.9493659540929444,-0.051960933953523636,-21.408296585083008,-21.460256576538086,False,False,True,True
97,955,964,3,1061,:,0.9860343093235917,-0.014064128510653973,-21.738431930541992,-21.75249671936035,False,False,True,True
97,952,965,4,2075,The,0.24430688229545608,-1.409330129623413,-20.76157569885254,-22.17090606689453,False,False,True,False
97,957,966,5,1343, to,0.9653358178008714,-0.03527924045920372,-22.339704513549805,-22.374982833862305,False,False,True,False
97,956,967,6,7214, says,0.5189801876067339,-0.6558895707130432,-21.767356872558594,-22.423246383666992,False,False,True,False
97,958,968,7,7214, says,0.40921668917402937,-0.8935104608535767,-22.38864517211914,-23.282155990600586,False,False,True,False
97,952,969,8,83786,Okay,0.07931483212984575,-2.534330129623413,-20.76157569885254,-23.29590606689453,False,False,True,False
97,952,970,9,4823,We,0.07931483212984575,-2.534330129623413,-20.76157569885254,-23.29590606689453,False,False,False,False
98,961,971,0,1243, ,0.9660357323635874,-0.03455445542931557,-19.645240783691406,-19.679794311523438,False,False,True,True
98,962,972,1,1243, ,0.983809369798216,-0.016323130577802658,-20.987354278564453,-21.003677368164062,False,False,True,True
98,963,973,2,7214, says,0.928245350210536,-0.07445919513702393,-21.460256576538086,-21.53471565246582,False,False,True,True
98,964,974,3,1243, ,0.9754882727519464,-0.02481714077293873,-21.75249671936035,-21.777313232421875,False,False,True,True
98,965,975,4,2801, user,0.9496151765926704,-0.05169845372438431,-22.17090606689453,-22.222604751586914,False,False,True,False
98,967,976,5,1061,:,0.9679892063242848,-0.032534342259168625,-22.423246383666992,-22.455780029296875,False,False,True,False
98,966,977,6,11027, produce,0.4779761677331187,-0.7381944060325623,-22.374982833862305,-23.113176345825195,False,False,True,False
98,968,978,7,1061,:,0.959349318987513,-0.041500017046928406,-23.282155990600586,-23.32365608215332,False,False,True,False
98,969,979,8,1049,.,0.4080049506338536,-0.8964759707450867,-23.29590606689453,-24.1923828125,False,False,True,False
98,961,980,9,13088, repeated,0.010081487260820964,-4.597054481506348,-19.645240783691406,-24.242294311523438,False,False,False,False
99,971,981,0,1037,"""",0.9789810902859556,-0.021242951974272728,-19.679794311523438,-19.70103645324707,False,False,True,True
99,972,982,1,1037,"""",0.9770270844609484,-0.02324090525507927,-21.003677368164062,-21.026918411254883,False,False,True,True
99,973,983,2,1061,:,0.9891857802724766,-0.010873118415474892,-21.53471565246582,-21.545589447021484,False,False,True,True
99,974,984,3,1037,"""",0.9777053193910591,-0.022546963766217232,-21.777313232421875,-21.79986000061035,False,False,True,True
99,975,985,4,7214, says,0.9546208993647123,-0.046440981328487396,-22.222604751586914,-22.269044876098633,False,False,True,False
99,976,986,5,1243, ,0.9603328186581505,-0.04047536849975586,-22.455780029296875,-22.49625587463379,False,False,True,False
99,977,987,6,1284, a,0.8108997586063571,-0.20961083471775055,-23.113176345825195,-23.322786331176758,False,False,True,False
99,978,988,7,1243, ,0.9581628009284089,-0.042737577110528946,-23.32365608215332,-23.36639404296875,False,False,True,False
99,971,989,8,2812,...,0.013964413261498356,-4.271243095397949,-19.679794311523438,-23.951038360595703,False,False,True,False
99,979,990,9,1376,"

",0.4687565847992751,-0.7576716542243958,-24.1923828125,-24.950054168701172,False,False,False,False
100,981,991,0,3703,Write,0.9934703126571418,-0.006551099009811878,-19.70103645324707,-19.70758819580078,False,False,True,True
100,982,992,1,3703,Write,0.9915920555498103,-0.008443490602076054,-21.026918411254883,-21.035362243652344,False,False,True,True
100,983,993,2,1243, ,0.9788004934744838,-0.021427443251013756,-21.545589447021484,-21.5670166015625,False,False,True,True
100,984,994,3,3703,Write,0.9935052582488868,-0.0065159243531525135,-21.79986000061035,-21.80637550354004,False,False,True,True
100,985,995,4,1061,:,0.9933249095956338,-0.006697468459606171,-22.269044876098633,-22.275741577148438,False,False,True,False
100,986,996,5,1037,"""",0.9697209589706345,-0.03074692003428936,-22.49625587463379,-22.527002334594727,False,False,True,False
100,988,997,6,1037,"""",0.9812464266841242,-0.01893165148794651,-23.36639404296875,-23.385326385498047,False,False,True,False
100,987,998,7,40580, funny,0.4873145424632186,-0.7188454866409302,-23.322786331176758,-24.0416316986084,False,False,True,False
100,987,999,8,6159, story,0.2955712109277761,-1.2188454866409302,-23.322786331176758,-24.5416316986084,False,False,True,False
100,989,1000,9,1617, The,0.18878057286031447,-1.6671699285507202,-23.951038360595703,-25.618207931518555,False,False,True,False
