step,parent_beam_id,beam_id,beam_rank,token_id,token,token_probability,token_log_probability,previous_log_probability,cumulative_log_probability,is_eos,carried_forward,survived,on_final_path
1,0,1,0,1672, So,0.1740067546890535,-1.7486611604690552,0.0,-1.7486611604690552,False,False,True,False
1,0,2,1,440, The,0.15356042204188722,-1.8736611604690552,0.0,-1.8736611604690552,False,False,True,True
1,0,3,2,6134, Let,0.04985377584752105,-2.9986610412597656,0.0,-2.9986610412597656,False,False,True,False
1,0,4,3,7059, Also,0.038826159669115685,-3.2486610412597656,0.0,-3.2486610412597656,False,False,False,False
1,0,5,4,43972, Provide,0.038826159669115685,-3.2486610412597656,0.0,-3.2486610412597656,False,False,True,False
1,0,6,5,358, I,0.038826159669115685,-3.2486610412597656,0.0,-3.2486610412597656,False,False,False,False
1,0,7,6,40806, Poss,0.02668480327720965,-3.6236610412597656,0.0,-3.6236610412597656,False,False,True,False
1,0,8,7,3584, That,0.020782145688397265,-3.8736610412597656,0.0,-3.8736610412597656,False,False,False,False
1,0,9,8,810, It,0.018340179199072392,-3.9986610412597656,0.0,-3.9986610412597656,False,False,False,False
1,0,10,9,8800, Good,0.018340179199072392,-3.9986610412597656,0.0,-3.9986610412597656,False,False,False,False
2,2,11,0,265, t,0.3553939965624489,-1.0345282554626465,-1.8736611604690552,-2.908189296722412,False,False,True,True
2,1,12,1,278, the,0.21799472030467615,-1.5232844352722168,-1.7486611604690552,-3.2719454765319824,False,False,True,False
2,2,13,2,5141, answer,0.2155573551929315,-1.5345282554626465,-1.8736611604690552,-3.408189296722412,False,False,True,False
2,3,14,3,589,'s,0.6225844857039606,-0.4738759398460388,-2.9986610412597656,-3.472537040710449,False,False,False,False
2,1,15,4,522, we,0.10297341454606156,-2.273284435272217,-1.7486611604690552,-4.021945476531982,False,False,False,False
2,1,16,5,5141, answer,0.08019577588400913,-2.523284435272217,-1.7486611604690552,-4.271945476531982,False,False,True,False
2,1,17,6,836, about,0.08019577588400913,-2.523284435272217,-1.7486611604690552,-4.271945476531982,False,False,True,False
2,7,18,7,13173,ibly,0.5015690147933447,-0.6900140643119812,-3.6236610412597656,-4.3136749267578125,False,False,False,False
2,5,19,8,229, ,0.3291629509474731,-1.111202359199524,-3.2486610412597656,-4.35986328125,False,False,True,False
2,1,20,9,2023, final,0.0624565330574852,-2.773284435272217,-1.7486611604690552,-4.521945476531982,False,False,True,False
3,11,21,0,51647,eddy,0.8910141750753108,-0.1153949424624443,-2.908189296722412,-3.0235841274261475,False,False,True,True
3,12,22,1,5141, answer,0.49754212327113706,-0.6980750560760498,-3.2719454765319824,-3.9700205326080322,False,False,True,False
3,17,23,2,229, ,0.914644988607562,-0.08921927958726883,-4.271945476531982,-4.361164569854736,False,False,True,False
3,19,24,3,1595,100,0.9482724784640043,-0.05311339348554611,-4.35986328125,-4.4129767417907715,False,False,True,False
3,13,25,4,355, is,0.3556796599399125,-1.0337247848510742,-3.408189296722412,-4.441914081573486,False,False,True,False
3,13,26,5,34,:,0.27700359768377486,-1.2837247848510742,-3.408189296722412,-4.691914081573486,False,False,True,False
3,20,27,6,5141, answer,0.8378391341469978,-0.17692916095256805,-4.521945476531982,-4.698874473571777,False,False,True,False
3,12,28,7,265, t,0.235022257613032,-1.4480750560760498,-3.2719454765319824,-4.720020294189453,False,False,True,False
3,16,29,8,34,:,0.42306003863606495,-0.860241174697876,-4.271945476531982,-5.1321868896484375,False,False,False,False
3,12,30,9,2023, final,0.1425482049571848,-1.9480750560760498,-3.2719454765319824,-5.220020294189453,False,False,True,False
4,21,31,0,11154, bear,0.9778253256884337,-0.022424228489398956,-3.0235841274261475,-3.046008348464966,False,False,True,True
4,23,32,1,1595,100,0.9689202214406625,-0.03157300129532814,-4.361164569854736,-4.39273738861084,False,False,True,False
4,24,33,2,40043, tokens,0.9652626136257685,-0.03535507619380951,-4.4129767417907715,-4.448331832885742,False,False,True,False
4,22,34,3,355, is,0.5441325790809678,-0.6085623502731323,-3.9700205326080322,-4.578582763671875,False,False,True,False
4,28,35,4,51647,eddy,0.9433575542061172,-0.058309901505708694,-4.720020294189453,-4.778330326080322,False,False,True,False
4,27,36,5,34,:,0.5667662768063739,-0.5678082704544067,-4.698874473571777,-5.2666826248168945,False,False,False,False
4,30,37,6,5141, answer,0.8071103727750534,-0.21429485082626343,-5.220020294189453,-5.434315204620361,False,False,True,False
4,22,38,7,34,:,0.20017518911548207,-1.6085623502731323,-3.9700205326080322,-5.578582763671875,False,False,False,False
4,26,39,8,440, The,0.3479808617416046,-1.055607795715332,-4.691914081573486,-5.747521877288818,False,False,True,False
4,25,40,9,836, about,0.2269538686602973,-1.4830085039138794,-4.441914081573486,-5.924922466278076,False,False,False,False
5,31,41,0,296, in,0.3108668751990796,-1.1683905124664307,-3.046008348464966,-4.2143988609313965,False,False,True,True
5,31,42,1,355, is,0.3108668751990796,-1.1683905124664307,-3.046008348464966,-4.2143988609313965,False,False,True,True
5,32,43,2,40043, tokens,0.8718366303365596,-0.13715322315692902,-4.39273738861084,-4.529890537261963,False,False,True,False
5,35,44,3,11154, bear,0.9710322762970579,-0.0293955709785223,-4.778330326080322,-4.80772590637207,False,False,True,False
5,33,45,4,22,.,0.6356651574028832,-0.453083336353302,-4.448331832885742,-4.9014153480529785,False,False,True,False
5,37,46,5,355, is,0.49405642723932364,-0.7051055431365967,-5.434315204620361,-6.139420509338379,False,False,False,False
5,34,47,6,267, a,0.2012250056635594,-1.6033315658569336,-4.578582763671875,-6.181914329528809,False,False,True,False
5,34,48,7,278, the,0.2012250056635594,-1.6033315658569336,-4.578582763671875,-6.181914329528809,False,False,False,False
5,34,49,8,836, about,0.2012250056635594,-1.6033315658569336,-4.578582763671875,-6.181914329528809,False,False,False,False
5,39,50,9,265, t,0.5767577391496685,-0.5503329634666443,-5.747521877288818,-6.297854900360107,False,False,True,False
6,41,51,0,836, about,0.7051215898861983,-0.34938502311706543,-4.2143988609313965,-4.563783645629883,False,False,True,True
6,43,52,1,22,.,0.41534715428026864,-0.8786405920982361,-4.529890537261963,-5.408531188964844,False,False,True,False
6,45,53,2,43972, Provide,0.5982296705697865,-0.5137805342674255,-4.9014153480529785,-5.415195941925049,False,False,True,False
6,42,54,3,836, about,0.22246078686325732,-1.5030044317245483,-4.2143988609313965,-5.717403411865234,False,False,True,True
6,44,55,4,296, in,0.3241044514737797,-1.1266894340515137,-4.80772590637207,-5.934415340423584,False,False,True,False
6,44,56,5,355, is,0.3241044514737797,-1.1266894340515137,-4.80772590637207,-5.934415340423584,False,False,True,False
6,42,57,6,296, in,0.1732526350117857,-1.7530044317245483,-4.2143988609313965,-5.967403411865234,False,False,True,True
6,42,58,7,267, a,0.1732526350117857,-1.7530044317245483,-4.2143988609313965,-5.967403411865234,False,False,True,False
6,47,59,8,265, t,0.9413628868035453,-0.06042657420039177,-6.181914329528809,-6.242341041564941,False,False,True,False
6,50,60,9,51647,eddy,0.9842902789433391,-0.015834426507353783,-6.297854900360107,-6.313689231872559,False,False,True,False
7,51,61,0,229, ,0.9609875129617648,-0.03979386389255524,-4.563783645629883,-4.603577613830566,False,False,True,True
7,53,62,1,229, ,0.820533360283837,-0.19780071079730988,-5.415195941925049,-5.612996578216553,False,False,True,False
7,52,63,2,1672, So,0.7475690731636659,-0.29092857241630554,-5.408531188964844,-5.699459552764893,False,False,True,False
7,54,64,3,229, ,0.8671491134428817,-0.14254432916641235,-5.717403411865234,-5.859947681427002,False,False,True,True
7,55,65,4,836, about,0.7704652969083794,-0.26076066493988037,-5.934415340423584,-6.195176124572754,False,False,True,False
7,59,66,5,51647,eddy,0.9954382615026384,-0.0045721749775111675,-6.242341041564941,-6.246913433074951,False,False,True,False
7,57,67,6,836, about,0.752357997647162,-0.2845430076122284,-5.967403411865234,-6.251946449279785,False,False,True,True
7,60,68,7,11154, bear,0.9806831809700585,-0.019505826756358147,-6.313689231872559,-6.333195209503174,False,False,True,False
7,56,69,8,296, in,0.30296469338207405,-1.194139003753662,-5.934415340423584,-7.128554344177246,False,False,True,False
7,58,70,9,265, t,0.25007424765598696,-1.3859974145889282,-5.967403411865234,-7.353400707244873,False,False,True,False
8,61,71,0,1595,100,0.9943523507114898,-0.005663657560944557,-4.603577613830566,-4.609241485595703,False,False,True,True
8,62,72,1,1595,100,0.9863683381373787,-0.01372542604804039,-5.612996578216553,-5.6267218589782715,False,False,True,False
8,64,73,2,1595,100,0.9749567704002134,-0.025362147018313408,-5.859947681427002,-5.88530969619751,False,False,True,True
8,65,74,3,229, ,0.9824543654661745,-0.01770138368010521,-6.195176124572754,-6.21287727355957,False,False,True,False
8,66,75,4,11154, bear,0.9942624262093345,-0.005754096899181604,-6.246913433074951,-6.252667427062988,False,False,True,False
8,67,76,5,229, ,0.9776056200814676,-0.022648941725492477,-6.251946449279785,-6.274595260620117,False,False,True,True
8,63,77,6,836, about,0.4704392709149429,-0.7540884017944336,-5.699459552764893,-6.453547954559326,False,False,True,False
8,68,78,7,355, is,0.4307846897373303,-0.8421468734741211,-6.333195209503174,-7.175342082977295,False,False,False,False
8,69,79,8,836, about,0.8224416517533568,-0.19547773897647858,-7.128554344177246,-7.324032306671143,False,False,True,False
8,70,80,9,51647,eddy,0.9385786842394951,-0.06338858604431152,-7.353400707244873,-7.4167890548706055,False,False,True,False
9,71,81,0,40043, tokens,0.9421543647127292,-0.05958614870905876,-4.609241485595703,-4.668827533721924,False,False,True,True
9,72,82,1,40043, tokens,0.9232953245118842,-0.0798061341047287,-5.6267218589782715,-5.706528186798096,False,False,True,False
9,73,83,2,40043, tokens,0.9511830603843623,-0.050048742443323135,-5.88530969619751,-5.93535852432251,False,False,True,True
9,74,84,3,1595,100,0.9981194403071354,-0.001882330165244639,-6.21287727355957,-6.214759826660156,False,False,True,False
9,76,85,4,1595,100,0.9873644635377039,-0.01271604374051094,-6.274595260620117,-6.28731107711792,False,False,True,True
9,77,86,5,229, ,0.9703047869321961,-0.03014504350721836,-6.453547954559326,-6.4836931228637695,False,False,True,False
9,75,87,6,296, in,0.5724261654488236,-0.5578715205192566,-6.252667427062988,-6.8105387687683105,False,False,True,False
9,79,88,7,229, ,0.9685238701449336,-0.03198214992880821,-7.324032306671143,-7.356014251708984,False,False,False,False
9,80,89,8,11154, bear,0.928148704606117,-0.07456331700086594,-7.4167890548706055,-7.491352558135986,False,False,False,False
9,75,90,9,22,.,0.21058380530545154,-1.5578715801239014,-6.252667427062988,-7.810539245605469,False,False,False,False
10,82,91,0,22,.,0.8637778540415251,-0.14643965661525726,-5.706528186798096,-5.852967739105225,False,False,True,False
10,81,92,1,22,.,0.2284762509695259,-1.4763230085372925,-4.668827533721924,-6.145150661468506,False,False,True,True
10,81,93,2,34,:,0.2284762509695259,-1.4763230085372925,-4.668827533721924,-6.145150661468506,False,False,True,True
10,84,94,3,40043, tokens,0.9711794333042644,-0.029244035482406616,-6.214759826660156,-6.244003772735596,False,False,True,False
10,85,95,4,40043, tokens,0.9522910421924169,-0.04888457432389259,-6.28731107711792,-6.336195468902588,False,False,True,True
10,81,96,5,355, is,0.1779374831682856,-1.7263230085372925,-4.668827533721924,-6.395150661468506,False,False,True,False
10,86,97,6,1595,100,0.9907398282514228,-0.009303313679993153,-6.4836931228637695,-6.4929962158203125,False,False,True,False
10,83,98,7,22,.,0.5721200951999815,-0.5584063529968262,-5.93535852432251,-6.493764877319336,False,False,True,True
10,81,99,8,836, about,0.107924526188059,-2.226323127746582,-4.668827533721924,-6.895150661468506,False,False,True,False
10,87,100,9,836, about,0.8705396534006655,-0.13864196836948395,-6.8105387687683105,-6.949180603027344,False,False,True,False
11,91,101,0,43972, Provide,0.6462459534746576,-0.43657511472702026,-5.852967739105225,-6.2895426750183105,False,False,True,False
11,92,102,1,440, The,0.7721647695731988,-0.2585573196411133,-6.145150661468506,-6.403707981109619,False,False,True,True
11,97,103,2,40043, tokens,0.9319958972372755,-0.07042686641216278,-6.4929962158203125,-6.563423156738281,False,False,True,False
11,95,104,3,22,.,0.664889847964509,-0.4081338942050934,-6.336195468902588,-6.744329452514648,False,False,True,True
11,98,105,4,440, The,0.756181575972495,-0.27947375178337097,-6.493764877319336,-6.773238658905029,False,False,True,True
11,100,106,5,229, ,0.9901289366058088,-0.009920105338096619,-6.949180603027344,-6.959100723266602,False,False,True,False
11,93,107,6,440, The,0.41851075837250107,-0.8710526823997498,-6.145150661468506,-7.0162034034729,False,False,True,True
11,94,108,7,22,.,0.3978866699005235,-0.9215880632400513,-6.244003772735596,-7.165591716766357,False,False,True,False
11,96,109,8,836, about,0.4481757312701823,-0.8025698661804199,-6.395150661468506,-7.197720527648926,False,False,True,False
11,99,110,9,229, ,0.5852515328785463,-0.5357135534286499,-6.895150661468506,-7.430864334106445,False,False,True,False
12,101,111,0,229, ,0.803256460625165,-0.21908123791217804,-6.2895426750183105,-6.508624076843262,False,False,True,False
12,102,112,1,265, t,0.8930355532513355,-0.11312888562679291,-6.403707981109619,-6.516836643218994,False,False,True,True
12,103,113,2,22,.,0.9197677093501966,-0.08363413065671921,-6.563423156738281,-6.647057056427002,False,False,True,False
12,106,114,3,1595,100,0.9989975021846075,-0.0010030006524175406,-6.959100723266602,-6.960103511810303,False,False,True,False
12,105,115,4,265, t,0.8192959294237705,-0.19930993020534515,-6.773238658905029,-6.972548484802246,False,False,True,True
12,104,116,5,440, The,0.7810374707980086,-0.24713215231895447,-6.744329452514648,-6.991461753845215,False,False,True,True
12,107,117,6,265, t,0.9535517104561992,-0.04756162315607071,-7.0162034034729,-7.063765048980713,False,False,True,True
12,109,118,7,229, ,0.8260160054919131,-0.19114112854003906,-7.197720527648926,-7.388861656188965,False,False,True,False
12,110,119,8,1595,100,0.9418119618665015,-0.059949640184640884,-7.430864334106445,-7.490814208984375,False,False,True,False
12,108,120,9,1672, So,0.704043395798451,-0.3509152829647064,-7.165591716766357,-7.516507148742676,False,False,True,False
13,111,121,0,1595,100,0.9910571488910475,-0.00898307841271162,-6.508624076843262,-6.51760721206665,False,False,True,False
13,112,122,1,51647,eddy,0.9958428827067247,-0.004165782127529383,-6.516836643218994,-6.521002292633057,False,False,True,True
13,113,123,2,1672, So,0.8782079440634938,-0.12987187504768372,-6.647057056427002,-6.776928901672363,False,False,True,False
13,115,124,3,51647,eddy,0.9956829566320486,-0.004326388705521822,-6.972548484802246,-6.976874828338623,False,False,True,True
13,114,125,4,40043, tokens,0.9797302348569475,-0.020478015765547752,-6.960103511810303,-6.980581760406494,False,False,True,False
13,117,126,5,51647,eddy,0.9970456876679558,-0.002958684926852584,-7.063765048980713,-7.066723823547363,False,False,True,True
13,116,127,6,265, t,0.8735040552736406,-0.1352425068616867,-6.991461753845215,-7.126704216003418,False,False,True,True
13,118,128,7,1595,100,0.976701399312329,-0.023574303835630417,-7.388861656188965,-7.412436008453369,False,False,True,False
13,119,129,8,40043, tokens,0.8609572719220109,-0.14971040189266205,-7.490814208984375,-7.640524387359619,False,False,True,False
13,120,130,9,278, the,0.8032550003531044,-0.2190830558538437,-7.516507148742676,-7.735589981079102,False,False,True,False
14,122,131,0,11154, bear,0.9922498225930739,-0.007780366111546755,-6.521002292633057,-6.528782844543457,False,False,True,True
14,121,132,1,40043, tokens,0.9792856630390376,-0.02093188837170601,-6.51760721206665,-6.538538932800293,False,False,True,False
14,124,133,2,11154, bear,0.9946074794707735,-0.005407112650573254,-6.976874828338623,-6.9822821617126465,False,False,True,True
14,126,134,3,11154, bear,0.9946883839853149,-0.005325772799551487,-7.066723823547363,-7.072049617767334,False,False,True,True
14,127,135,4,51647,eddy,0.9977257830994529,-0.0022768068592995405,-7.126704216003418,-7.128981113433838,False,False,True,True
14,123,136,5,836, about,0.6711921695511548,-0.3986997902393341,-6.776928901672363,-7.175628662109375,False,False,True,False
14,125,137,6,22,.,0.6976757754891638,-0.3600007891654968,-6.980581760406494,-7.340582370758057,False,False,True,False
14,128,138,7,40043, tokens,0.9213769201803158,-0.08188607543706894,-7.412436008453369,-7.494322299957275,False,False,True,False
14,129,139,8,836, about,0.5812001683976685,-0.5426600575447083,-7.640524387359619,-8.183184623718262,False,False,True,False
14,130,140,9,265, t,0.5543241273951445,-0.5900056958198547,-7.735589981079102,-8.32559585571289,False,False,True,False
15,132,141,0,22,.,0.8812245235371664,-0.1264428347349167,-6.538538932800293,-6.664981842041016,False,False,True,False
15,131,142,1,296, in,0.7574668340066165,-0.27777552604675293,-6.528782844543457,-6.806558609008789,False,False,True,True
15,135,143,2,11154, bear,0.9933718431775201,-0.006650220602750778,-7.128981113433838,-7.135631561279297,False,False,True,True
15,133,144,3,355, is,0.8203874818836516,-0.19797851145267487,-6.9822821617126465,-7.18026065826416,False,False,True,True
15,136,145,4,229, ,0.9803183908122433,-0.019877871498465538,-7.175628662109375,-7.195506572723389,False,False,True,False
15,134,146,5,296, in,0.7479558303306705,-0.2904113531112671,-7.072049617767334,-7.362461090087891,False,False,True,True
15,137,147,6,1672, So,0.76094089775389,-0.27319958806037903,-7.340582370758057,-7.613781929016113,False,False,True,False
15,138,148,7,22,.,0.48319431066939494,-0.7273364067077637,-7.494322299957275,-8.221658706665039,False,False,True,False
15,140,149,8,51647,eddy,0.9863174245444047,-0.013777044601738453,-8.32559585571289,-8.339372634887695,False,False,True,False
15,139,150,9,229, ,0.8160440473985,-0.20328694581985474,-8.183184623718262,-8.38647174835205,False,False,True,False
16,142,151,0,836, about,0.9260754331068078,-0.07679958641529083,-6.806558609008789,-6.883358001708984,False,False,True,True
16,141,152,1,43972, Provide,0.6943567102766485,-0.36476945877075195,-6.664981842041016,-7.029751300811768,False,False,True,False
16,145,153,2,1595,100,0.9970792261329242,-0.0029250476509332657,-7.195506572723389,-7.198431491851807,False,False,True,False
16,143,154,3,355, is,0.8695472089832469,-0.13978265225887299,-7.135631561279297,-7.275413990020752,False,False,True,True
16,144,155,4,836, about,0.8391963910971113,-0.17531052231788635,-7.18026065826416,-7.355571269989014,False,False,True,True
16,146,156,5,836, about,0.93512509989871,-0.0670749619603157,-7.362461090087891,-7.429535865783691,False,False,True,True
16,147,157,6,278, the,0.8291293110911686,-0.1873791515827179,-7.613781929016113,-7.801161289215088,False,False,True,False
16,149,158,7,11154, bear,0.9914556383749524,-0.008581073954701424,-8.339372634887695,-8.347953796386719,False,False,True,False
16,150,159,8,1595,100,0.9871313894233135,-0.012952128425240517,-8.38647174835205,-8.399423599243164,False,False,True,False
16,148,160,9,440, The,0.7853321653710069,-0.24164851009845734,-8.221658706665039,-8.46330738067627,False,False,True,False
17,151,161,0,229, ,0.9739027375800688,-0.026443839073181152,-6.883358001708984,-6.909801959991455,False,False,True,True
17,152,162,1,229, ,0.8608454080157173,-0.1498403400182724,-7.029751300811768,-7.179591655731201,False,False,True,False
17,153,163,2,40043, tokens,0.9545256360055873,-0.04654077813029289,-7.198431491851807,-7.244972229003906,False,False,True,False
17,156,164,3,229, ,0.9781294076919098,-0.022113298997282982,-7.429535865783691,-7.451649188995361,False,False,True,True
17,155,165,4,229, ,0.8867078234288306,-0.1202397495508194,-7.355571269989014,-7.475811004638672,False,False,True,True
17,154,166,5,296, in,0.5125415666817255,-0.6683734655380249,-7.275413990020752,-7.943787574768066,False,False,True,True
17,157,167,6,5141, answer,0.8498841361182431,-0.16265524923801422,-7.801161289215088,-7.9638166427612305,False,False,True,False
17,159,168,7,40043, tokens,0.9421545753006636,-0.059585925191640854,-8.399423599243164,-8.459009170532227,False,False,True,False
17,160,169,8,265, t,0.9218774308369393,-0.08134300261735916,-8.46330738067627,-8.544650077819824,False,False,True,False
17,158,170,9,296, in,0.7889303399452872,-0.2370772510766983,-8.347953796386719,-8.585031509399414,False,False,True,False
18,161,171,0,1595,100,0.9981408178841887,-0.0018609125399962068,-6.909801959991455,-6.911663055419922,False,False,True,True
18,162,172,1,1595,100,0.9924415225935312,-0.007587187457829714,-7.179591655731201,-7.187178611755371,False,False,True,False
18,163,173,2,22,.,0.9430861537236275,-0.058597639203071594,-7.244972229003906,-7.303569793701172,False,False,True,False
18,164,174,3,1595,100,0.9988515469204073,-0.0011491130571812391,-7.451649188995361,-7.452798366546631,False,False,True,True
18,165,175,4,1595,100,0.9809846836214186,-0.019198432564735413,-7.475811004638672,-7.495009422302246,False,False,True,True
18,166,176,5,836, about,0.8961023901432047,-0.10970059782266617,-7.943787574768066,-8.053487777709961,False,False,True,True
18,167,177,6,355, is,0.9119055267753947,-0.09221888333559036,-7.9638166427612305,-8.056035995483398,False,False,True,False
18,169,178,7,51647,eddy,0.9973965888883499,-0.002606805879622698,-8.544650077819824,-8.547256469726562,False,False,True,False
18,170,179,8,836, about,0.9099598775227224,-0.0943547710776329,-8.585031509399414,-8.679386138916016,False,False,True,False
18,168,180,9,836, about,0.6230161750111589,-0.4731827974319458,-8.459009170532227,-8.932191848754883,False,False,True,False
19,171,181,0,40043, tokens,0.9861700494456899,-0.013926475308835506,-6.911663055419922,-6.925589561462402,False,False,True,True
19,172,182,1,40043, tokens,0.980790733582331,-0.019396161660552025,-7.187178611755371,-7.2065749168396,False,False,True,False
19,173,183,2,1672, So,0.9383576769064366,-0.06362408399581909,-7.303569793701172,-7.367193698883057,False,False,True,False
19,174,184,3,40043, tokens,0.9944124660425802,-0.005603202618658543,-7.452798366546631,-7.458401679992676,False,False,True,True
19,175,185,4,40043, tokens,0.9767524614841407,-0.02352202497422695,-7.495009422302246,-7.518531322479248,False,False,True,True
19,176,186,5,229, ,0.9873236738482666,-0.012757356278598309,-8.053487777709961,-8.066245079040527,False,False,True,True
19,177,187,6,267, a,0.7998106016949456,-0.22338032722473145,-8.056035995483398,-8.27941608428955,False,False,True,False
19,178,188,7,11154, bear,0.9944989980108462,-0.005516188219189644,-8.547256469726562,-8.552772521972656,False,False,True,False
19,179,189,8,229, ,0.9950152023496903,-0.0049972631968557835,-8.679386138916016,-8.684383392333984,False,False,True,False
19,180,190,9,229, ,0.9031674023830247,-0.10184735804796219,-8.932191848754883,-9.034039497375488,False,False,True,False
20,181,191,0,22,.,0.90800118915015,-0.09650959074497223,-6.925589561462402,-7.022099018096924,False,False,True,True
20,182,192,1,22,.,0.9096717439720755,-0.09467146545648575,-7.2065749168396,-7.301246166229248,False,False,True,False
20,185,193,2,22,.,0.9135191613648886,-0.09045092761516571,-7.518531322479248,-7.608982086181641,False,False,True,True
20,183,194,3,836, about,0.7453849778949246,-0.2938544452190399,-7.367193698883057,-7.66104793548584,False,False,True,False
20,184,195,4,34,:,0.7318734176024047,-0.31214770674705505,-7.458401679992676,-7.770549297332764,False,False,True,True
20,186,196,5,1595,100,0.9896619209075078,-0.010391888208687305,-8.066245079040527,-8.076637268066406,False,False,True,True
20,187,197,6,265, t,0.9942716184457827,-0.0057448516599833965,-8.27941608428955,-8.285161018371582,False,False,True,False
20,189,198,7,1595,100,0.9998541091101509,-0.00014590153296012431,-8.684383392333984,-8.684529304504395,False,False,True,False
20,188,199,8,296, in,0.7038779292001915,-0.3511503338813782,-8.552772521972656,-8.903923034667969,False,False,True,False
20,190,200,9,1595,100,0.9953776674644774,-0.004633048549294472,-9.034039497375488,-9.03867244720459,False,False,True,False
21,191,201,0,440, The,0.814509015666938,-0.20516978204250336,-7.022099018096924,-7.227268695831299,False,False,True,True
21,192,202,1,43972, Provide,0.69374581903203,-0.36564964056015015,-7.301246166229248,-7.666895866394043,False,False,True,False
21,194,203,2,229, ,0.9819312229733047,-0.0182340107858181,-7.66104793548584,-7.679281711578369,False,False,True,False
21,193,204,3,440, The,0.8014130926841834,-0.22137874364852905,-7.608982086181641,-7.8303608894348145,False,False,True,True
21,195,205,4,440, The,0.7757968946553971,-0.2538645267486572,-7.770549297332764,-8.0244140625,False,False,True,True
21,196,206,5,40043, tokens,0.9869412712202158,-0.013144743628799915,-8.076637268066406,-8.089781761169434,False,False,True,True
21,197,207,6,51647,eddy,0.9984951050277082,-0.001506028464064002,-8.285161018371582,-8.286666870117188,False,False,True,False
21,198,208,7,40043, tokens,0.9871596171730888,-0.012923533096909523,-8.684529304504395,-8.697452545166016,False,False,True,False
21,199,209,8,836, about,0.9085405915327504,-0.09591571241617203,-8.903923034667969,-8.999838829040527,False,False,True,False
21,200,210,9,40043, tokens,0.9625354395394722,-0.03818439319729805,-9.03867244720459,-9.07685661315918,False,False,True,False
22,201,211,0,265, t,0.9711572846180144,-0.0292668417096138,-7.227268695831299,-7.256535530090332,False,False,True,True
22,203,212,1,1595,100,0.9976805727474561,-0.0023221212904900312,-7.679281711578369,-7.681603908538818,False,False,True,False
22,202,213,2,229, ,0.8966041681338836,-0.1091407984495163,-7.666895866394043,-7.776036739349365,False,False,True,False
22,204,214,3,265, t,0.9605200806560191,-0.04028039053082466,-7.8303608894348145,-7.870641231536865,False,False,True,True
22,205,215,4,265, t,0.9806425969719743,-0.01954721100628376,-8.0244140625,-8.043961524963379,False,False,True,True
22,206,216,5,22,.,0.9302861614802499,-0.07226303964853287,-8.089781761169434,-8.162044525146484,False,False,True,True
22,207,217,6,11154, bear,0.999302397379174,-0.000697846058756113,-8.286666870117188,-8.287364959716797,False,False,True,False
22,208,218,7,22,.,0.9120273757635274,-0.09208527207374573,-8.697452545166016,-8.78953742980957,False,False,True,False
22,209,219,8,229, ,0.9842617537425973,-0.015863407403230667,-8.999838829040527,-9.015702247619629,False,False,True,False
22,210,220,9,836, about,0.5086003772415595,-0.6760926842689514,-9.07685661315918,-9.752949714660645,False,False,True,False
23,211,221,0,51647,eddy,0.999317397030244,-0.0006828360492363572,-7.256535530090332,-7.257218360900879,False,False,True,True
23,212,222,1,40043, tokens,0.920185304317532,-0.08318021148443222,-7.681603908538818,-7.764784336090088,False,False,True,False
23,213,223,2,1595,100,0.9930918352322441,-0.006932136602699757,-7.776036739349365,-7.782968997955322,False,False,True,False
23,214,224,3,51647,eddy,0.9995794873330658,-0.00042060110718011856,-7.870641231536865,-7.8710618019104,False,False,True,True
23,215,225,4,51647,eddy,0.9992369280245075,-0.000763363263104111,-8.043961524963379,-8.044724464416504,False,False,True,True
23,216,226,5,440, The,0.8133328795868986,-0.20661480724811554,-8.162044525146484,-8.368659019470215,False,False,True,True
23,217,227,6,296, in,0.752482853788991,-0.2843770682811737,-8.287364959716797,-8.571742057800293,False,False,True,False
23,218,228,7,1672, So,0.8512786515478722,-0.16101576387882233,-8.78953742980957,-8.950552940368652,False,False,True,False
23,219,229,8,1595,100,0.9987545048515799,-0.0012462714221328497,-9.015702247619629,-9.016948699951172,False,False,True,False
23,220,230,9,229, ,0.9220306390833821,-0.08117682486772537,-9.752949714660645,-9.834126472473145,False,False,True,False
24,221,231,0,11154, bear,0.9975486436567372,-0.002454365836456418,-7.257218360900879,-7.25967264175415,False,False,True,True
24,223,232,1,40043, tokens,0.9879753223369437,-0.012097558937966824,-7.782968997955322,-7.7950663566589355,False,False,True,False
24,222,233,2,22,.,0.9570512710134161,-0.043898314237594604,-7.764784336090088,-7.808682441711426,False,False,True,False
24,224,234,3,11154, bear,0.9963440340025579,-0.0036626653745770454,-7.8710618019104,-7.874724388122559,False,False,True,True
24,225,235,4,11154, bear,0.9970698635432648,-0.0029344377107918262,-8.044724464416504,-8.047658920288086,False,False,True,True
24,226,236,5,265, t,0.9740370815945949,-0.026305904611945152,-8.368659019470215,-8.394965171813965,False,False,True,True
24,227,237,6,836, about,0.893957170791932,-0.11209741234779358,-8.571742057800293,-8.683839797973633,False,False,True,False
24,229,238,7,40043, tokens,0.9971482060331751,-0.0028558680787682533,-9.016948699951172,-9.019804954528809,False,False,True,False
24,228,239,8,278, the,0.8003263690549116,-0.2227356731891632,-8.950552940368652,-9.173288345336914,False,False,True,False
24,230,240,9,1595,100,0.9916354264561776,-0.008399752900004387,-9.834126472473145,-9.84252643585205,False,False,True,False
25,231,241,0,296, in,0.8237302793240936,-0.19391213357448578,-7.25967264175415,-7.453584671020508,False,False,True,True
25,233,242,1,1672, So,0.9492920371610188,-0.05203879624605179,-7.808682441711426,-7.860721111297607,False,False,True,False
25,232,243,2,22,.,0.9200260483441818,-0.08335329592227936,-7.7950663566589355,-7.878419876098633,False,False,True,False
25,234,244,3,355, is,0.8901176954181326,-0.11640158295631409,-7.874724388122559,-7.99112606048584,False,False,True,True
25,235,245,4,296, in,0.8344508937507531,-0.18098138272762299,-8.047658920288086,-8.22864055633545,False,False,True,True
25,236,246,5,51647,eddy,0.9994216927396868,-0.000578474544454366,-8.394965171813965,-8.395544052124023,False,False,True,True
25,237,247,6,229, ,0.9971649189223214,-0.002839107532054186,-8.683839797973633,-8.686678886413574,False,False,True,False
25,238,248,7,355, is,0.9446451931139107,-0.05694587901234627,-9.019804954528809,-9.076750755310059,False,False,True,False
25,239,249,8,265, t,0.7751761251980462,-0.2546650171279907,-9.173288345336914,-9.427953720092773,False,False,True,False
25,240,250,9,40043, tokens,0.9754491392386244,-0.024857258424162865,-9.84252643585205,-9.86738395690918,False,False,True,False
26,241,251,0,836, about,0.9630125737859742,-0.037688810378313065,-7.453584671020508,-7.491273403167725,False,False,True,True
26,244,252,1,836, about,0.9541738566814646,-0.0469093844294548,-7.99112606048584,-8.03803539276123,False,False,True,True
26,242,253,2,836, about,0.7788448138226409,-0.24994346499443054,-7.860721111297607,-8.110664367675781,False,False,True,False
26,245,254,3,836, about,0.9617360440814918,-0.03901524841785431,-8.22864055633545,-8.267655372619629,False,False,True,True
26,243,255,4,43972, Provide,0.5965393413550942,-0.5166100859642029,-7.878419876098633,-8.39503002166748,False,False,True,False
26,246,256,5,11154, bear,0.99610670208816,-0.0039008965250104666,-8.395544052124023,-8.399444580078125,False,False,True,True
26,247,257,6,1595,100,0.9999631656845929,-3.683499380713329e-05,-8.686678886413574,-8.686716079711914,False,False,True,False
26,248,258,7,836, about,0.9275400237209036,-0.07521933317184448,-9.076750755310059,-9.151969909667969,False,False,True,False
26,249,259,8,51647,eddy,0.9978303401177141,-0.002172017004340887,-9.427953720092773,-9.430126190185547,False,False,True,False
26,250,260,9,836, about,0.6286946085422503,-0.4641096591949463,-9.86738395690918,-10.331493377685547,False,False,True,False
27,251,261,0,229, ,0.9908939567019346,-0.009147756733000278,-7.491273403167725,-7.500421047210693,False,False,True,True
27,252,262,1,229, ,0.9697995465013605,-0.03066588193178177,-8.03803539276123,-8.06870174407959,False,False,True,True
27,253,263,2,229, ,0.9780924564519031,-0.022151077166199684,-8.110664367675781,-8.13281536102295,False,False,True,False
27,254,264,3,229, ,0.9932536350550822,-0.006769224535673857,-8.267655372619629,-8.27442455291748,False,False,True,True
27,256,265,4,355, is,0.9217755213392739,-0.08145355433225632,-8.399444580078125,-8.480897903442383,False,False,True,True
27,255,266,5,229, ,0.90348860681114,-0.101491779088974,-8.39503002166748,-8.496521949768066,False,False,True,False
27,257,267,6,40043, tokens,0.9981382050394908,-0.0018635302549228072,-8.686716079711914,-8.688579559326172,False,False,True,False
27,258,268,7,229, ,0.960393727842672,-0.040411945432424545,-9.151969909667969,-9.192381858825684,False,False,True,False
27,259,269,8,11154, bear,0.9963859278152718,-0.0036206187214702368,-9.430126190185547,-9.433746337890625,False,False,True,False
27,260,270,9,229, ,0.9605356996964507,-0.040264129638671875,-10.331493377685547,-10.371757507324219,False,False,True,False
28,261,271,0,1595,100,0.9984794170344221,-0.0015217402251437306,-7.500421047210693,-7.5019426345825195,False,False,True,True
28,262,272,1,1595,100,0.9939475256133469,-0.006070864852517843,-8.06870174407959,-8.074772834777832,False,False,True,True
28,263,273,2,1595,100,0.9984977198528338,-0.0015034097013995051,-8.13281536102295,-8.134318351745605,False,False,True,False
28,264,274,3,1595,100,0.9987045640415347,-0.0012962757609784603,-8.27442455291748,-8.275720596313477,False,False,True,True
28,266,275,4,1595,100,0.9931894259739373,-0.006833871826529503,-8.496521949768066,-8.503355979919434,False,False,True,False
28,265,276,5,296, in,0.840411693375642,-0.17386339604854584,-8.480897903442383,-8.65476131439209,False,False,True,True
28,267,277,6,22,.,0.9438780924607052,-0.057758260518312454,-8.688579559326172,-8.746337890625,False,False,True,False
28,268,278,7,1595,100,0.9928871913674425,-0.007138225249946117,-9.192381858825684,-9.199520111083984,False,False,True,False
28,269,279,8,296, in,0.8659216237632636,-0.1439608782529831,-9.433746337890625,-9.577707290649414,False,False,True,False
28,270,280,9,1595,100,0.9945815359875747,-0.005433197133243084,-10.371757507324219,-10.377190589904785,False,False,True,False
29,271,281,0,40043, tokens,0.9928564021670264,-0.007169235497713089,-7.5019426345825195,-7.5091118812561035,False,False,True,True
29,272,282,1,40043, tokens,0.9741578878390657,-0.026181885972619057,-8.074772834777832,-8.10095500946045,False,False,True,True
29,273,283,2,40043, tokens,0.9366815480364376,-0.06541191786527634,-8.134318351745605,-8.199729919433594,False,False,True,False
29,274,284,3,40043, tokens,0.9952495345202788,-0.004761784803122282,-8.275720596313477,-8.280482292175293,False,False,True,True
29,275,285,4,40043, tokens,0.989354127430081,-0.010702945291996002,-8.503355979919434,-8.514059066772461,False,False,True,False
29,276,286,5,836, about,0.9757238246870805,-0.024575699120759964,-8.65476131439209,-8.679336547851562,False,False,True,True
29,277,287,6,1672, So,0.9002835476621792,-0.10504551231861115,-8.746337890625,-8.851383209228516,False,False,True,False
29,278,288,7,40043, tokens,0.9889549941976811,-0.011106454767286777,-9.199520111083984,-9.210626602172852,False,False,True,False
29,279,289,8,836, about,0.9618529346884579,-0.03889371454715729,-9.577707290649414,-9.61660099029541,False,False,True,False
29,280,290,9,40043, tokens,0.9814360812929995,-0.018738390877842903,-10.377190589904785,-10.395929336547852,False,False,True,False
30,281,291,0,22,.,0.932085471043617,-0.07033076137304306,-7.5091118812561035,-7.579442501068115,False,False,True,True
30,282,292,1,22,.,0.9487637947130513,-0.052595410495996475,-8.10095500946045,-8.153550148010254,False,False,True,True
30,283,293,2,22,.,0.9485693967597159,-0.05280032753944397,-8.199729919433594,-8.252530097961426,False,False,True,False
30,284,294,3,34,:,0.8125847292492832,-0.20753508806228638,-8.280482292175293,-8.488017082214355,False,False,True,True
30,285,295,4,22,.,0.9125634382388094,-0.09149767458438873,-8.514059066772461,-8.60555648803711,False,False,True,False
30,286,296,5,229, ,0.9934037229573283,-0.006618128623813391,-8.679336547851562,-8.685955047607422,False,False,True,True
30,287,297,6,278, the,0.8159500681403721,-0.20340211689472198,-8.851383209228516,-9.05478572845459,False,False,True,False
30,288,298,7,22,.,0.9297887472561546,-0.07279787212610245,-9.210626602172852,-9.283424377441406,False,False,True,False
30,289,299,8,229, ,0.9976207731804811,-0.0023820616770535707,-9.61660099029541,-9.618983268737793,False,False,True,False
30,290,300,9,836, about,0.6959976081407521,-0.3624090552330017,-10.395929336547852,-10.75833797454834,False,False,False,False
31,291,301,0,440, The,0.8031483238877726,-0.21921586990356445,-7.579442501068115,-7.79865837097168,False,False,True,True
31,293,302,1,1672, So,0.9692428660002028,-0.031240062788128853,-8.252530097961426,-8.283770561218262,False,False,True,False
31,292,303,2,440, The,0.7305915220674927,-0.31390076875686646,-8.153550148010254,-8.467451095581055,False,False,True,True
31,294,304,3,440, The,0.8877036760854218,-0.11911728978157043,-8.488017082214355,-8.607134819030762,False,False,True,True
31,296,305,4,1595,100,0.9967072310297506,-0.0032982020638883114,-8.685955047607422,-8.689252853393555,False,False,True,True
31,297,306,5,5141, answer,0.9232667698665056,-0.07983706146478653,-9.05478572845459,-9.134622573852539,False,False,True,False
31,295,307,6,43972, Provide,0.5829435152148359,-0.5396649837493896,-8.60555648803711,-9.145221710205078,False,False,True,False
31,298,308,7,440, The,0.7747015003543437,-0.25527748465538025,-9.283424377441406,-9.538702011108398,False,False,True,False
31,299,309,8,1595,100,0.9999243078326592,-7.56950321374461e-05,-9.618983268737793,-9.619058609008789,False,False,True,False
31,292,310,9,1672, So,0.09887481646267023,-2.3139007091522217,-8.153550148010254,-10.467451095581055,False,False,True,False
32,301,311,0,265, t,0.9741834546270031,-0.026155641302466393,-7.79865837097168,-7.8248138427734375,False,False,True,True
32,303,312,1,265, t,0.9705919677254341,-0.029849117621779442,-8.467451095581055,-8.497300148010254,False,False,True,True
32,302,313,2,836, about,0.8055936463980468,-0.21617582440376282,-8.283770561218262,-8.499946594238281,False,False,True,False
32,304,314,3,265, t,0.9920497496191695,-0.007982022128999233,-8.607134819030762,-8.615117073059082,False,False,True,True
32,305,315,4,40043, tokens,0.9893611283115672,-0.010695869103074074,-8.689252853393555,-8.69994831085205,False,False,True,True
32,306,316,5,355, is,0.9817526383971542,-0.018415898084640503,-9.134622573852539,-9.153038024902344,False,False,True,False
32,307,317,6,229, ,0.9012156398699653,-0.10401071608066559,-9.145221710205078,-9.249232292175293,False,False,True,False
32,308,318,7,265, t,0.9616771670367589,-0.03907646983861923,-9.538702011108398,-9.577778816223145,False,False,True,False
32,309,319,8,40043, tokens,0.9971690675865078,-0.002834947081282735,-9.619058609008789,-9.621893882751465,False,False,True,False
32,310,320,9,278, the,0.5607955137942423,-0.5783989429473877,-10.467451095581055,-11.045849800109863,False,False,True,False
33,311,321,0,51647,eddy,0.9991519496708938,-0.0008484101272188127,-7.8248138427734375,-7.825662136077881,False,False,True,True
33,312,322,1,51647,eddy,0.9994519378012305,-0.0005482124397531152,-8.497300148010254,-8.497848510742188,False,False,True,True
33,313,323,2,229, ,0.9728647468935085,-0.02751021273434162,-8.499946594238281,-8.527457237243652,False,False,True,False
33,314,324,3,51647,eddy,0.9992300244784021,-0.0007702721050009131,-8.615117073059082,-8.615887641906738,False,False,True,True
33,315,325,4,22,.,0.9563269135650384,-0.044655464589595795,-8.69994831085205,-8.744604110717773,False,False,True,True
33,316,326,5,267, a,0.9113382563600808,-0.09284114837646484,-9.153038024902344,-9.245879173278809,False,False,True,False
33,317,327,6,1595,100,0.9922221243286645,-0.007808281108736992,-9.249232292175293,-9.257040977478027,False,False,True,False
33,318,328,7,51647,eddy,0.9989277904585149,-0.0010727847693488002,-9.577778816223145,-9.578851699829102,False,False,True,False
33,319,329,8,22,.,0.9041287716726651,-0.10078348219394684,-9.621893882751465,-9.722677230834961,False,False,True,False
33,320,330,9,265, t,0.6849412773592684,-0.37842217087745667,-11.045849800109863,-11.424271583557129,False,False,True,False
34,321,331,0,11154, bear,0.997812180561788,-0.002190216211602092,-7.825662136077881,-7.827852249145508,False,False,True,True
34,322,332,1,11154, bear,0.9972450546465909,-0.002758747199550271,-8.497848510742188,-8.50060749053955,False,False,True,True
34,323,333,2,1595,100,0.9986663983865186,-0.0013344916515052319,-8.527457237243652,-8.528791427612305,False,False,True,False
34,324,334,3,11154, bear,0.9985409836195561,-0.0014600817812606692,-8.615887641906738,-8.617347717285156,False,False,True,True
34,325,335,4,440, The,0.8208130860608239,-0.1974598616361618,-8.744604110717773,-8.94206428527832,False,False,True,True
34,326,336,5,265, t,0.9965094996406334,-0.00349660636857152,-9.245879173278809,-9.249375343322754,False,False,True,False
34,327,337,6,40043, tokens,0.9905746356501536,-0.00947006419301033,-9.257040977478027,-9.266510963439941,False,False,True,False
34,328,338,7,11154, bear,0.9963333836522041,-0.0036733548622578382,-9.578851699829102,-9.582525253295898,False,False,True,False
34,329,339,8,1672, So,0.8921833901259307,-0.11408357322216034,-9.722677230834961,-9.836760520935059,False,False,True,False
34,330,340,9,51647,eddy,0.9989883416172447,-0.0010121704544872046,-11.424271583557129,-11.425283432006836,False,False,False,False
35,331,341,0,296, in,0.8639317569302265,-0.14626149833202362,-7.827852249145508,-7.974113941192627,False,False,True,True
35,332,342,1,355, is,0.9202402218335701,-0.08312053233385086,-8.50060749053955,-8.583727836608887,False,False,True,True
35,333,343,2,40043, tokens,0.929379687268535,-0.07323791831731796,-8.528791427612305,-8.602029800415039,False,False,True,False
35,334,344,3,296, in,0.9084935606618112,-0.09596747905015945,-8.617347717285156,-8.7133150100708,False,False,True,True
35,335,345,4,265, t,0.9802060169884348,-0.019992507994174957,-8.94206428527832,-8.962057113647461,False,False,True,True
35,336,346,5,51647,eddy,0.9992585914504831,-0.0007416835287585855,-9.249375343322754,-9.250117301940918,False,False,True,False
35,337,347,6,22,.,0.9146031068123625,-0.08926507085561752,-9.266510963439941,-9.355775833129883,False,False,True,False
35,338,348,7,296, in,0.7897362120981674,-0.23605629801750183,-9.582525253295898,-9.818581581115723,False,False,True,False
35,339,349,8,278, the,0.7913085425595398,-0.23406732082366943,-9.836760520935059,-10.07082748413086,False,False,True,False
35,331,350,9,355, is,0.043012631370268416,-3.14626145362854,-7.827852249145508,-10.974113464355469,False,False,True,False
36,341,351,0,836, about,0.9761392679290961,-0.02415001019835472,-7.974113941192627,-7.998263835906982,False,False,True,True
36,342,352,1,836, about,0.9534935085026113,-0.04762266203761101,-8.583727836608887,-8.63135051727295,False,False,True,True
36,343,353,2,22,.,0.9481851215307706,-0.053205519914627075,-8.602029800415039,-8.655235290527344,False,False,True,False
36,344,354,3,836, about,0.9797562088573343,-0.020451504737138748,-8.7133150100708,-8.733766555786133,False,False,True,True
36,345,355,4,51647,eddy,0.9995649562176118,-0.0004351384413894266,-8.962057113647461,-8.962491989135742,False,False,True,True
36,346,356,5,11154, bear,0.9998133530919079,-0.00018666432879399508,-9.250117301940918,-9.250304222106934,False,False,True,False
36,348,357,6,836, about,0.963756510564726,-0.03691659867763519,-9.818581581115723,-9.855498313903809,False,False,True,False
36,347,358,7,43972, Provide,0.5844830265109955,-0.5370275378227234,-9.355775833129883,-9.892803192138672,False,False,True,False
36,349,359,8,265, t,0.7383515229506137,-0.3033352494239807,-10.07082748413086,-10.374162673950195,False,False,True,False
36,350,360,9,836, about,0.5852678935670826,-0.5356855988502502,-10.974113464355469,-11.509799003601074,False,False,True,False
37,351,361,0,229, ,0.9918668786911443,-0.008166375569999218,-7.998263835906982,-8.006430625915527,False,False,True,True
37,352,362,1,229, ,0.9557562955271277,-0.04525231942534447,-8.63135051727295,-8.676602363586426,False,False,True,True
37,353,363,2,1672, So,0.9672189813334257,-0.03333035483956337,-8.655235290527344,-8.688565254211426,False,False,True,False
37,354,364,3,229, ,0.9943528220775623,-0.005663183517754078,-8.733766555786133,-8.739429473876953,False,False,True,True
37,355,365,4,11154, bear,0.9971602961852176,-0.002843743422999978,-8.962491989135742,-8.965335845947266,False,False,True,True
37,356,366,5,296, in,0.8648794891189239,-0.1451651006937027,-9.250304222106934,-9.395469665527344,False,False,True,False
37,357,367,6,229, ,0.9870033974079255,-0.013081797398626804,-9.855498313903809,-9.868579864501953,False,False,True,False
37,358,368,7,229, ,0.9087332079431141,-0.09570372849702835,-9.892803192138672,-9.988507270812988,False,False,True,False
37,359,369,8,51647,eddy,0.998855828535272,-0.0011448265286162496,-10.374162673950195,-10.375307083129883,False,False,True,False
37,360,370,9,229, ,0.9288743975395384,-0.07378175109624863,-11.509799003601074,-11.58358097076416,False,False,True,False
38,361,371,0,1595,100,0.9988495250175705,-0.0011511372867971659,-8.006430625915527,-8.00758171081543,False,False,True,True
38,362,372,1,1595,100,0.9949514733554079,-0.005061313509941101,-8.676602363586426,-8.681663513183594,False,False,True,True
38,364,373,2,1595,100,0.9990014282009915,-0.0009990707039833069,-8.739429473876953,-8.740428924560547,False,False,True,True
38,363,374,3,836, about,0.8069831143457845,-0.21445253491401672,-8.688565254211426,-8.9030179977417,False,False,True,False
38,365,375,4,355, is,0.9489687955776647,-0.052379362285137177,-8.965335845947266,-9.017715454101562,False,False,True,True
38,366,376,5,836, about,0.9669301149817175,-0.03362905606627464,-9.395469665527344,-9.429099082946777,False,False,True,False
38,367,377,6,1595,100,0.9987150274374795,-0.0012857988476753235,-9.868579864501953,-9.869865417480469,False,False,True,False
38,368,378,7,1595,100,0.9913977543117756,-0.008639458566904068,-9.988507270812988,-9.997146606445312,False,False,True,False
38,369,379,8,11154, bear,0.9982538962615328,-0.0017476299544796348,-10.375307083129883,-10.377055168151855,False,False,True,False
38,370,380,9,1595,100,0.992628715910748,-0.007398586254566908,-11.58358097076416,-11.59097957611084,False,False,True,False
39,371,381,0,40043, tokens,0.9929177475667683,-0.0071074506267905235,-8.00758171081543,-8.014689445495605,False,False,True,True
39,372,382,1,40043, tokens,0.9744364876873879,-0.02589593641459942,-8.681663513183594,-8.707559585571289,False,False,True,True
39,373,383,2,40043, tokens,0.9978698664345282,-0.0021324055269360542,-8.740428924560547,-8.742561340332031,False,False,True,True
39,374,384,3,229, ,0.9663554562284816,-0.03422354534268379,-8.9030179977417,-8.937241554260254,False,False,True,False
39,375,385,4,296, in,0.8626458454418676,-0.14775104820728302,-9.017715454101562,-9.16546630859375,False,False,True,True
39,376,386,5,229, ,0.9988597535297545,-0.0011408970458433032,-9.429099082946777,-9.4302396774292,False,False,True,False
39,377,387,6,40043, tokens,0.9984667005288501,-0.0015344761777669191,-9.869865417480469,-9.871399879455566,False,False,True,False
39,378,388,7,40043, tokens,0.99224782745312,-0.00778237683698535,-9.997146606445312,-10.004928588867188,False,False,True,False
39,379,389,8,296, in,0.8957455698003931,-0.11009886860847473,-10.377055168151855,-10.487154006958008,False,False,True,False
39,380,390,9,40043, tokens,0.9664970816197969,-0.0340769998729229,-11.59097957611084,-11.625056266784668,False,False,False,False
40,381,391,0,22,.,0.9418150283205645,-0.05994638428092003,-8.014689445495605,-8.07463550567627,False,False,True,True
40,382,392,1,22,.,0.9465844789501807,-0.054895058274269104,-8.707559585571289,-8.762454986572266,False,False,True,True
40,383,393,2,34,:,0.8490359022682975,-0.16365380585193634,-8.742561340332031,-8.906214714050293,False,False,True,True
40,384,394,3,1595,100,0.9987502240198506,-0.0012505576014518738,-8.937241554260254,-8.938491821289062,False,False,True,False
40,385,395,4,836, about,0.9776233943638722,-0.022630760446190834,-9.16546630859375,-9.18809700012207,False,False,True,True
40,386,396,5,1595,100,0.9999786619922026,-2.13382354559144e-05,-9.4302396774292,-9.43026065826416,False,False,True,False
40,387,397,6,355, is,0.9247576542690611,-0.0782235711812973,-9.871399879455566,-9.949623107910156,False,False,True,False
40,388,398,7,22,.,0.9225466676880969,-0.08061731606721878,-10.004928588867188,-10.085545539855957,False,False,True,False
40,389,399,8,836, about,0.9662142115329809,-0.03436971828341484,-10.487154006958008,-10.521523475646973,False,False,True,False
40,383,400,9,22,.,0.05427704689334633,-2.91365385055542,-8.742561340332031,-11.65621566772461,False,False,False,False
41,391,401,0,440, The,0.8009579457171219,-0.2219468355178833,-8.07463550567627,-8.296582221984863,False,False,True,True
41,393,402,1,440, The,0.9215220670654866,-0.08172855526208878,-8.906214714050293,-8.987943649291992,False,False,True,True
41,394,403,2,40043, tokens,0.9209529863390752,-0.08234629034996033,-8.938491821289062,-9.020837783813477,False,False,True,False
41,392,404,3,440, The,0.7587043042656324,-0.2761431634426117,-8.762454986572266,-9.03859806060791,False,False,True,True
41,395,405,4,229, ,0.992497532038369,-0.007530753035098314,-9.18809700012207,-9.19562816619873,False,False,True,True
41,396,406,5,40043, tokens,0.9994316948199065,-0.0005684667266905308,-9.43026065826416,-9.430829048156738,False,False,True,False
41,397,407,6,836, about,0.9714681450442736,-0.028946800157427788,-9.949623107910156,-9.978569984436035,False,False,True,False
41,399,408,7,229, ,0.9976930317321118,-0.002309633418917656,-10.521523475646973,-10.523833274841309,False,False,True,False
41,398,409,8,43972, Provide,0.5537517357293515,-0.5910388231277466,-10.085545539855957,-10.676584243774414,False,False,True,False
41,391,410,9,1672, So,0.0657466397096005,-2.7219467163085938,-8.07463550567627,-10.796582221984863,False,False,True,False
42,401,411,0,265, t,0.9802561869447725,-0.01994132623076439,-8.296582221984863,-8.316523551940918,False,False,True,True
42,402,412,1,265, t,0.9954930739515994,-0.004517112858593464,-8.987943649291992,-8.992461204528809,False,False,True,True
42,404,413,2,265, t,0.9831485695079172,-0.016995031386613846,-9.03859806060791,-9.055593490600586,False,False,True,True
42,403,414,3,22,.,0.9363020328894538,-0.06581716984510422,-9.020837783813477,-9.086654663085938,False,False,True,False
42,405,415,4,1595,100,0.9973754803700483,-0.0026279697194695473,-9.19562816619873,-9.198256492614746,False,False,True,True
42,406,416,5,22,.,0.9635698667679939,-0.037110280245542526,-9.430829048156738,-9.467939376831055,False,False,True,False
42,407,417,6,229, ,0.9908257231976051,-0.009216619655489922,-9.978569984436035,-9.987786293029785,False,False,True,False
42,408,418,7,1595,100,0.9999395645427589,-6.0437283536884934e-05,-10.523833274841309,-10.523893356323242,False,False,True,False
42,409,419,8,229, ,0.9228518538100748,-0.08028656244277954,-10.676584243774414,-10.756871223449707,False,False,True,False
42,410,420,9,278, the,0.5642022036667267,-0.572342574596405,-10.796582221984863,-11.368925094604492,False,False,True,False
43,411,421,0,51647,eddy,0.9991799171082788,-0.0008204193436540663,-8.316523551940918,-8.317343711853027,False,False,True,True
43,412,422,1,51647,eddy,0.9993884729133196,-0.0006117141456343234,-8.992461204528809,-8.993072509765625,False,False,True,True
43,413,423,2,51647,eddy,0.9995528076156194,-0.0004472924047149718,-9.055593490600586,-9.05604076385498,False,False,True,True
43,414,424,3,1672, So,0.9673379869955455,-0.03320732340216637,-9.086654663085938,-9.119861602783203,False,False,True,False
43,415,425,4,40043, tokens,0.992260033540047,-0.007770075462758541,-9.198256492614746,-9.206027030944824,False,False,True,True
43,416,426,5,1672, So,0.9481177141848097,-0.05327661335468292,-9.467939376831055,-9.52121639251709,False,False,True,False
43,417,427,6,1595,100,0.997219921874671,-0.0027839497197419405,-9.987786293029785,-9.990570068359375,False,False,True,False
43,418,428,7,40043, tokens,0.9979480970534463,-0.002054010983556509,-10.523893356323242,-10.525947570800781,False,False,True,False
43,419,429,8,1595,100,0.9934017231842562,-0.006620141677558422,-10.756871223449707,-10.7634916305542,False,False,True,False
43,420,430,9,265, t,0.5042747152485095,-0.6846340894699097,-11.368925094604492,-12.053559303283691,False,False,True,False
44,421,431,0,11154, bear,0.9981169463870067,-0.0018848287872970104,-8.317343711853027,-8.319228172302246,False,False,True,True
44,422,432,1,11154, bear,0.9990436648465875,-0.0009567927336320281,-8.993072509765625,-8.99402904510498,False,False,True,True
44,423,433,2,11154, bear,0.997544017282661,-0.0024590035900473595,-9.05604076385498,-9.058499336242676,False,False,True,True
44,425,434,3,22,.,0.965354812884574,-0.035259563475847244,-9.206027030944824,-9.241286277770996,False,False,True,True
44,424,435,4,836, about,0.8329268612575026,-0.18280944228172302,-9.119861602783203,-9.302671432495117,False,False,True,False
44,426,436,5,278, the,0.8827738569725759,-0.12468621879816055,-9.52121639251709,-9.645902633666992,False,False,True,False
44,427,437,6,40043, tokens,0.9871303441368484,-0.012953187339007854,-9.990570068359375,-10.003522872924805,False,False,True,False
44,428,438,7,22,.,0.9239327404365856,-0.07911600172519684,-10.525947570800781,-10.605063438415527,False,False,True,False
44,429,439,8,40043, tokens,0.9912960632720501,-0.00874203722923994,-10.7634916305542,-10.772233963012695,False,False,True,False
44,430,440,9,51647,eddy,0.9972444618677191,-0.0027593416161835194,-12.053559303283691,-12.056318283081055,False,False,False,False
45,431,441,0,296, in,0.9015587060288557,-0.10363011807203293,-8.319228172302246,-8.422858238220215,False,False,True,True
45,432,442,1,296, in,0.9585251956093003,-0.042359430342912674,-8.99402904510498,-9.036388397216797,False,False,True,True
45,433,443,2,355, is,0.9498999211578719,-0.05139864608645439,-9.058499336242676,-9.10989761352539,False,False,True,True
45,435,444,3,229, ,0.974023396535619,-0.0263199545443058,-9.302671432495117,-9.328990936279297,False,False,True,False
45,434,445,4,440, The,0.808030472209672,-0.21315550804138184,-9.241286277770996,-9.454442024230957,False,False,True,True
45,436,446,5,5141, answer,0.9570652506325638,-0.043883707374334335,-9.645902633666992,-9.689785957336426,False,False,True,False
45,437,447,6,22,.,0.9617623955389955,-0.03898784890770912,-10.003522872924805,-10.042510986328125,False,False,True,False
45,438,448,7,1672, So,0.905828328352908,-0.09890547394752502,-10.605063438415527,-10.70396900177002,False,False,True,False
45,439,449,8,22,.,0.9145070912108442,-0.08937005698680878,-10.772233963012695,-10.861603736877441,False,False,True,False
45,431,450,9,355, is,0.0308496440767422,-3.4786300659179688,-8.319228172302246,-11.797858238220215,False,False,False,False
46,441,451,0,836, about,0.9737441294440008,-0.026606710627675056,-8.422858238220215,-8.449464797973633,False,False,True,True
46,442,452,1,836, about,0.9823794642408696,-0.01777762547135353,-9.036388397216797,-9.054165840148926,False,False,True,True
46,443,453,2,836, about,0.9656478527484462,-0.03495605289936066,-9.10989761352539,-9.144853591918945,False,False,True,True
46,444,454,3,1595,100,0.9991965793680311,-0.0008037435472942889,-9.328990936279297,-9.329794883728027,False,False,True,False
46,445,455,4,265, t,0.987817796833686,-0.012257014401257038,-9.454442024230957,-9.46669864654541,False,False,True,True
46,446,456,5,355, is,0.9891044859719638,-0.010955304838716984,-9.689785957336426,-9.700740814208984,False,False,True,False
46,447,457,6,440, The,0.7411016385085025,-0.2996174991130829,-10.042510986328125,-10.34212875366211,False,False,True,False
46,448,458,7,278, the,0.8029550545192176,-0.2194565385580063,-10.70396900177002,-10.923425674438477,False,False,True,False
46,449,459,8,43972, Provide,0.51876873746797,-0.6562970876693726,-10.861603736877441,-11.517900466918945,False,False,True,False
46,447,460,9,1672, So,0.12878415038314192,-2.0496175289154053,-10.042510986328125,-12.09212875366211,False,False,False,False
47,451,461,0,229, ,0.9922562779471709,-0.007773860357701778,-8.449464797973633,-8.45723819732666,False,False,True,True
47,452,462,1,229, ,0.9959398329468413,-0.004068431910127401,-9.054165840148926,-9.058234214782715,False,False,True,True
47,453,463,2,229, ,0.9695666221108679,-0.030906088650226593,-9.144853591918945,-9.175759315490723,False,False,True,True
47,454,464,3,40043, tokens,0.9210603703166436,-0.08222969621419907,-9.329794883728027,-9.41202449798584,False,False,True,False
47,455,465,4,51647,eddy,0.9996025950225329,-0.00039748396375216544,-9.46669864654541,-9.467096328735352,False,False,True,True
47,456,466,5,267, a,0.9300348087645369,-0.0725332647562027,-9.700740814208984,-9.773274421691895,False,False,True,False
47,457,467,6,265, t,0.9626593737224611,-0.03805564343929291,-10.34212875366211,-10.380184173583984,False,False,True,False
47,458,468,7,265, t,0.78467653355722,-0.2424837052822113,-10.923425674438477,-11.165909767150879,False,False,True,False
47,459,469,8,229, ,0.9327870470384767,-0.06957834959030151,-11.517900466918945,-11.587478637695312,False,False,True,False
47,454,470,9,22,.,0.07560524542630187,-2.5822296142578125,-9.329794883728027,-11.91202449798584,False,False,True,False
48,461,471,0,1595,100,0.9987735311603205,-0.0012272215681150556,-8.45723819732666,-8.458465576171875,False,False,True,True
48,462,472,1,1595,100,0.9989464665385598,-0.00105408881790936,-9.058234214782715,-9.059288024902344,False,False,True,True
48,463,473,2,1595,100,0.9964016686372485,-0.003604820929467678,-9.175759315490723,-9.179364204406738,False,False,True,True
48,464,474,3,22,.,0.9500023317560528,-0.0512908399105072,-9.41202449798584,-9.4633150100708,False,False,True,False
48,465,475,4,11154, bear,0.9974688149452231,-0.002534393919631839,-9.467096328735352,-9.46963119506836,False,False,True,True
48,466,476,5,265, t,0.9976644356492924,-0.0023382960353046656,-9.773274421691895,-9.775612831115723,False,False,True,False
48,467,477,6,51647,eddy,0.9990528265027808,-0.000947622349485755,-10.380184173583984,-10.381132125854492,False,False,True,False
48,468,478,7,51647,eddy,0.999020226029575,-0.0009802542626857758,-11.165909767150879,-11.166890144348145,False,False,True,False
48,469,479,8,1595,100,0.9918070705816511,-0.008226675912737846,-11.587478637695312,-11.595705032348633,False,False,True,False
48,470,480,9,1672, So,0.9506153274155102,-0.05064579099416733,-11.91202449798584,-11.96267032623291,False,False,True,False
49,471,481,0,40043, tokens,0.9937365254448969,-0.006283172406256199,-8.458465576171875,-8.46474838256836,False,False,True,True
49,472,482,1,40043, tokens,0.9975718947687908,-0.00243105785921216,-9.059288024902344,-9.061718940734863,False,False,True,True
49,473,483,2,40043, tokens,0.9792837204152647,-0.02093387208878994,-9.179364204406738,-9.200298309326172,False,False,True,True
49,474,484,3,1672, So,0.9624117579392933,-0.038312897086143494,-9.4633150100708,-9.501627922058105,False,False,True,False
49,475,485,4,355, is,0.9536975204368305,-0.04740872234106064,-9.46963119506836,-9.517040252685547,False,False,True,True
49,476,486,5,51647,eddy,0.9995597156027074,-0.0004403813509270549,-9.775612831115723,-9.776053428649902,False,False,True,False
49,477,487,6,11154, bear,0.9971048257079884,-0.0028993734158575535,-10.381132125854492,-10.384031295776367,False,False,True,False
49,478,488,7,11154, bear,0.9984674136420094,-0.0015337619697675109,-11.166890144348145,-11.168423652648926,False,False,True,False
49,479,489,8,40043, tokens,0.9904113688744147,-0.009634898044168949,-11.595705032348633,-11.605340003967285,False,False,True,False
49,480,490,9,836, about,0.5731085475894576,-0.5566801428794861,-11.96267032623291,-12.519350051879883,False,False,False,False
50,481,491,0,22,.,0.9556433854624222,-0.04537046328186989,-8.46474838256836,-8.51011848449707,False,False,True,True
50,482,492,1,34,:,0.92500014450316,-0.07796138525009155,-9.061718940734863,-9.139679908752441,False,False,True,True
50,483,493,2,22,.,0.9596892241810331,-0.041145771741867065,-9.200298309326172,-9.241443634033203,False,False,True,True
50,485,494,3,296, in,0.881964058447206,-0.12560397386550903,-9.517040252685547,-9.642643928527832,False,False,True,True
50,484,495,4,836, about,0.8654116315988589,-0.14455001056194305,-9.501627922058105,-9.646178245544434,False,False,True,False
50,486,496,5,11154, bear,0.9998971329639152,-0.00010287232726113871,-9.776053428649902,-9.776156425476074,False,False,True,False
50,487,497,6,296, in,0.8071914500570243,-0.2141944020986557,-10.384031295776367,-10.598225593566895,False,False,True,False
50,488,498,7,296, in,0.8962340266748334,-0.10955370962619781,-11.168423652648926,-11.277976989746094,False,False,True,False
50,489,499,8,22,.,0.9146104867552036,-0.08925700187683105,-11.605340003967285,-11.694597244262695,False,False,False,False
50,487,500,9,355, is,0.14026883930572356,-1.964194416999817,-10.384031295776367,-12.348225593566895,False,False,False,False
51,491,501,0,440, The,0.8319670316783939,-0.18396246433258057,-8.51011848449707,-8.69408130645752,False,False,True,True
51,492,502,1,440, The,0.9407532150402312,-0.061074431985616684,-9.139679908752441,-9.200754165649414,False,False,True,True
51,493,503,2,440, The,0.7683161499094261,-0.2635539770126343,-9.241443634033203,-9.504997253417969,False,False,True,True
51,494,504,3,836, about,0.9805301494568428,-0.019661884754896164,-9.642643928527832,-9.66230583190918,False,False,True,True
51,495,505,4,229, ,0.9742678588234869,-0.026069004088640213,-9.646178245544434,-9.672246932983398,False,False,True,False
51,496,506,5,296, in,0.9020305403156614,-0.10310690104961395,-9.776156425476074,-9.879262924194336,False,False,True,False
51,497,507,6,836, about,0.9643019195623603,-0.03635083884000778,-10.598225593566895,-10.634576797485352,False,False,True,False
51,498,508,7,836, about,0.969440343264452,-0.031036339700222015,-11.277976989746094,-11.309013366699219,False,False,True,False
51,493,509,8,1672, So,0.10398027136784094,-2.263554096221924,-9.241443634033203,-11.504997253417969,False,False,True,False
51,491,510,9,1672, So,0.046936373716963256,-3.058962345123291,-8.51011848449707,-11.569080352783203,False,False,True,False
52,501,511,0,265, t,0.9882918054042712,-0.011777275241911411,-8.69408130645752,-8.70585823059082,False,False,True,True
52,502,512,1,265, t,0.9970258976915799,-0.0029785337392240763,-9.200754165649414,-9.20373249053955,False,False,True,True
52,503,513,2,265, t,0.9864462839705452,-0.01364640612155199,-9.504997253417969,-9.518643379211426,False,False,True,True
52,504,514,3,229, ,0.993218589625625,-0.006804508622735739,-9.66230583190918,-9.669110298156738,False,False,True,True
52,505,515,4,1595,100,0.9994020463516748,-0.0005981324939057231,-9.672246932983398,-9.672844886779785,False,False,True,False
52,506,516,5,836, about,0.9764559408192361,-0.023825649172067642,-9.879262924194336,-9.903088569641113,False,False,True,False
52,507,517,6,229, ,0.9912708782485403,-0.008767443709075451,-10.634576797485352,-10.643343925476074,False,False,True,False
52,508,518,7,229, ,0.996801743568886,-0.003203381784260273,-11.309013366699219,-11.312216758728027,False,False,True,False
52,509,519,8,278, the,0.6484766314756462,-0.43312931060791016,-11.504997253417969,-11.938126564025879,False,False,True,False
52,510,520,9,278, the,0.6291354656541174,-0.4634086787700653,-11.569080352783203,-12.032488822937012,False,False,False,False
53,511,521,0,51647,eddy,0.9994175252794354,-0.000582644424866885,-8.70585823059082,-8.706440925598145,False,False,True,True
53,512,522,1,51647,eddy,0.9993728758245235,-0.0006273209000937641,-9.20373249053955,-9.204360008239746,False,False,True,True
53,513,523,2,51647,eddy,0.9995759140773993,-0.00042417587246745825,-9.518643379211426,-9.519067764282227,False,False,True,True
53,514,524,3,1595,100,0.9979660241699402,-0.0020360471680760384,-9.669110298156738,-9.671146392822266,False,False,True,True
53,515,525,4,40043, tokens,0.9374917765198859,-0.06454729288816452,-9.672844886779785,-9.73739242553711,False,False,True,False
53,516,526,5,229, ,0.9990781706264547,-0.0009222545195370913,-9.903088569641113,-9.904010772705078,False,False,True,False
53,517,527,6,1595,100,0.9992071720354644,-0.0007931424188427627,-10.643343925476074,-10.644137382507324,False,False,True,False
53,518,528,7,1595,100,0.9999504113947393,-4.95898348162882e-05,-11.312216758728027,-11.31226634979248,False,False,True,False
53,519,529,8,265, t,0.8399464258724567,-0.1744171679019928,-11.938126564025879,-12.112544059753418,False,False,True,False
53,515,530,9,22,.,0.05993184372526595,-2.814547300338745,-9.672844886779785,-12.48739242553711,False,False,True,False
54,521,531,0,11154, bear,0.9982534211867913,-0.0017481058603152633,-8.706440925598145,-8.708189010620117,False,False,True,True
54,522,532,1,11154, bear,0.9993239446663632,-0.0006762839620932937,-9.204360008239746,-9.205036163330078,False,False,True,True
54,523,533,2,11154, bear,0.997392793882958,-0.0026106107980012894,-9.519067764282227,-9.52167797088623,False,False,True,True
54,524,534,3,40043, tokens,0.9936836716961628,-0.006336360704153776,-9.671146392822266,-9.677482604980469,False,False,True,True
54,525,535,4,22,.,0.9376936117469507,-0.0643320232629776,-9.73739242553711,-9.801724433898926,False,False,True,False
54,526,536,5,1595,100,0.9999872447683118,-1.2755313036905136e-05,-9.904010772705078,-9.904023170471191,False,False,True,False
54,527,537,6,40043, tokens,0.9981049516513015,-0.001896846224553883,-10.644137382507324,-10.646034240722656,False,False,True,False
54,528,538,7,40043, tokens,0.997812180561788,-0.002190216211602092,-11.31226634979248,-11.314456939697266,False,False,True,False
54,529,539,8,51647,eddy,0.9990375968206537,-0.0009628665866330266,-12.112544059753418,-12.113507270812988,False,False,True,False
54,530,540,9,1672, So,0.9635184007806291,-0.03716369345784187,-12.48739242553711,-12.524556159973145,False,False,False,False
55,531,541,0,296, in,0.9380289402088765,-0.06397447735071182,-8.708189010620117,-8.772163391113281,False,False,True,True
55,532,542,1,296, in,0.976803302534603,-0.023469975218176842,-9.205036163330078,-9.228506088256836,False,False,True,True
55,533,543,2,355, is,0.9691430945519899,-0.0313430055975914,-9.52167797088623,-9.553021430969238,False,False,True,True
55,534,544,3,22,.,0.9731286083828528,-0.027239028364419937,-9.677482604980469,-9.704721450805664,False,False,True,True
55,535,545,4,1672, So,0.9686189284277474,-0.03188400715589523,-9.801724433898926,-9.833608627319336,False,False,True,False
55,536,546,5,40043, tokens,0.9996181992749325,-0.00038187362952157855,-9.904023170471191,-9.904404640197754,False,False,True,False
55,537,547,6,355, is,0.9651820943661945,-0.03543849661946297,-10.646034240722656,-10.681472778320312,False,False,True,False
55,538,548,7,22,.,0.9150903926095902,-0.08873242884874344,-11.314456939697266,-11.403189659118652,False,False,True,False
55,539,549,8,11154, bear,0.994721174058511,-0.005292808171361685,-12.113507270812988,-12.118800163269043,False,False,True,False
55,531,550,9,355, is,0.022060328358123125,-3.813974380493164,-8.708189010620117,-12.522163391113281,False,False,False,False
56,541,551,0,836, about,0.9832452518077072,-0.016896696761250496,-8.772163391113281,-8.78905963897705,False,False,True,True
56,542,552,1,836, about,0.985565589217352,-0.014539600349962711,-9.228506088256836,-9.243045806884766,False,False,True,True
56,543,553,2,836, about,0.966003473585819,-0.03458784893155098,-9.553021430969238,-9.58760929107666,False,False,True,True
56,544,554,3,440, The,0.8575215793945996,-0.15370893478393555,-9.704721450805664,-9.858430862426758,False,False,True,True
56,546,555,4,22,.,0.9662171018783321,-0.034366726875305176,-9.904404640197754,-9.93877124786377,False,False,True,False
56,545,556,5,836, about,0.8893146437651377,-0.11730417609214783,-9.833608627319336,-9.950912475585938,False,False,True,False
56,547,557,6,836, about,0.9737090904356378,-0.02664269506931305,-10.681472778320312,-10.708115577697754,False,False,True,False
56,548,558,7,1672, So,0.9050417023957025,-0.09977425634860992,-11.403189659118652,-11.50296401977539,False,False,True,False
56,549,559,8,355, is,0.9422132013022944,-0.059523701667785645,-12.118800163269043,-12.178323745727539,False,False,True,False
56,544,560,9,1672, So,0.0426934855002376,-3.1537089347839355,-9.704721450805664,-12.858430862426758,False,False,True,False
57,551,561,0,229, ,0.9948520023454891,-0.005161294247955084,-8.78905963897705,-8.794220924377441,False,False,True,True
57,552,562,1,229, ,0.9968620373874597,-0.0031428963411599398,-9.243045806884766,-9.24618911743164,False,False,True,True
57,553,563,2,229, ,0.9751986405493037,-0.025114094838500023,-9.58760929107666,-9.612723350524902,False,False,True,True
57,554,564,3,265, t,0.990653598460137,-0.009390353225171566,-9.858430862426758,-9.867820739746094,False,False,True,True
57,555,565,4,1672, So,0.9686401784500991,-0.03186206892132759,-9.93877124786377,-9.970633506774902,False,False,True,False
57,556,566,5,229, ,0.9794331604777655,-0.02078128233551979,-9.950912475585938,-9.971693992614746,False,False,True,False
57,557,567,6,229, ,0.9924229714789295,-0.007605880033224821,-10.708115577697754,-10.715721130371094,False,False,True,False
57,558,568,7,278, the,0.81956199497555,-0.1989852339029312,-11.50296401977539,-11.701949119567871,False,False,True,False
57,559,569,8,836, about,0.8981013655826098,-0.10747233778238297,-12.178323745727539,-12.285796165466309,False,False,True,False
57,560,570,9,278, the,0.6019571144712536,-0.5075690746307373,-12.858430862426758,-13.366000175476074,False,False,False,False
58,561,571,0,1595,100,0.9987087256221919,-0.001292108790948987,-8.794220924377441,-8.795513153076172,False,False,True,True
58,562,572,1,1595,100,0.9991432621965987,-0.0008571050129830837,-9.24618911743164,-9.24704647064209,False,False,True,True
58,563,573,2,1595,100,0.9967072310297506,-0.0032982020638883114,-9.612723350524902,-9.616021156311035,False,False,True,True
58,564,574,3,51647,eddy,0.9996874117647255,-0.00031263710116036236,-9.867820739746094,-9.868133544921875,False,False,True,True
58,566,575,4,1595,100,0.9994671800827958,-0.0005329619161784649,-9.971693992614746,-9.972227096557617,False,False,True,False
58,565,576,5,278, the,0.8918447619779623,-0.1144631952047348,-9.970633506774902,-10.08509635925293,False,False,True,False
58,567,577,6,1595,100,0.9976940998182459,-0.0023085628636181355,-10.715721130371094,-10.718029975891113,False,False,True,False
58,568,578,7,265, t,0.8219500043995623,-0.1960757076740265,-11.701949119567871,-11.898024559020996,False,False,True,False
58,569,579,8,229, ,0.9759765215921092,-0.02431674860417843,-12.285796165466309,-12.310112953186035,False,False,True,False
58,565,580,9,522, we,0.07320708369578587,-2.6144630908966064,-9.970633506774902,-12.58509635925293,False,False,False,False
59,571,581,0,40043, tokens,0.9944244899153686,-0.00559111125767231,-8.795513153076172,-8.801104545593262,False,False,True,True
59,572,582,1,40043, tokens,0.9979939253000675,-0.0020080895628780127,-9.24704647064209,-9.249054908752441,False,False,True,True
59,573,583,2,40043, tokens,0.9872236299694899,-0.01285868976265192,-9.616021156311035,-9.62887954711914,False,False,True,True
59,574,584,3,11154, bear,0.9980693255949635,-0.0019325405592098832,-9.868133544921875,-9.870065689086914,False,False,True,True
59,575,585,4,40043, tokens,0.9444224899117671,-0.05718166008591652,-9.972227096557617,-10.02940845489502,False,False,True,False
59,576,586,5,5141, answer,0.9767077667015172,-0.02356778457760811,-10.08509635925293,-10.108664512634277,False,False,True,False
59,577,587,6,40043, tokens,0.9885698127171633,-0.011496013961732388,-10.718029975891113,-10.729525566101074,False,False,True,False
59,578,588,7,51647,eddy,0.9992346665238026,-0.0007656264933757484,-11.898024559020996,-11.89879035949707,False,False,True,False
59,579,589,8,1595,100,0.9951327679346258,-0.004879115615040064,-12.310112953186035,-12.31499195098877,False,False,True,False
59,575,590,9,22,.,0.053280674315628544,-2.9321815967559814,-9.972227096557617,-12.90440845489502,False,False,True,False
60,581,591,0,22,.,0.9682260656338962,-0.03228968009352684,-8.801104545593262,-8.833394050598145,False,False,True,True
60,582,592,1,34,:,0.9475452875871895,-0.05388054624199867,-9.249054908752441,-9.302935600280762,False,False,True,True
60,583,593,2,22,.,0.966973024093897,-0.033584680408239365,-9.62887954711914,-9.662464141845703,False,False,True,True
60,584,594,3,355, is,0.9743040703255451,-0.02603183686733246,-9.870065689086914,-9.896097183227539,False,False,True,True
60,585,595,4,22,.,0.9507597037500053,-0.05049392580986023,-10.02940845489502,-10.079902648925781,False,False,True,False
60,586,596,5,355, is,0.9953102310659178,-0.004700800403952599,-10.108664512634277,-10.113365173339844,False,False,True,False
60,587,597,6,22,.,0.9606658288778176,-0.040128663182258606,-10.729525566101074,-10.769654273986816,False,False,True,False
60,588,598,7,11154, bear,0.9986461872428812,-0.0013547299895435572,-11.89879035949707,-11.900145530700684,False,False,True,False
60,589,599,8,40043, tokens,0.9893116560476515,-0.010745874606072903,-12.31499195098877,-12.325737953186035,False,False,False,False
60,590,600,9,1672, So,0.9615527145329467,-0.0392058901488781,-12.90440845489502,-12.94361400604248,False,False,False,False
61,591,601,0,440, The,0.8813932239603713,-0.12625141441822052,-8.833394050598145,-8.95964527130127,False,False,True,True
61,592,602,1,440, The,0.9575351180827784,-0.043392881751060486,-9.302935600280762,-9.346328735351562,False,False,True,True
61,593,603,2,440, The,0.8381203135042293,-0.176593616604805,-9.662464141845703,-9.839057922363281,False,False,True,True
61,594,604,3,296, in,0.9326336635531319,-0.06974279880523682,-9.896097183227539,-9.965840339660645,False,False,True,True
61,595,605,4,1672, So,0.9706348693911862,-0.02980491705238819,-10.079902648925781,-10.109707832336426,False,False,True,False
61,596,606,5,267, a,0.9345304622133171,-0.06771105527877808,-10.113365173339844,-10.181076049804688,False,False,True,False
61,597,607,6,440, The,0.7575339954394885,-0.27768686413764954,-10.769654273986816,-11.047341346740723,False,False,True,False
61,598,608,7,296, in,0.8854308310295258,-0.12168093770742416,-11.900145530700684,-12.02182674407959,False,False,True,False
61,591,609,8,1672, So,0.030159616268336804,-3.501251459121704,-8.833394050598145,-12.33464527130127,False,False,True,False
61,593,610,9,1672, So,0.06879710990644022,-2.676593542098999,-9.662464141845703,-12.339057922363281,False,False,True,False
62,601,611,0,265, t,0.993265748521628,-0.006757028866559267,-8.95964527130127,-8.966402053833008,False,False,True,True
62,602,612,1,265, t,0.9967311536328475,-0.0032742007169872522,-9.346328735351562,-9.349602699279785,False,False,True,True
62,603,613,2,265, t,0.9907308190655236,-0.009312407113611698,-9.839057922363281,-9.848370552062988,False,False,True,True
62,604,614,3,836, about,0.9865496504509342,-0.013541624881327152,-9.965840339660645,-9.979381561279297,False,False,True,True
62,606,615,4,265, t,0.9986863725313604,-0.0013144910335540771,-10.181076049804688,-10.182390213012695,False,False,True,False
62,605,616,5,836, about,0.9062672376868851,-0.09842105209827423,-10.109707832336426,-10.208128929138184,False,False,True,False
62,607,617,6,265, t,0.9694264501285281,-0.0310506708920002,-11.047341346740723,-11.078392028808594,False,False,True,False
62,608,618,7,836, about,0.980406841878071,-0.01978764869272709,-12.02182674407959,-12.041614532470703,False,False,True,False
62,610,619,8,278, the,0.7019851469902206,-0.3538430333137512,-12.339057922363281,-12.692900657653809,False,False,True,False
62,609,620,9,278, the,0.6058978592907618,-0.5010438561439514,-12.33464527130127,-12.835689544677734,False,False,True,False
63,611,621,0,51647,eddy,0.9994349098433074,-0.000565249880310148,-8.966402053833008,-8.966967582702637,False,False,True,True
63,612,622,1,51647,eddy,0.9992516876383808,-0.0007485924870707095,-9.349602699279785,-9.350351333618164,False,False,True,True
63,613,623,2,51647,eddy,0.9996515534986358,-0.00034850722295232117,-9.848370552062988,-9.848718643188477,False,False,True,True
63,614,624,3,229, ,0.995615360928033,-0.004394279792904854,-9.979381561279297,-9.983776092529297,False,False,True,True
63,615,625,4,51647,eddy,0.9998014367577441,-0.00019858295854646713,-10.182390213012695,-10.182588577270508,False,False,True,False
63,616,626,5,229, ,0.9800562271668032,-0.02014533430337906,-10.208128929138184,-10.22827434539795,False,False,True,False
63,617,627,6,51647,eddy,0.9992363328983692,-0.0007639588438905776,-11.078392028808594,-11.079155921936035,False,False,True,False
63,618,628,7,229, ,0.9965645488114105,-0.0034413659013807774,-12.041614532470703,-12.045056343078613,False,False,True,False
63,619,629,8,265, t,0.8262009259417687,-0.19091728329658508,-12.692900657653809,-12.883817672729492,False,False,True,False
63,620,630,9,265, t,0.6069822764197901,-0.4992556869983673,-12.835689544677734,-13.334945678710938,False,False,True,False
64,621,631,0,11154, bear,0.9989274335630335,-0.001073142047971487,-8.966967582702637,-8.968040466308594,False,False,True,True
64,622,632,1,11154, bear,0.9994149057186167,-0.0005852655158378184,-9.350351333618164,-9.350936889648438,False,False,True,True
64,623,633,2,11154, bear,0.9983382467623549,-0.0016631354810670018,-9.848718643188477,-9.850381851196289,False,False,True,True
64,624,634,3,1595,100,0.9981860698929478,-0.001815577270463109,-9.983776092529297,-9.985591888427734,False,False,True,True
64,625,635,4,11154, bear,0.9999231159180111,-7.688703772146255e-05,-10.182588577270508,-10.182665824890137,False,False,True,False
64,626,636,5,1595,100,0.9995971157713713,-0.0004029654082842171,-10.22827434539795,-10.228677749633789,False,False,True,False
64,627,637,6,11154, bear,0.9972176694664755,-0.0027862084098160267,-11.079155921936035,-11.081942558288574,False,False,True,False
64,628,638,7,1595,100,0.9999599472811979,-4.005352093372494e-05,-12.045056343078613,-12.045096397399902,False,False,True,False
64,629,639,8,51647,eddy,0.9992673999801472,-0.000732868502382189,-12.883817672729492,-12.884550094604492,False,False,True,False
64,630,640,9,51647,eddy,0.9955649064929879,-0.004444957710802555,-13.334945678710938,-13.339390754699707,False,False,False,False
65,631,641,0,296, in,0.9657635818240501,-0.034836214035749435,-8.968040466308594,-9.002876281738281,False,False,True,True
65,632,642,1,296, in,0.9800838217675866,-0.020117178559303284,-9.350936889648438,-9.371053695678711,False,False,True,True
65,633,643,2,355, is,0.9814892465819874,-0.01868422143161297,-9.850381851196289,-9.86906623840332,False,False,True,True
65,634,644,3,40043, tokens,0.9936418871062306,-0.006378411781042814,-9.985591888427734,-9.99197006225586,False,False,True,True
65,635,645,4,296, in,0.9285253369322026,-0.07415761053562164,-10.182665824890137,-10.256823539733887,False,False,True,False
65,636,646,5,40043, tokens,0.9506650984023548,-0.050593435764312744,-10.228677749633789,-10.279271125793457,False,False,True,False
65,637,647,6,296, in,0.852204617278743,-0.15992861986160278,-11.081942558288574,-11.241870880126953,False,False,True,False
65,638,648,7,40043, tokens,0.9982706463932607,-0.0017308506648987532,-12.045096397399902,-12.04682731628418,False,False,True,False
65,639,649,8,11154, bear,0.9958219582417821,-0.00418679416179657,-12.884550094604492,-12.888736724853516,False,False,True,False
65,637,650,9,355, is,0.11533336012937155,-2.159928560256958,-11.081942558288574,-13.241870880126953,False,False,True,False
66,641,651,0,836, about,0.986491409694185,-0.013600661419332027,-9.002876281738281,-9.01647663116455,False,False,True,True
66,642,652,1,836, about,0.9834832978340491,-0.016654623672366142,-9.371053695678711,-9.38770866394043,False,False,True,True
66,643,653,2,836, about,0.9752348067198512,-0.025077009573578835,-9.86906623840332,-9.894143104553223,False,False,True,True
66,644,654,3,22,.,0.9806160021941945,-0.019574331119656563,-9.99197006225586,-10.011544227600098,False,False,True,True
66,645,655,4,836, about,0.9821629979156816,-0.017997998744249344,-10.256823539733887,-10.274821281433105,False,False,True,False
66,646,656,5,22,.,0.9608935078770434,-0.03989169001579285,-10.279271125793457,-10.319162368774414,False,False,True,False
66,647,657,6,836, about,0.9815375954557052,-0.018634961917996407,-11.241870880126953,-11.260505676269531,False,False,True,False
66,648,658,7,22,.,0.9446558278261993,-0.056934621185064316,-12.04682731628418,-12.103761672973633,False,False,True,False
66,649,659,8,355, is,0.9540200875116628,-0.04707055166363716,-12.888736724853516,-12.935807228088379,False,False,True,False
66,650,660,9,836, about,0.9168891665287562,-0.08676867932081223,-13.241870880126953,-13.32863998413086,False,False,False,False
67,651,661,0,229, ,0.9969050408801149,-0.0030997584108263254,-9.01647663116455,-9.019576072692871,False,False,True,True
67,652,662,1,229, ,0.9968840718152072,-0.0031207927968353033,-9.38770866394043,-9.390829086303711,False,False,True,True
67,653,663,2,229, ,0.9800256560457369,-0.02017652802169323,-9.894143104553223,-9.91431999206543,False,False,True,True
67,654,664,3,440, The,0.8712843339987109,-0.13778690993785858,-10.011544227600098,-10.149331092834473,False,False,True,True
67,655,665,4,229, ,0.9996061684608548,-0.0003939091111533344,-10.274821281433105,-10.275215148925781,False,False,True,False
67,656,666,5,1672, So,0.9727590382420166,-0.027618875727057457,-10.319162368774414,-10.346780776977539,False,False,True,False
67,657,667,6,229, ,0.9922522871832615,-0.007777882274240255,-11.260505676269531,-11.26828384399414,False,False,True,False
67,658,668,7,1672, So,0.9253043015413822,-0.07763262093067169,-12.103761672973633,-12.181394577026367,False,False,True,False
67,659,669,8,836, about,0.9073512111441101,-0.09722568094730377,-12.935807228088379,-13.03303337097168,False,False,True,False
67,654,670,9,1672, So,0.043378694643821346,-3.137786865234375,-10.011544227600098,-13.149331092834473,False,False,True,False
68,661,671,0,1595,100,0.9988394155647783,-0.0011612584348767996,-9.019576072692871,-9.020737648010254,False,False,True,True
68,662,672,1,1595,100,0.9991299337989956,-0.0008704449282959104,-9.390829086303711,-9.39169979095459,False,False,True,True
68,663,673,2,1595,100,0.9960887232572493,-0.003918945789337158,-9.91431999206543,-9.918238639831543,False,False,True,True
68,664,674,3,265, t,0.993311382789088,-0.006711086258292198,-10.149331092834473,-10.156042098999023,False,False,True,True
68,665,675,4,1595,100,0.9999872447683118,-1.2755313036905136e-05,-10.275215148925781,-10.275227546691895,False,False,True,False
68,666,676,5,836, about,0.9204651916039694,-0.08287609368562698,-10.346780776977539,-10.429656982421875,False,False,True,False
68,667,677,6,1595,100,0.9991074429310318,-0.0008929556352086365,-11.26828384399414,-11.269176483154297,False,False,True,False
68,668,678,7,278, the,0.8315376141562614,-0.1844787448644638,-12.181394577026367,-12.365873336791992,False,False,True,False
68,669,679,8,229, ,0.9809322600706544,-0.019251873716711998,-13.03303337097168,-13.052285194396973,False,False,True,False
68,670,680,9,278, the,0.6391019497406464,-0.44769129157066345,-13.149331092834473,-13.59702205657959,False,False,True,False
69,671,681,0,40043, tokens,0.9952951153273587,-0.004715987481176853,-9.020737648010254,-9.025453567504883,False,False,True,True
69,672,682,1,40043, tokens,0.9964129122337656,-0.0035935367923229933,-9.39169979095459,-9.395293235778809,False,False,True,True
69,673,683,2,40043, tokens,0.9861243736061482,-0.013972792774438858,-9.918238639831543,-9.932211875915527,False,False,True,True
69,674,684,3,51647,eddy,0.9996976574692449,-0.0003023882454726845,-10.156042098999023,-10.156344413757324,False,False,True,True
69,675,685,4,40043, tokens,0.9997628297719523,-0.00023719835735391825,-10.275227546691895,-10.27546501159668,False,False,True,False
69,676,686,5,229, ,0.9843642000754713,-0.01575932838022709,-10.429656982421875,-10.445416450500488,False,False,True,False
69,677,687,6,40043, tokens,0.9988635594658378,-0.0011370867723599076,-11.269176483154297,-11.270313262939453,False,False,True,False
69,678,688,7,265, t,0.8827509094975976,-0.12471221387386322,-12.365873336791992,-12.490585327148438,False,False,True,False
69,679,689,8,1595,100,0.9967983087021292,-0.0032068276777863503,-13.052285194396973,-13.055492401123047,False,False,False,False
69,680,690,9,265, t,0.7200521950385752,-0.3284315764904022,-13.59702205657959,-13.925453186035156,False,False,False,False
70,681,691,0,22,.,0.9671008945970467,-0.03345245122909546,-9.025453567504883,-9.058905601501465,False,False,True,True
70,682,692,1,34,:,0.9304865563129306,-0.0720476508140564,-9.395293235778809,-9.467340469360352,False,False,True,True
70,683,693,2,22,.,0.9702633745760298,-0.03018772415816784,-9.932211875915527,-9.96239948272705,False,False,True,True
70,684,694,3,11154, bear,0.9985103181867239,-0.0014907924924045801,-10.156344413757324,-10.157835006713867,False,False,True,True
70,685,695,4,22,.,0.9738993453401341,-0.026447322219610214,-10.27546501159668,-10.301912307739258,False,False,True,False
70,686,696,5,1595,100,0.9996685888426051,-0.00033146608620882034,-10.445416450500488,-10.445748329162598,False,False,True,False
70,687,697,6,355, is,0.9795845921063994,-0.02062668278813362,-11.270313262939453,-11.290940284729004,False,False,True,False
70,688,698,7,51647,eddy,0.9992583533831915,-0.0007419217727147043,-12.490585327148438,-12.491327285766602,False,False,True,False
70,682,699,8,22,.,0.028098257635507606,-3.572047710418701,-9.395293235778809,-12.967340469360352,False,False,False,False
70,681,700,9,63908,".

",0.017713069698630027,-4.03345251083374,-9.025453567504883,-13.058906555175781,False,False,False,False
71,691,701,0,440, The,0.8769819844148843,-0.13126882910728455,-9.058905601501465,-9.190174102783203,False,False,True,True
71,692,702,1,440, The,0.9486831073228814,-0.05268045887351036,-9.467340469360352,-9.520020484924316,False,False,True,True
71,693,703,2,440, The,0.8450369994542408,-0.16837486624717712,-9.96239948272705,-10.13077449798584,False,False,True,True
71,694,704,3,355, is,0.9855457889200658,-0.014559690840542316,-10.157835006713867,-10.172394752502441,False,False,True,True
71,695,705,4,1672, So,0.9793847912161797,-0.0208306685090065,-10.301912307739258,-10.32274341583252,False,False,True,False
71,696,706,5,40043, tokens,0.9562950787426636,-0.04468875378370285,-10.445748329162598,-10.490437507629395,False,False,True,False
71,697,707,6,836, about,0.9792927513684184,-0.020924650132656097,-11.290940284729004,-11.311864852905273,False,False,True,False
71,698,708,7,11154, bear,0.9988666519013315,-0.0011339908232912421,-12.491327285766602,-12.492461204528809,False,False,True,False
71,693,709,8,1672, So,0.06936486713904705,-2.66837477684021,-9.96239948272705,-12.63077449798584,False,False,True,False
71,691,710,9,1672, So,0.026482563605567597,-3.6312687397003174,-9.058905601501465,-12.690174102783203,False,False,False,False
72,701,711,0,265, t,0.9917052959950738,-0.008329296484589577,-9.190174102783203,-9.198503494262695,False,False,True,True
72,702,712,1,265, t,0.9960942823946483,-0.003913364838808775,-9.520020484924316,-9.523933410644531,False,False,True,True
72,703,713,2,265, t,0.9911156961231252,-0.00892400462180376,-10.13077449798584,-10.139698028564453,False,False,True,True
72,704,714,3,296, in,0.9590597589525651,-0.04180189222097397,-10.172394752502441,-10.21419620513916,False,False,True,True
72,705,715,4,278, the,0.9156418585282713,-0.08812997490167618,-10.32274341583252,-10.410873413085938,False,False,True,False
72,706,716,5,22,.,0.9612435390789433,-0.03952747955918312,-10.490437507629395,-10.5299654006958,False,False,True,False
72,707,717,6,229, ,0.9948746557528715,-0.005138523876667023,-11.311864852905273,-11.31700325012207,False,False,True,False
72,708,718,7,296, in,0.9099655047155298,-0.09434858709573746,-12.492461204528809,-12.586810111999512,False,False,True,False
72,709,719,8,278, the,0.7018571025282331,-0.3540254533290863,-12.63077449798584,-12.984800338745117,False,False,True,False
72,705,720,9,522, we,0.05853502433868733,-2.838129997253418,-10.32274341583252,-13.160873413085938,False,False,True,False
73,711,721,0,51647,eddy,0.9994246695076489,-0.0005754960584454238,-9.198503494262695,-9.199078559875488,False,False,True,True
73,712,722,1,51647,eddy,0.99906282122779,-0.0009376181988045573,-9.523933410644531,-9.524870872497559,False,False,True,True
73,713,723,2,51647,eddy,0.9997073076684623,-0.00029273517429828644,-10.139698028564453,-10.13999080657959,False,False,True,True
73,714,724,3,836, about,0.9918707492028795,-0.008162473328411579,-10.21419620513916,-10.222358703613281,False,False,True,True
73,715,725,4,5141, answer,0.9840222930954409,-0.016106726601719856,-10.410873413085938,-10.426980018615723,False,False,True,False
73,716,726,5,1672, So,0.983548564402384,-0.01658826321363449,-10.5299654006958,-10.546553611755371,False,False,True,False
73,717,727,6,1595,100,0.9984783474101339,-0.001522811478935182,-11.31700325012207,-11.318526268005371,False,False,True,False
73,718,728,7,836, about,0.9863590600473033,-0.013734832406044006,-12.586810111999512,-12.600544929504395,False,False,True,False
73,719,729,8,265, t,0.8321884764729307,-0.18369632959365845,-12.984800338745117,-13.168497085571289,False,False,True,False
73,720,730,9,510, can,0.27102417989003647,-1.3055472373962402,-13.160873413085938,-14.466421127319336,False,False,True,False
74,721,731,0,11154, bear,0.9987260855324056,-0.0012747265864163637,-9.199078559875488,-9.200353622436523,False,False,True,True
74,722,732,1,11154, bear,0.9993220398887218,-0.0006781900301575661,-9.524870872497559,-9.525548934936523,False,False,True,True
74,723,733,2,11154, bear,0.9988158674715049,-0.0011848341673612595,-10.13999080657959,-10.141175270080566,False,False,True,True
74,724,734,3,229, ,0.9978530109279495,-0.002149297157302499,-10.222358703613281,-10.224508285522461,False,False,True,True
74,725,735,4,355, is,0.9981056642737073,-0.0018961322493851185,-10.426980018615723,-10.428875923156738,False,False,True,False
74,726,736,5,836, about,0.9684921127628535,-0.032014939934015274,-10.546553611755371,-10.578568458557129,False,False,True,False
74,727,737,6,40043, tokens,0.9943877116588172,-0.005628096405416727,-11.318526268005371,-11.324153900146484,False,False,True,False
74,728,738,7,229, ,0.9988241923917096,-0.00117649941239506,-12.600544929504395,-12.60172176361084,False,False,True,False
74,729,739,8,51647,eddy,0.9993710899134133,-0.0006291079334914684,-13.168497085571289,-13.169126510620117,False,False,True,False
74,730,740,9,5141, answer,0.6223069913435029,-0.47432175278663635,-14.466421127319336,-14.940742492675781,False,False,False,False
75,731,741,0,296, in,0.9589913427322769,-0.041873231530189514,-9.200353622436523,-9.242226600646973,False,False,True,True
75,732,742,1,296, in,0.9771407792223387,-0.023124543949961662,-9.525548934936523,-9.548673629760742,False,False,True,True
75,733,743,2,355, is,0.9875309123896207,-0.012547479011118412,-10.141175270080566,-10.153722763061523,False,False,True,True
75,734,744,3,1595,100,0.9985462135169457,-0.0014548442559316754,-10.224508285522461,-10.225963592529297,False,False,True,True
75,735,745,4,267, a,0.9466749611305165,-0.05479947477579117,-10.428875923156738,-10.483675003051758,False,False,True,False
75,736,746,5,229, ,0.984628097479401,-0.015491275116801262,-10.578568458557129,-10.594059944152832,False,False,True,False
75,737,747,6,22,.,0.961403171450542,-0.03936142474412918,-11.324153900146484,-11.36351490020752,False,False,True,False
75,738,748,7,1595,100,0.9999679337281997,-3.2066785934148356e-05,-12.60172176361084,-12.601754188537598,False,False,True,False
75,739,749,8,11154, bear,0.9956785839490001,-0.004330780357122421,-13.169126510620117,-13.173457145690918,False,False,True,False
75,731,750,9,355, is,0.013679273771882177,-4.291873455047607,-9.200353622436523,-13.492227554321289,False,False,False,False
76,741,751,0,836, about,0.9875785793414522,-0.012499211356043816,-9.242226600646973,-9.254725456237793,False,False,True,True
76,742,752,1,836, about,0.9811041202339114,-0.019076688215136528,-9.548673629760742,-9.567749977111816,False,False,True,True
76,743,753,2,836, about,0.9816693447853163,-0.018500743433833122,-10.153722763061523,-10.172223091125488,False,False,True,True
76,744,754,3,40043, tokens,0.993604813915464,-0.006415722891688347,-10.225963592529297,-10.232378959655762,False,False,True,True
76,745,755,4,265, t,0.9990154671096059,-0.000985017861239612,-10.483675003051758,-10.484660148620605,False,False,True,False
76,746,756,5,1595,100,0.9997329233347368,-0.0002671123365871608,-10.594059944152832,-10.594326972961426,False,False,True,False
76,747,757,6,440, The,0.7646704833621495,-0.2683102786540985,-11.36351490020752,-11.63182544708252,False,False,True,False
76,748,758,7,40043, tokens,0.9984956993636647,-0.001505433232523501,-12.601754188537598,-12.603260040283203,False,False,True,False
76,749,759,8,355, is,0.9643855053355583,-0.03626416251063347,-13.173457145690918,-13.209721565246582,False,False,True,False
76,747,760,9,1672, So,0.13287980137387198,-2.018310308456421,-11.36351490020752,-13.38182544708252,False,False,False,False
77,751,761,0,229, ,0.997405957564941,-0.0025974127929657698,-9.254725456237793,-9.257323265075684,False,False,True,True
77,752,762,1,229, ,0.9973342146441565,-0.002669344889000058,-9.567749977111816,-9.570419311523438,False,False,True,True
77,753,763,2,229, ,0.9874419859712599,-0.012637532316148281,-10.172223091125488,-10.184860229492188,False,False,True,True
77,754,764,3,22,.,0.9825154680294564,-0.017639191821217537,-10.232378959655762,-10.250018119812012,False,False,True,True
77,755,765,4,51647,eddy,0.9998487462893615,-0.0001512651506345719,-10.484660148620605,-10.484811782836914,False,False,True,False
77,756,766,5,40043, tokens,0.9562513645892657,-0.044734466820955276,-10.594326972961426,-10.639060974121094,False,False,True,False
77,757,767,6,265, t,0.9782411917783682,-0.021999021992087364,-11.63182544708252,-11.653824806213379,False,False,True,False
77,758,768,7,22,.,0.9479798167381245,-0.05342206731438637,-12.603260040283203,-12.656682014465332,False,False,True,False
77,759,769,8,836, about,0.904005324218973,-0.10092002898454666,-13.209721565246582,-13.310641288757324,False,False,True,False
77,756,770,9,22,.,0.042014752263699884,-3.169734477996826,-10.594326972961426,-13.764060974121094,False,False,True,False
78,761,771,0,1595,100,0.9991815833333826,-0.0008187517523765564,-9.257323265075684,-9.258142471313477,False,False,True,True
78,762,772,1,1595,100,0.9993121590220382,-0.000688077649101615,-9.570419311523438,-9.571107864379883,False,False,True,True
78,763,773,2,1595,100,0.9975965707078591,-0.0024063221644610167,-10.184860229492188,-10.18726634979248,False,False,True,True
78,764,774,3,440, The,0.911197089632694,-0.09299606084823608,-10.250018119812012,-10.343013763427734,False,False,True,True
78,765,775,4,11154, bear,0.9999436171854098,-5.638440416078083e-05,-10.484811782836914,-10.484868049621582,False,False,True,False
78,766,776,5,22,.,0.9697745445461486,-0.030691662803292274,-10.639060974121094,-10.669753074645996,False,False,True,False
78,767,777,6,51647,eddy,0.9993183494141861,-0.000681883015204221,-11.653824806213379,-11.65450668334961,False,False,True,False
78,768,778,7,1672, So,0.939613382994388,-0.06228678300976753,-12.656682014465332,-12.718968391418457,False,False,True,False
78,769,779,8,229, ,0.981788718458581,-0.018379148095846176,-13.310641288757324,-13.329020500183105,False,False,True,False
78,770,780,9,1672, So,0.9676915049293778,-0.03284193575382233,-13.764060974121094,-13.796902656555176,False,False,False,False
79,771,781,0,40043, tokens,0.9950470695359497,-0.004965236876159906,-9.258142471313477,-9.263107299804688,False,False,True,True
79,772,782,1,40043, tokens,0.9965136430257664,-0.003492448478937149,-9.571107864379883,-9.574600219726562,False,False,True,True
79,773,783,2,40043, tokens,0.9890279853188333,-0.0110326511785388,-10.18726634979248,-10.198299407958984,False,False,True,True
79,774,784,3,265, t,0.994270086400473,-0.005746392533183098,-10.343013763427734,-10.348760604858398,False,False,True,True
79,775,785,4,296, in,0.9299134638627208,-0.07266374677419662,-10.484868049621582,-10.557531356811523,False,False,True,False
79,776,786,5,1672, So,0.9846982546344131,-0.01542002521455288,-10.669753074645996,-10.685173034667969,False,False,True,False
79,777,787,6,11154, bear,0.9976958796546183,-0.0023067789152264595,-11.65450668334961,-11.656813621520996,False,False,True,False
79,778,788,7,278, the,0.8696547479591881,-0.13965898752212524,-12.718968391418457,-12.858627319335938,False,False,True,False
79,779,789,8,1595,100,0.99805424463875,-0.001947650802321732,-13.329020500183105,-13.330967903137207,False,False,True,False
79,775,790,9,22,.,0.046297663476808054,-3.0726637840270996,-10.484868049621582,-13.557531356811523,False,False,False,False
80,781,791,0,22,.,0.971640643747621,-0.028769250959157944,-9.263107299804688,-9.291876792907715,False,False,True,True
80,782,792,1,34,:,0.9505254919628291,-0.05074029788374901,-9.574600219726562,-9.625340461730957,False,False,True,True
80,783,793,2,22,.,0.9735246717134438,-0.026832111179828644,-10.198299407958984,-10.22513198852539,False,False,True,True
80,784,794,3,51647,eddy,0.9997198174797889,-0.0002802217786666006,-10.348760604858398,-10.349040985107422,False,False,True,True
80,785,795,4,836, about,0.9853787349309089,-0.014729209244251251,-10.557531356811523,-10.572260856628418,False,False,True,False
80,786,796,5,836, about,0.969089800187655,-0.031397998332977295,-10.685173034667969,-10.716570854187012,False,False,True,False
80,787,797,6,296, in,0.8972913317910318,-0.108374685049057,-11.656813621520996,-11.765188217163086,False,False,True,False
80,788,798,7,265, t,0.9253560497597444,-0.07757669687271118,-12.858627319335938,-12.936203956604004,False,False,True,False
80,781,799,8,63908,".

",0.017796223337152334,-4.028769016265869,-9.263107299804688,-13.291875839233398,False,False,False,False
80,789,800,9,40043, tokens,0.9933930177651802,-0.0066289049573242664,-13.330967903137207,-13.337596893310547,False,False,False,False
81,791,801,0,440, The,0.9044746449661742,-0.10040100663900375,-9.291876792907715,-9.392277717590332,False,False,True,True
81,792,802,1,440, The,0.9546163367197279,-0.04644576087594032,-9.625340461730957,-9.671786308288574,False,False,True,True
81,794,803,2,11154, bear,0.9981943843346918,-0.0018072477541863918,-10.349040985107422,-10.350848197937012,False,False,True,True
81,793,804,3,440, The,0.8688669467960087,-0.14056527614593506,-10.22513198852539,-10.365696907043457,False,False,True,True
81,795,805,4,229, ,0.9997782007205326,-0.00022182388056535274,-10.572260856628418,-10.57248306274414,False,False,True,False
81,796,806,5,229, ,0.9904934633612913,-0.00955201219767332,-10.716570854187012,-10.726122856140137,False,False,True,False
81,797,807,6,836, about,0.97904381867868,-0.021178878843784332,-11.765188217163086,-11.786367416381836,False,False,True,False
81,798,808,7,51647,eddy,0.9995183881008686,-0.0004817279113922268,-12.936203956604004,-12.936685562133789,False,False,True,False
81,793,809,8,1672, So,0.06294050301790168,-2.7655653953552246,-10.22513198852539,-12.990697860717773,False,False,True,False
81,791,810,9,1672, So,0.018771773918289294,-3.975400924682617,-9.291876792907715,-13.267277717590332,False,False,True,False
82,801,811,0,265, t,0.9925865499872093,-0.007441066205501556,-9.392277717590332,-9.39971923828125,False,False,True,True
82,802,812,1,265, t,0.9969753000482193,-0.0030292836017906666,-9.671786308288574,-9.67481517791748,False,False,True,True
82,803,813,2,355, is,0.9880601558652153,-0.012011696584522724,-10.350848197937012,-10.362859725952148,False,False,True,True
82,804,814,3,265, t,0.992489312420245,-0.007539034821093082,-10.365696907043457,-10.373235702514648,False,False,True,True
82,805,815,4,1595,100,0.9999904633477849,-9.536697689327411e-06,-10.57248306274414,-10.572492599487305,False,False,True,False
82,806,816,5,1595,100,0.9998096589988692,-0.00019035911827813834,-10.726122856140137,-10.726313591003418,False,False,True,False
82,807,817,6,229, ,0.9949873495151631,-0.005025255959481001,-11.786367416381836,-11.79139232635498,False,False,True,False
82,808,818,7,11154, bear,0.9990612744144164,-0.0009391664643771946,-12.936685562133789,-12.93762493133545,False,False,True,False
82,809,819,8,278, the,0.7673943648555728,-0.26475444436073303,-12.990697860717773,-13.255452156066895,False,False,True,False
82,810,820,9,278, the,0.6350305751628841,-0.4540821313858032,-13.267277717590332,-13.721360206604004,False,False,False,False
83,811,821,0,51647,eddy,0.9994954034270155,-0.000504723924677819,-9.39971923828125,-9.400223731994629,False,False,True,True
83,812,822,1,51647,eddy,0.9990671047368971,-0.0009333306807093322,-9.67481517791748,-9.675748825073242,False,False,True,True
83,814,823,2,51647,eddy,0.9997379274618065,-0.000262106885202229,-10.373235702514648,-10.37349796295166,False,False,True,True
83,813,824,3,296, in,0.9687907533902967,-0.03170663118362427,-10.362859725952148,-10.394566535949707,False,False,True,True
83,815,825,4,40043, tokens,0.9998118039525784,-0.00018821375851985067,-10.572492599487305,-10.572680473327637,False,False,True,False
83,816,826,5,40043, tokens,0.9614021793739175,-0.039362456649541855,-10.726313591003418,-10.765676498413086,False,False,True,False
83,817,827,6,1595,100,0.9992533540413328,-0.0007469248375855386,-11.79139232635498,-11.792139053344727,False,False,True,False
83,818,828,7,296, in,0.9327724178135154,-0.06959403306245804,-12.93762493133545,-13.007219314575195,False,False,True,False
83,819,829,8,265, t,0.8358445721314074,-0.179312601685524,-13.255452156066895,-13.434764862060547,False,False,True,False
83,816,830,9,22,.,0.03727760888500415,-3.2893624305725098,-10.726313591003418,-14.015676498413086,False,False,True,False
84,821,831,0,11154, bear,0.9984550540158939,-0.0015461406437680125,-9.400223731994629,-9.401769638061523,False,False,True,True
84,822,832,1,11154, bear,0.999302516447143,-0.0006977269076742232,-9.675748825073242,-9.676446914672852,False,False,True,True
84,823,833,2,11154, bear,0.9983104451352479,-0.001690983772277832,-10.37349796295166,-10.375188827514648,False,False,True,True
84,824,834,3,836, about,0.9885917149540551,-0.01147385872900486,-10.394566535949707,-10.40604019165039,False,False,True,True
84,825,835,4,22,.,0.983922455451233,-0.016208190470933914,-10.572680473327637,-10.588889122009277,False,False,True,False
84,826,836,5,22,.,0.9762889991789612,-0.023996630683541298,-10.765676498413086,-10.7896728515625,False,False,True,False
84,827,837,6,40043, tokens,0.9989835828491598,-0.001016934053041041,-11.792139053344727,-11.793155670166016,False,False,True,False
84,828,838,7,836, about,0.9883097371595546,-0.011759131215512753,-13.007219314575195,-13.018978118896484,False,False,True,False
84,829,839,8,51647,eddy,0.9994272891522336,-0.0005728749092668295,-13.434764862060547,-13.435338020324707,False,False,True,False
84,830,840,9,1672, So,0.9694535630552534,-0.031022703275084496,-14.015676498413086,-14.046699523925781,False,False,False,False
85,831,841,0,296, in,0.963423455437639,-0.037262238562107086,-9.401769638061523,-9.439031600952148,False,False,True,True
85,832,842,1,296, in,0.9763776340973807,-0.02390584722161293,-9.676446914672852,-9.700352668762207,False,False,True,True
85,833,843,2,355, is,0.9910005995914652,-0.009040139615535736,-10.375188827514648,-10.384228706359863,False,False,True,True
85,834,844,3,229, ,0.9965575637817302,-0.0034483750350773335,-10.40604019165039,-10.409488677978516,False,False,True,True
85,835,845,4,1672, So,0.9869690238289912,-0.01311662420630455,-10.588889122009277,-10.602005958557129,False,False,True,False
85,836,846,5,1672, So,0.9860234144826197,-0.01407517772167921,-10.7896728515625,-10.80374813079834,False,False,True,False
85,837,847,6,355, is,0.9889014816053798,-0.011160566471517086,-11.793155670166016,-11.804316520690918,False,False,True,False
85,838,848,7,229, ,0.997768505122257,-0.0022339883726090193,-13.018978118896484,-13.021212577819824,False,False,True,False
85,839,849,8,11154, bear,0.9961297676772236,-0.003877741051837802,-13.435338020324707,-13.439215660095215,False,False,True,False
85,831,850,9,355, is,0.012127709057067235,-4.412262439727783,-9.401769638061523,-13.814031600952148,False,False,False,False
86,841,851,0,836, about,0.98969227830276,-0.01036121416836977,-9.439031600952148,-9.449393272399902,False,False,True,True
86,842,852,1,836, about,0.9801778420184059,-0.02002125233411789,-9.700352668762207,-9.72037410736084,False,False,True,True
86,843,853,2,836, about,0.9827729625821708,-0.017377149313688278,-10.384228706359863,-10.401605606079102,False,False,True,True
86,844,854,3,1595,100,0.9985377743197786,-0.0014632957754656672,-10.409488677978516,-10.410951614379883,False,False,True,True
86,845,855,4,278, the,0.9032668911948502,-0.10173720866441727,-10.602005958557129,-10.703742980957031,False,False,True,False
86,846,856,5,836, about,0.954789095881311,-0.046264804899692535,-10.80374813079834,-10.85001277923584,False,False,True,False
86,847,857,6,836, about,0.9874545389597728,-0.01262481976300478,-11.804316520690918,-11.816941261291504,False,False,True,False
86,848,858,7,1595,100,0.9999721058045592,-2.7894584491150454e-05,-13.021212577819824,-13.021240234375,False,False,True,False
86,845,859,8,522, we,0.07414465765379728,-2.6017372608184814,-10.602005958557129,-13.203742980957031,False,False,True,False
86,849,860,9,355, is,0.955363457092905,-0.04566342756152153,-13.439215660095215,-13.484879493713379,False,False,True,False
87,851,861,0,229, ,0.995818766491493,-0.004189999308437109,-9.449393272399902,-9.453583717346191,False,False,True,True
87,852,862,1,229, ,0.9956411218169003,-0.004368405789136887,-9.72037410736084,-9.724742889404297,False,False,True,True
87,853,863,2,229, ,0.988756713160716,-0.01130697038024664,-10.401605606079102,-10.412912368774414,False,False,True,True
87,854,864,3,40043, tokens,0.9917860808196043,-0.008247839286923409,-10.410951614379883,-10.419198989868164,False,False,True,True
87,855,865,4,5141, answer,0.9859331362928984,-0.014166739769279957,-10.703742980957031,-10.717909812927246,False,False,True,False
87,856,866,5,229, ,0.992311327360691,-0.007718382868915796,-10.85001277923584,-10.857730865478516,False,False,True,False
87,857,867,6,229, ,0.9963490041740867,-0.0036576769780367613,-11.816941261291504,-11.820598602294922,False,False,True,False
87,858,868,7,40043, tokens,0.9985613093468462,-0.0014397265622392297,-13.021240234375,-13.022680282592773,False,False,True,False
87,860,869,8,836, about,0.9209230563759573,-0.08237878978252411,-13.484879493713379,-13.56725788116455,False,False,True,False
87,859,870,9,510, can,0.2752690544096996,-1.2900062799453735,-13.203742980957031,-14.493749618530273,False,False,True,False
88,861,871,0,1595,100,0.9988664139855588,-0.0011342290090397,-9.453583717346191,-9.454717636108398,False,False,True,True
88,862,872,1,1595,100,0.9992177649896787,-0.0007825411157682538,-9.724742889404297,-9.725525856018066,False,False,True,True
88,863,873,2,1595,100,0.9974563615474014,-0.0025468789972364902,-10.412912368774414,-10.415459632873535,False,False,True,True
88,864,874,3,22,.,0.986634587605647,-0.013455533422529697,-10.419198989868164,-10.43265438079834,False,False,True,True
88,865,875,4,355, is,0.9984264140077298,-0.0015748253790661693,-10.717909812927246,-10.719484329223633,False,False,True,False
88,866,876,5,1595,100,0.9997784390280643,-0.0002215855201939121,-10.857730865478516,-10.857952117919922,False,False,True,False
88,867,877,6,1595,100,0.9982022239115208,-0.0017993940273299813,-11.820598602294922,-11.82239818572998,False,False,True,False
88,868,878,7,22,.,0.9549837723613777,-0.04606093093752861,-13.022680282592773,-13.068740844726562,False,False,True,False
88,869,879,8,229, ,0.985147754435354,-0.014963644556701183,-13.56725788116455,-13.582221984863281,False,False,True,False
88,870,880,9,5141, answer,0.6349528155133426,-0.45420458912849426,-14.493749618530273,-14.947954177856445,False,False,False,False
89,871,881,0,40043, tokens,0.9939667226701989,-0.0060515510849654675,-9.454717636108398,-9.460769653320312,False,False,True,True
89,872,882,1,40043, tokens,0.9976458073467683,-0.0023569681216031313,-9.725525856018066,-9.727882385253906,False,False,True,True
89,873,883,2,40043, tokens,0.9889986006926914,-0.011062362231314182,-10.415459632873535,-10.426522254943848,False,False,True,True
89,874,884,3,440, The,0.915991296703859,-0.08774841576814651,-10.43265438079834,-10.520402908325195,False,False,True,True
89,875,885,4,267, a,0.9558326350451265,-0.045172449201345444,-10.719484329223633,-10.764657020568848,False,False,True,False
89,876,886,5,40043, tokens,0.9613608604708228,-0.03940543532371521,-10.857952117919922,-10.897357940673828,False,False,True,False
89,877,887,6,40043, tokens,0.9908576730679972,-0.00918437447398901,-11.82239818572998,-11.831583023071289,False,False,True,False
89,878,888,7,1672, So,0.9457271121396688,-0.05580121651291847,-13.068740844726562,-13.124542236328125,False,False,True,False
89,879,889,8,1595,100,0.9977731336990158,-0.0022293494548648596,-13.582221984863281,-13.584451675415039,False,False,True,False
89,874,890,9,1672, So,0.02441033849704755,-3.7127485275268555,-10.43265438079834,-14.145402908325195,False,False,False,False
90,881,891,0,22,.,0.9658805661425267,-0.034715089946985245,-9.460769653320312,-9.495484352111816,False,False,True,True
90,882,892,1,34,:,0.953432820276607,-0.04768631234765053,-9.727882385253906,-9.775568962097168,False,False,True,True
90,883,893,2,22,.,0.9791039249258416,-0.02111748792231083,-10.426522254943848,-10.447639465332031,False,False,True,True
90,884,894,3,265, t,0.996095583473839,-0.003912058658897877,-10.520402908325195,-10.524314880371094,False,False,True,True
90,885,895,4,265, t,0.9992049106602654,-0.0007954055909067392,-10.764657020568848,-10.76545238494873,False,False,True,False
90,886,896,5,22,.,0.9815849155243508,-0.01858675293624401,-10.897357940673828,-10.915945053100586,False,False,True,False
90,887,897,6,22,.,0.9674687421846835,-0.03307216241955757,-11.831583023071289,-11.864655494689941,False,False,True,False
90,888,898,7,278, the,0.9025577277821277,-0.10252262651920319,-13.124542236328125,-13.227065086364746,False,False,True,False
90,881,899,8,63908,".

",0.017690718143342186,-4.034715175628662,-9.460769653320312,-13.495485305786133,False,False,False,False
90,889,900,9,40043, tokens,0.9935459725215192,-0.0064749447628855705,-13.584451675415039,-13.590926170349121,False,False,True,False
91,891,901,0,440, The,0.9325748797229106,-0.06980583071708679,-9.495484352111816,-9.565290451049805,False,False,True,True
91,892,902,1,440, The,0.9776780849496353,-0.02257481962442398,-9.775568962097168,-9.79814338684082,False,False,True,True
91,894,903,2,51647,eddy,0.9997588977517851,-0.0002411313180346042,-10.524314880371094,-10.524556159973145,False,False,True,True
91,893,904,3,440, The,0.8751807985797162,-0.1333247870206833,-10.447639465332031,-10.580964088439941,False,False,True,True
91,895,905,4,51647,eddy,0.9998199072075284,-0.00018010901112575084,-10.76545238494873,-10.765632629394531,False,False,True,False
91,896,906,5,1672, So,0.990067117134487,-0.00998254306614399,-10.915945053100586,-10.92592716217041,False,False,True,False
91,897,907,6,440, The,0.7781670347402974,-0.2508140802383423,-11.864655494689941,-12.115469932556152,False,False,True,False
91,893,908,7,1672, So,0.06339787968664651,-2.7583248615264893,-10.447639465332031,-13.205964088439941,False,False,True,False
91,898,909,8,265, t,0.9543319061569069,-0.04674375802278519,-13.227065086364746,-13.273808479309082,False,False,True,False
91,900,910,9,22,.,0.936945922155546,-0.06512971222400665,-13.590926170349121,-13.656055450439453,False,False,True,False
92,901,911,0,265, t,0.9944532545392479,-0.005562185775488615,-9.565290451049805,-9.570852279663086,False,False,True,True
92,902,912,1,265, t,0.9980974700182139,-0.0019043420907109976,-9.79814338684082,-9.800047874450684,False,False,True,True
92,903,913,2,11154, bear,0.9986089770960495,-0.0013919912744313478,-10.524556159973145,-10.525948524475098,False,False,True,True
92,904,914,3,265, t,0.994617031526351,-0.005397508852183819,-10.580964088439941,-10.5863618850708,False,False,True,True
92,905,915,4,11154, bear,0.9999496962111042,-5.030505417380482e-05,-10.765632629394531,-10.7656831741333,False,False,True,False
92,906,916,5,836, about,0.9687332488640638,-0.03176598995923996,-10.92592716217041,-10.957693099975586,False,False,True,False
92,907,917,6,265, t,0.9875928807034487,-0.01248473022133112,-12.115469932556152,-12.127954483032227,False,False,True,False
92,909,918,7,51647,eddy,0.9997093330533721,-0.0002907091984525323,-13.273808479309082,-13.274099349975586,False,False,True,False
92,908,919,8,278, the,0.8207339915544505,-0.19755622744560242,-13.205964088439941,-13.403520584106445,False,False,True,False
92,910,920,9,440, The,0.4893804931985119,-0.714614987373352,-13.656055450439453,-14.370670318603516,False,False,False,False
93,911,921,0,51647,eddy,0.9994113336330238,-0.0005888396990485489,-9.570852279663086,-9.571440696716309,False,False,True,True
93,912,922,1,51647,eddy,0.9991054200449585,-0.0008949803304858506,-9.800047874450684,-9.800942420959473,False,False,True,True
93,913,923,2,355, is,0.9922974765802782,-0.007732341066002846,-10.525948524475098,-10.53368091583252,False,False,True,True
93,914,924,3,51647,eddy,0.9998057266053867,-0.00019429226813372225,-10.5863618850708,-10.586556434631348,False,False,True,True
93,915,925,4,296, in,0.9567480409078764,-0.04421520233154297,-10.7656831741333,-10.809898376464844,False,False,True,False
93,916,926,5,229, ,0.9987240641160647,-0.0012767505832016468,-10.957693099975586,-10.958970069885254,False,False,True,False
93,917,927,6,51647,eddy,0.9994419352857232,-0.000558220490347594,-12.127954483032227,-12.128512382507324,False,False,True,False
93,918,928,7,11154, bear,0.9995127907127679,-0.0004873280122410506,-13.274099349975586,-13.27458667755127,False,False,True,False
93,919,929,8,265, t,0.8906028643980481,-0.11585666984319687,-13.403520584106445,-13.519377708435059,False,False,True,False
93,915,930,9,22,.,0.028891287429847208,-3.544215202331543,-10.7656831741333,-14.309898376464844,False,False,True,False
94,921,931,0,11154, bear,0.9988645110102662,-0.0011361341457813978,-9.571440696716309,-9.572576522827148,False,False,True,True
94,922,932,1,11154, bear,0.9993771620009404,-0.000623032043222338,-9.800942420959473,-9.801565170288086,False,False,True,True
94,923,933,2,296, in,0.9654465857650791,-0.03516450151801109,-10.53368091583252,-10.568845748901367,False,False,True,True
94,924,934,3,11154, bear,0.9984467351944512,-0.0015544723719358444,-10.586556434631348,-10.58811092376709,False,False,True,True
94,925,935,4,836, about,0.9874581421107871,-0.012621170841157436,-10.809898376464844,-10.822519302368164,False,False,True,False
94,926,936,5,1595,100,0.9996995636611218,-0.00030048147891648114,-10.958970069885254,-10.959270477294922,False,False,True,False
94,927,937,6,11154, bear,0.9981587519487443,-0.0018429452320560813,-12.128512382507324,-12.130354881286621,False,False,True,False
94,928,938,7,296, in,0.943886802177584,-0.057749032974243164,-13.27458667755127,-13.332335472106934,False,False,True,False
94,929,939,8,51647,eddy,0.9993937117287399,-0.0006064721383154392,-13.519377708435059,-13.519984245300293,False,False,True,False
94,930,940,9,1672, So,0.9518012500768727,-0.049399036914110184,-14.309898376464844,-14.359297752380371,False,False,False,False
95,931,941,0,296, in,0.953857367202908,-0.047241128981113434,-9.572576522827148,-9.619817733764648,False,False,True,True
95,932,942,1,296, in,0.9684672906307604,-0.03204056993126869,-9.801565170288086,-9.833605766296387,False,False,True,True
95,933,943,2,836, about,0.9913266388243733,-0.008711193688213825,-10.568845748901367,-10.577556610107422,False,False,True,True
95,934,944,3,355, is,0.9905597800271435,-0.009485061280429363,-10.58811092376709,-10.597596168518066,False,False,True,True
95,935,945,4,229, ,0.9997619957088622,-0.00023803261865396053,-10.822519302368164,-10.822757720947266,False,False,True,False
95,936,946,5,40043, tokens,0.9562562699081307,-0.044729337096214294,-10.959270477294922,-11.003999710083008,False,False,True,False
95,937,947,6,296, in,0.9164838697674089,-0.08721081167459488,-12.130354881286621,-12.217565536499023,False,False,True,False
95,938,948,7,836, about,0.9907260210892603,-0.009317249990999699,-13.332335472106934,-13.341652870178223,False,False,True,False
95,939,949,8,11154, bear,0.9966081188767307,-0.0033976465929299593,-13.519984245300293,-13.523382186889648,False,False,True,False
95,931,950,9,355, is,0.015417667129090016,-4.1722412109375,-9.572576522827148,-13.744817733764648,False,False,False,False
96,941,951,0,836, about,0.989867689391537,-0.010183991864323616,-9.619817733764648,-9.63000202178955,False,False,True,True
96,942,952,1,836, about,0.9829132189058856,-0.017234444618225098,-9.833605766296387,-9.85084056854248,False,False,True,True
96,943,953,2,229, ,0.9983661686431156,-0.0016351675149053335,-10.577556610107422,-10.579192161560059,False,False,True,True
96,944,954,3,836, about,0.9870266235761826,-0.013058265671133995,-10.597596168518066,-10.610654830932617,False,False,True,True
96,945,955,4,1595,100,0.9999930859092101,-6.9141146923357155e-06,-10.822757720947266,-10.82276439666748,False,False,True,False
96,946,956,5,22,.,0.985571493953748,-0.01453360915184021,-11.003999710083008,-11.018533706665039,False,False,True,False
96,947,957,6,836, about,0.9875439337272672,-0.012534293346107006,-12.217565536499023,-12.23009967803955,False,False,True,False
96,948,958,7,229, ,0.9995735318946571,-0.00042655906872823834,-13.341652870178223,-13.342079162597656,False,False,True,False
96,949,959,8,355, is,0.9766113415861529,-0.023666514083743095,-13.523382186889648,-13.547048568725586,False,False,True,False
96,942,960,9,229, ,0.010919180847885799,-4.5172343254089355,-9.833605766296387,-14.350839614868164,False,False,True,False
97,951,961,0,229, ,0.9964997927530114,-0.003506347304210067,-9.63000202178955,-9.633508682250977,False,False,True,True
97,952,962,1,229, ,0.9983468013096212,-0.0016545667313039303,-9.85084056854248,-9.852495193481445,False,False,True,True
97,953,963,2,1595,100,0.9981085144198326,-0.0018932766979560256,-10.579192161560059,-10.581085205078125,False,False,True,True
97,954,964,3,229, ,0.9908861153452436,-0.009155670180916786,-10.610654830932617,-10.619810104370117,False,False,True,True
97,955,965,4,40043, tokens,0.9998196688755632,-0.00018034738604910672,-10.82276439666748,-10.822944641113281,False,False,True,False
97,956,966,5,1672, So,0.9900473693184817,-0.01000248920172453,-11.018533706665039,-11.028535842895508,False,False,True,False
97,957,967,6,229, ,0.9953560538181431,-0.004654762800782919,-12.23009967803955,-12.23475456237793,False,False,True,False
97,958,968,7,1595,100,0.999968291333751,-3.1709168979432434e-05,-13.342079162597656,-13.342110633850098,False,False,True,False
97,959,969,8,836, about,0.9212269641165107,-0.08204884082078934,-13.547048568725586,-13.629096984863281,False,False,True,False
97,960,970,9,1595,100,0.9866807750229349,-0.013408721424639225,-14.350839614868164,-14.364248275756836,False,False,True,False
98,961,971,0,1595,100,0.9990820973087875,-0.0009183242218568921,-9.633508682250977,-9.634427070617676,False,False,True,True
98,962,972,1,1595,100,0.999391330445599,-0.000608854868914932,-9.852495193481445,-9.853103637695312,False,False,True,True
98,963,973,2,40043, tokens,0.9913754926075716,-0.008661913685500622,-10.581085205078125,-10.589747428894043,False,False,True,True
98,964,974,3,1595,100,0.9979906008800373,-0.0020114206708967686,-10.619810104370117,-10.621821403503418,False,False,True,True
98,965,975,4,22,.,0.9839763529216012,-0.01615341380238533,-10.822944641113281,-10.83909797668457,False,False,True,False
98,966,976,5,836, about,0.9577979456975777,-0.0431184358894825,-11.028535842895508,-11.071654319763184,False,False,True,False
98,967,977,6,1595,100,0.9992093144170648,-0.0007909983396530151,-12.23475456237793,-12.23554515838623,False,False,True,False
98,968,978,7,40043, tokens,0.9987307228532111,-0.0012700833613052964,-13.342110633850098,-13.34338092803955,False,False,True,False
98,969,979,8,229, ,0.9875233560825518,-0.012555130757391453,-13.629096984863281,-13.64165210723877,False,False,True,False
98,970,980,9,40043, tokens,0.9927579366746336,-0.007268414366990328,-14.364248275756836,-14.371516227722168,False,False,True,False
99,971,981,0,40043, tokens,0.9933699609623963,-0.006652115378528833,-9.634427070617676,-9.64107894897461,False,False,True,True
99,972,982,1,40043, tokens,0.9963549213203098,-0.003651738166809082,-9.853103637695312,-9.856755256652832,False,False,True,True
99,973,983,2,22,.,0.9875318422166984,-0.012546537443995476,-10.589747428894043,-10.602293968200684,False,False,True,True
99,974,984,3,40043, tokens,0.9892814383937132,-0.010776419192552567,-10.621821403503418,-10.632597923278809,False,False,True,True
99,975,985,4,1672, So,0.9876120654012241,-0.01246530469506979,-10.83909797668457,-10.851563453674316,False,False,True,False
99,976,986,5,229, ,0.993842367719073,-0.006176668684929609,-11.071654319763184,-11.077831268310547,False,False,True,False
99,977,987,6,40043, tokens,0.9988710526556457,-0.0011295850854367018,-12.23554515838623,-12.236674308776855,False,False,True,False
99,978,988,7,22,.,0.9649661462096762,-0.03566225990653038,-13.34338092803955,-13.379043579101562,False,False,True,False
99,979,989,8,1595,100,0.9987074176418242,-0.00129341846331954,-13.64165210723877,-13.642945289611816,False,False,True,False
99,980,990,9,34,:,0.8235260808803478,-0.19416005909442902,-14.371516227722168,-14.56567668914795,False,False,False,False
100,981,991,0,22,.,0.9558591024963641,-0.045144759118556976,-9.64107894897461,-9.686223983764648,False,False,True,True
100,982,992,1,34,:,0.9586805266120665,-0.042197391390800476,-9.856755256652832,-9.89895248413086,False,False,True,True
100,984,993,2,22,.,0.9785659650082215,-0.021667080000042915,-10.632597923278809,-10.654265403747559,False,False,True,True
100,983,994,3,440, The,0.9217515188207505,-0.08147959411144257,-10.602293968200684,-10.6837739944458,False,False,True,True
100,985,995,4,278, the,0.917717815420081,-0.0858653262257576,-10.851563453674316,-10.93742847442627,False,False,True,False
100,986,996,5,1595,100,0.9997588977517851,-0.0002411313180346042,-11.077831268310547,-11.078072547912598,False,False,True,False
100,987,997,6,355, is,0.9896489610461665,-0.010404983535408974,-12.236674308776855,-12.247078895568848,False,False,True,False
100,988,998,7,1672, So,0.9639434526551376,-0.03672264516353607,-13.379043579101562,-13.415765762329102,False,False,True,False
100,981,999,8,63908,".

",0.022479650609230194,-3.79514479637146,-9.64107894897461,-13.436223983764648,False,False,True,False
100,989,1000,9,40043, tokens,0.9927937721107696,-0.007232318166643381,-13.642945289611816,-13.650177955627441,False,False,True,False
