name,role,component,layer,dtype,shape,params
lm_head.weight,lm_head.weight,language model,,BF16,"(248320, 4096)",1017118720
model.language_model.embed_tokens.weight,model.language_model.embed_tokens.weight,language model,,BF16,"(248320, 4096)",1017118720
model.language_model.layers.0.input_layernorm.weight,model.language_model.layers.N.input_layernorm.weight,language model,0.0,BF16,"(4096,)",4096
model.language_model.layers.0.linear_attn.A_log,model.language_model.layers.N.linear_attn.A_log,language model,0.0,F32,"(32,)",32
model.language_model.layers.0.linear_attn.conv1d.weight,model.language_model.layers.N.linear_attn.conv1d.weight,language model,0.0,BF16,"(8192, 1, 4)",32768
model.language_model.layers.0.linear_attn.dt_bias,model.language_model.layers.N.linear_attn.dt_bias,language model,0.0,BF16,"(32,)",32
model.language_model.layers.0.linear_attn.in_proj_a.weight,model.language_model.layers.N.linear_attn.in_proj_a.weight,language model,0.0,BF16,"(32, 4096)",131072
model.language_model.layers.0.linear_attn.in_proj_b.weight,model.language_model.layers.N.linear_attn.in_proj_b.weight,language model,0.0,BF16,"(32, 4096)",131072
model.language_model.layers.0.linear_attn.in_proj_qkv.weight,model.language_model.layers.N.linear_attn.in_proj_qkv.weight,language model,0.0,BF16,"(8192, 4096)",33554432
model.language_model.layers.0.linear_attn.in_proj_z.weight,model.language_model.layers.N.linear_attn.in_proj_z.weight,language model,0.0,BF16,"(4096, 4096)",16777216
model.language_model.layers.0.linear_attn.norm.weight,model.language_model.layers.N.linear_attn.norm.weight,language model,0.0,F32,"(128,)",128
model.language_model.layers.0.linear_attn.out_proj.weight,model.language_model.layers.N.linear_attn.out_proj.weight,language model,0.0,BF16,"(4096, 4096)",16777216
model.language_model.layers.0.mlp.down_proj.weight,model.language_model.layers.N.mlp.down_proj.weight,language model,0.0,BF16,"(4096, 12288)",50331648
model.language_model.layers.0.mlp.gate_proj.weight,model.language_model.layers.N.mlp.gate_proj.weight,language model,0.0,BF16,"(12288, 4096)",50331648
model.language_model.layers.0.mlp.up_proj.weight,model.language_model.layers.N.mlp.up_proj.weight,language model,0.0,BF16,"(12288, 4096)",50331648
model.language_model.layers.0.post_attention_layernorm.weight,model.language_model.layers.N.post_attention_layernorm.weight,language model,0.0,BF16,"(4096,)",4096
model.language_model.layers.1.input_layernorm.weight,model.language_model.layers.N.input_layernorm.weight,language model,1.0,BF16,"(4096,)",4096
model.language_model.layers.1.linear_attn.A_log,model.language_model.layers.N.linear_attn.A_log,language model,1.0,F32,"(32,)",32
model.language_model.layers.1.linear_attn.conv1d.weight,model.language_model.layers.N.linear_attn.conv1d.weight,language model,1.0,BF16,"(8192, 1, 4)",32768
model.language_model.layers.1.linear_attn.dt_bias,model.language_model.layers.N.linear_attn.dt_bias,language model,1.0,BF16,"(32,)",32
model.language_model.layers.1.linear_attn.in_proj_a.weight,model.language_model.layers.N.linear_attn.in_proj_a.weight,language model,1.0,BF16,"(32, 4096)",131072
model.language_model.layers.1.linear_attn.in_proj_b.weight,model.language_model.layers.N.linear_attn.in_proj_b.weight,language model,1.0,BF16,"(32, 4096)",131072
model.language_model.layers.1.linear_attn.in_proj_qkv.weight,model.language_model.layers.N.linear_attn.in_proj_qkv.weight,language model,1.0,BF16,"(8192, 4096)",33554432
model.language_model.layers.1.linear_attn.in_proj_z.weight,model.language_model.layers.N.linear_attn.in_proj_z.weight,language model,1.0,BF16,"(4096, 4096)",16777216
model.language_model.layers.1.linear_attn.norm.weight,model.language_model.layers.N.linear_attn.norm.weight,language model,1.0,F32,"(128,)",128
model.language_model.layers.1.linear_attn.out_proj.weight,model.language_model.layers.N.linear_attn.out_proj.weight,language model,1.0,BF16,"(4096, 4096)",16777216
model.language_model.layers.1.mlp.down_proj.weight,model.language_model.layers.N.mlp.down_proj.weight,language model,1.0,BF16,"(4096, 12288)",50331648
model.language_model.layers.1.mlp.gate_proj.weight,model.language_model.layers.N.mlp.gate_proj.weight,language model,1.0,BF16,"(12288, 4096)",50331648
model.language_model.layers.1.mlp.up_proj.weight,model.language_model.layers.N.mlp.up_proj.weight,language model,1.0,BF16,"(12288, 4096)",50331648
model.language_model.layers.1.post_attention_layernorm.weight,model.language_model.layers.N.post_attention_layernorm.weight,language model,1.0,BF16,"(4096,)",4096
model.language_model.layers.10.input_layernorm.weight,model.language_model.layers.N.input_layernorm.weight,language model,10.0,BF16,"(4096,)",4096
model.language_model.layers.10.linear_attn.A_log,model.language_model.layers.N.linear_attn.A_log,language model,10.0,F32,"(32,)",32
model.language_model.layers.10.linear_attn.conv1d.weight,model.language_model.layers.N.linear_attn.conv1d.weight,language model,10.0,BF16,"(8192, 1, 4)",32768
model.language_model.layers.10.linear_attn.dt_bias,model.language_model.layers.N.linear_attn.dt_bias,language model,10.0,BF16,"(32,)",32
model.language_model.layers.10.linear_attn.in_proj_a.weight,model.language_model.layers.N.linear_attn.in_proj_a.weight,language model,10.0,BF16,"(32, 4096)",131072
model.language_model.layers.10.linear_attn.in_proj_b.weight,model.language_model.layers.N.linear_attn.in_proj_b.weight,language model,10.0,BF16,"(32, 4096)",131072
model.language_model.layers.10.linear_attn.in_proj_qkv.weight,model.language_model.layers.N.linear_attn.in_proj_qkv.weight,language model,10.0,BF16,"(8192, 4096)",33554432
model.language_model.layers.10.linear_attn.in_proj_z.weight,model.language_model.layers.N.linear_attn.in_proj_z.weight,language model,10.0,BF16,"(4096, 4096)",16777216
model.language_model.layers.10.linear_attn.norm.weight,model.language_model.layers.N.linear_attn.norm.weight,language model,10.0,F32,"(128,)",128
model.language_model.layers.10.linear_attn.out_proj.weight,model.language_model.layers.N.linear_attn.out_proj.weight,language model,10.0,BF16,"(4096, 4096)",16777216
model.language_model.layers.10.mlp.down_proj.weight,model.language_model.layers.N.mlp.down_proj.weight,language model,10.0,BF16,"(4096, 12288)",50331648
model.language_model.layers.10.mlp.gate_proj.weight,model.language_model.layers.N.mlp.gate_proj.weight,language model,10.0,BF16,"(12288, 4096)",50331648
model.language_model.layers.10.mlp.up_proj.weight,model.language_model.layers.N.mlp.up_proj.weight,language model,10.0,BF16,"(12288, 4096)",50331648
model.language_model.layers.10.post_attention_layernorm.weight,model.language_model.layers.N.post_attention_layernorm.weight,language model,10.0,BF16,"(4096,)",4096
model.language_model.layers.11.input_layernorm.weight,model.language_model.layers.N.input_layernorm.weight,language model,11.0,BF16,"(4096,)",4096
model.language_model.layers.11.mlp.down_proj.weight,model.language_model.layers.N.mlp.down_proj.weight,language model,11.0,BF16,"(4096, 12288)",50331648
model.language_model.layers.11.mlp.gate_proj.weight,model.language_model.layers.N.mlp.gate_proj.weight,language model,11.0,BF16,"(12288, 4096)",50331648
model.language_model.layers.11.mlp.up_proj.weight,model.language_model.layers.N.mlp.up_proj.weight,language model,11.0,BF16,"(12288, 4096)",50331648
model.language_model.layers.11.post_attention_layernorm.weight,model.language_model.layers.N.post_attention_layernorm.weight,language model,11.0,BF16,"(4096,)",4096
model.language_model.layers.11.self_attn.k_norm.weight,model.language_model.layers.N.self_attn.k_norm.weight,language model,11.0,BF16,"(256,)",256
model.language_model.layers.11.self_attn.k_proj.weight,model.language_model.layers.N.self_attn.k_proj.weight,language model,11.0,BF16,"(1024, 4096)",4194304
model.language_model.layers.11.self_attn.o_proj.weight,model.language_model.layers.N.self_attn.o_proj.weight,language model,11.0,BF16,"(4096, 4096)",16777216
model.language_model.layers.11.self_attn.q_norm.weight,model.language_model.layers.N.self_attn.q_norm.weight,language model,11.0,BF16,"(256,)",256
model.language_model.layers.11.self_attn.q_proj.weight,model.language_model.layers.N.self_attn.q_proj.weight,language model,11.0,BF16,"(8192, 4096)",33554432
model.language_model.layers.11.self_attn.v_proj.weight,model.language_model.layers.N.self_attn.v_proj.weight,language model,11.0,BF16,"(1024, 4096)",4194304
model.language_model.layers.12.input_layernorm.weight,model.language_model.layers.N.input_layernorm.weight,language model,12.0,BF16,"(4096,)",4096
model.language_model.layers.12.linear_attn.A_log,model.language_model.layers.N.linear_attn.A_log,language model,12.0,F32,"(32,)",32
model.language_model.layers.12.linear_attn.conv1d.weight,model.language_model.layers.N.linear_attn.conv1d.weight,language model,12.0,BF16,"(8192, 1, 4)",32768
model.language_model.layers.12.linear_attn.dt_bias,model.language_model.layers.N.linear_attn.dt_bias,language model,12.0,BF16,"(32,)",32
model.language_model.layers.12.linear_attn.in_proj_a.weight,model.language_model.layers.N.linear_attn.in_proj_a.weight,language model,12.0,BF16,"(32, 4096)",131072
model.language_model.layers.12.linear_attn.in_proj_b.weight,model.language_model.layers.N.linear_attn.in_proj_b.weight,language model,12.0,BF16,"(32, 4096)",131072
model.language_model.layers.12.linear_attn.in_proj_qkv.weight,model.language_model.layers.N.linear_attn.in_proj_qkv.weight,language model,12.0,BF16,"(8192, 4096)",33554432
model.language_model.layers.12.linear_attn.in_proj_z.weight,model.language_model.layers.N.linear_attn.in_proj_z.weight,language model,12.0,BF16,"(4096, 4096)",16777216
model.language_model.layers.12.linear_attn.norm.weight,model.language_model.layers.N.linear_attn.norm.weight,language model,12.0,F32,"(128,)",128
model.language_model.layers.12.linear_attn.out_proj.weight,model.language_model.layers.N.linear_attn.out_proj.weight,language model,12.0,BF16,"(4096, 4096)",16777216
model.language_model.layers.12.mlp.down_proj.weight,model.language_model.layers.N.mlp.down_proj.weight,language model,12.0,BF16,"(4096, 12288)",50331648
model.language_model.layers.12.mlp.gate_proj.weight,model.language_model.layers.N.mlp.gate_proj.weight,language model,12.0,BF16,"(12288, 4096)",50331648
model.language_model.layers.12.mlp.up_proj.weight,model.language_model.layers.N.mlp.up_proj.weight,language model,12.0,BF16,"(12288, 4096)",50331648
model.language_model.layers.12.post_attention_layernorm.weight,model.language_model.layers.N.post_attention_layernorm.weight,language model,12.0,BF16,"(4096,)",4096
model.language_model.layers.13.input_layernorm.weight,model.language_model.layers.N.input_layernorm.weight,language model,13.0,BF16,"(4096,)",4096
model.language_model.layers.13.linear_attn.A_log,model.language_model.layers.N.linear_attn.A_log,language model,13.0,F32,"(32,)",32
model.language_model.layers.13.linear_attn.conv1d.weight,model.language_model.layers.N.linear_attn.conv1d.weight,language model,13.0,BF16,"(8192, 1, 4)",32768
model.language_model.layers.13.linear_attn.dt_bias,model.language_model.layers.N.linear_attn.dt_bias,language model,13.0,BF16,"(32,)",32
model.language_model.layers.13.linear_attn.in_proj_a.weight,model.language_model.layers.N.linear_attn.in_proj_a.weight,language model,13.0,BF16,"(32, 4096)",131072
model.language_model.layers.13.linear_attn.in_proj_b.weight,model.language_model.layers.N.linear_attn.in_proj_b.weight,language model,13.0,BF16,"(32, 4096)",131072
model.language_model.layers.13.linear_attn.in_proj_qkv.weight,model.language_model.layers.N.linear_attn.in_proj_qkv.weight,language model,13.0,BF16,"(8192, 4096)",33554432
model.language_model.layers.13.linear_attn.in_proj_z.weight,model.language_model.layers.N.linear_attn.in_proj_z.weight,language model,13.0,BF16,"(4096, 4096)",16777216
model.language_model.layers.13.linear_attn.norm.weight,model.language_model.layers.N.linear_attn.norm.weight,language model,13.0,F32,"(128,)",128
model.language_model.layers.13.linear_attn.out_proj.weight,model.language_model.layers.N.linear_attn.out_proj.weight,language model,13.0,BF16,"(4096, 4096)",16777216
model.language_model.layers.13.mlp.down_proj.weight,model.language_model.layers.N.mlp.down_proj.weight,language model,13.0,BF16,"(4096, 12288)",50331648
model.language_model.layers.13.mlp.gate_proj.weight,model.language_model.layers.N.mlp.gate_proj.weight,language model,13.0,BF16,"(12288, 4096)",50331648
model.language_model.layers.13.mlp.up_proj.weight,model.language_model.layers.N.mlp.up_proj.weight,language model,13.0,BF16,"(12288, 4096)",50331648
model.language_model.layers.13.post_attention_layernorm.weight,model.language_model.layers.N.post_attention_layernorm.weight,language model,13.0,BF16,"(4096,)",4096
model.language_model.layers.14.input_layernorm.weight,model.language_model.layers.N.input_layernorm.weight,language model,14.0,BF16,"(4096,)",4096
model.language_model.layers.14.linear_attn.A_log,model.language_model.layers.N.linear_attn.A_log,language model,14.0,F32,"(32,)",32
model.language_model.layers.14.linear_attn.conv1d.weight,model.language_model.layers.N.linear_attn.conv1d.weight,language model,14.0,BF16,"(8192, 1, 4)",32768
model.language_model.layers.14.linear_attn.dt_bias,model.language_model.layers.N.linear_attn.dt_bias,language model,14.0,BF16,"(32,)",32
model.language_model.layers.14.linear_attn.in_proj_a.weight,model.language_model.layers.N.linear_attn.in_proj_a.weight,language model,14.0,BF16,"(32, 4096)",131072
model.language_model.layers.14.linear_attn.in_proj_b.weight,model.language_model.layers.N.linear_attn.in_proj_b.weight,language model,14.0,BF16,"(32, 4096)",131072
model.language_model.layers.14.linear_attn.in_proj_qkv.weight,model.language_model.layers.N.linear_attn.in_proj_qkv.weight,language model,14.0,BF16,"(8192, 4096)",33554432
model.language_model.layers.14.linear_attn.in_proj_z.weight,model.language_model.layers.N.linear_attn.in_proj_z.weight,language model,14.0,BF16,"(4096, 4096)",16777216
model.language_model.layers.14.linear_attn.norm.weight,model.language_model.layers.N.linear_attn.norm.weight,language model,14.0,F32,"(128,)",128
model.language_model.layers.14.linear_attn.out_proj.weight,model.language_model.layers.N.linear_attn.out_proj.weight,language model,14.0,BF16,"(4096, 4096)",16777216
model.language_model.layers.14.mlp.down_proj.weight,model.language_model.layers.N.mlp.down_proj.weight,language model,14.0,BF16,"(4096, 12288)",50331648
model.language_model.layers.14.mlp.gate_proj.weight,model.language_model.layers.N.mlp.gate_proj.weight,language model,14.0,BF16,"(12288, 4096)",50331648
model.language_model.layers.14.mlp.up_proj.weight,model.language_model.layers.N.mlp.up_proj.weight,language model,14.0,BF16,"(12288, 4096)",50331648
model.language_model.layers.14.post_attention_layernorm.weight,model.language_model.layers.N.post_attention_layernorm.weight,language model,14.0,BF16,"(4096,)",4096
model.language_model.layers.15.input_layernorm.weight,model.language_model.layers.N.input_layernorm.weight,language model,15.0,BF16,"(4096,)",4096
model.language_model.layers.15.mlp.down_proj.weight,model.language_model.layers.N.mlp.down_proj.weight,language model,15.0,BF16,"(4096, 12288)",50331648
model.language_model.layers.15.mlp.gate_proj.weight,model.language_model.layers.N.mlp.gate_proj.weight,language model,15.0,BF16,"(12288, 4096)",50331648
model.language_model.layers.15.mlp.up_proj.weight,model.language_model.layers.N.mlp.up_proj.weight,language model,15.0,BF16,"(12288, 4096)",50331648
model.language_model.layers.15.post_attention_layernorm.weight,model.language_model.layers.N.post_attention_layernorm.weight,language model,15.0,BF16,"(4096,)",4096
model.language_model.layers.15.self_attn.k_norm.weight,model.language_model.layers.N.self_attn.k_norm.weight,language model,15.0,BF16,"(256,)",256
model.language_model.layers.15.self_attn.k_proj.weight,model.language_model.layers.N.self_attn.k_proj.weight,language model,15.0,BF16,"(1024, 4096)",4194304
model.language_model.layers.15.self_attn.o_proj.weight,model.language_model.layers.N.self_attn.o_proj.weight,language model,15.0,BF16,"(4096, 4096)",16777216
model.language_model.layers.15.self_attn.q_norm.weight,model.language_model.layers.N.self_attn.q_norm.weight,language model,15.0,BF16,"(256,)",256
model.language_model.layers.15.self_attn.q_proj.weight,model.language_model.layers.N.self_attn.q_proj.weight,language model,15.0,BF16,"(8192, 4096)",33554432
model.language_model.layers.15.self_attn.v_proj.weight,model.language_model.layers.N.self_attn.v_proj.weight,language model,15.0,BF16,"(1024, 4096)",4194304
model.language_model.layers.16.input_layernorm.weight,model.language_model.layers.N.input_layernorm.weight,language model,16.0,BF16,"(4096,)",4096
model.language_model.layers.16.linear_attn.A_log,model.language_model.layers.N.linear_attn.A_log,language model,16.0,F32,"(32,)",32
model.language_model.layers.16.linear_attn.conv1d.weight,model.language_model.layers.N.linear_attn.conv1d.weight,language model,16.0,BF16,"(8192, 1, 4)",32768
model.language_model.layers.16.linear_attn.dt_bias,model.language_model.layers.N.linear_attn.dt_bias,language model,16.0,BF16,"(32,)",32
model.language_model.layers.16.linear_attn.in_proj_a.weight,model.language_model.layers.N.linear_attn.in_proj_a.weight,language model,16.0,BF16,"(32, 4096)",131072
model.language_model.layers.16.linear_attn.in_proj_b.weight,model.language_model.layers.N.linear_attn.in_proj_b.weight,language model,16.0,BF16,"(32, 4096)",131072
model.language_model.layers.16.linear_attn.in_proj_qkv.weight,model.language_model.layers.N.linear_attn.in_proj_qkv.weight,language model,16.0,BF16,"(8192, 4096)",33554432
model.language_model.layers.16.linear_attn.in_proj_z.weight,model.language_model.layers.N.linear_attn.in_proj_z.weight,language model,16.0,BF16,"(4096, 4096)",16777216
model.language_model.layers.16.linear_attn.norm.weight,model.language_model.layers.N.linear_attn.norm.weight,language model,16.0,F32,"(128,)",128
model.language_model.layers.16.linear_attn.out_proj.weight,model.language_model.layers.N.linear_attn.out_proj.weight,language model,16.0,BF16,"(4096, 4096)",16777216
model.language_model.layers.16.mlp.down_proj.weight,model.language_model.layers.N.mlp.down_proj.weight,language model,16.0,BF16,"(4096, 12288)",50331648
model.language_model.layers.16.mlp.gate_proj.weight,model.language_model.layers.N.mlp.gate_proj.weight,language model,16.0,BF16,"(12288, 4096)",50331648
model.language_model.layers.16.mlp.up_proj.weight,model.language_model.layers.N.mlp.up_proj.weight,language model,16.0,BF16,"(12288, 4096)",50331648
model.language_model.layers.16.post_attention_layernorm.weight,model.language_model.layers.N.post_attention_layernorm.weight,language model,16.0,BF16,"(4096,)",4096
model.language_model.layers.17.input_layernorm.weight,model.language_model.layers.N.input_layernorm.weight,language model,17.0,BF16,"(4096,)",4096
model.language_model.layers.17.linear_attn.A_log,model.language_model.layers.N.linear_attn.A_log,language model,17.0,F32,"(32,)",32
model.language_model.layers.17.linear_attn.conv1d.weight,model.language_model.layers.N.linear_attn.conv1d.weight,language model,17.0,BF16,"(8192, 1, 4)",32768
model.language_model.layers.17.linear_attn.dt_bias,model.language_model.layers.N.linear_attn.dt_bias,language model,17.0,BF16,"(32,)",32
model.language_model.layers.17.linear_attn.in_proj_a.weight,model.language_model.layers.N.linear_attn.in_proj_a.weight,language model,17.0,BF16,"(32, 4096)",131072
model.language_model.layers.17.linear_attn.in_proj_b.weight,model.language_model.layers.N.linear_attn.in_proj_b.weight,language model,17.0,BF16,"(32, 4096)",131072
model.language_model.layers.17.linear_attn.in_proj_qkv.weight,model.language_model.layers.N.linear_attn.in_proj_qkv.weight,language model,17.0,BF16,"(8192, 4096)",33554432
model.language_model.layers.17.linear_attn.in_proj_z.weight,model.language_model.layers.N.linear_attn.in_proj_z.weight,language model,17.0,BF16,"(4096, 4096)",16777216
model.language_model.layers.17.linear_attn.norm.weight,model.language_model.layers.N.linear_attn.norm.weight,language model,17.0,F32,"(128,)",128
model.language_model.layers.17.linear_attn.out_proj.weight,model.language_model.layers.N.linear_attn.out_proj.weight,language model,17.0,BF16,"(4096, 4096)",16777216
model.language_model.layers.17.mlp.down_proj.weight,model.language_model.layers.N.mlp.down_proj.weight,language model,17.0,BF16,"(4096, 12288)",50331648
model.language_model.layers.17.mlp.gate_proj.weight,model.language_model.layers.N.mlp.gate_proj.weight,language model,17.0,BF16,"(12288, 4096)",50331648
model.language_model.layers.17.mlp.up_proj.weight,model.language_model.layers.N.mlp.up_proj.weight,language model,17.0,BF16,"(12288, 4096)",50331648
model.language_model.layers.17.post_attention_layernorm.weight,model.language_model.layers.N.post_attention_layernorm.weight,language model,17.0,BF16,"(4096,)",4096
model.language_model.layers.18.input_layernorm.weight,model.language_model.layers.N.input_layernorm.weight,language model,18.0,BF16,"(4096,)",4096
model.language_model.layers.18.linear_attn.A_log,model.language_model.layers.N.linear_attn.A_log,language model,18.0,F32,"(32,)",32
model.language_model.layers.18.linear_attn.conv1d.weight,model.language_model.layers.N.linear_attn.conv1d.weight,language model,18.0,BF16,"(8192, 1, 4)",32768
model.language_model.layers.18.linear_attn.dt_bias,model.language_model.layers.N.linear_attn.dt_bias,language model,18.0,BF16,"(32,)",32
model.language_model.layers.18.linear_attn.in_proj_a.weight,model.language_model.layers.N.linear_attn.in_proj_a.weight,language model,18.0,BF16,"(32, 4096)",131072
model.language_model.layers.18.linear_attn.in_proj_b.weight,model.language_model.layers.N.linear_attn.in_proj_b.weight,language model,18.0,BF16,"(32, 4096)",131072
model.language_model.layers.18.linear_attn.in_proj_qkv.weight,model.language_model.layers.N.linear_attn.in_proj_qkv.weight,language model,18.0,BF16,"(8192, 4096)",33554432
model.language_model.layers.18.linear_attn.in_proj_z.weight,model.language_model.layers.N.linear_attn.in_proj_z.weight,language model,18.0,BF16,"(4096, 4096)",16777216
model.language_model.layers.18.linear_attn.norm.weight,model.language_model.layers.N.linear_attn.norm.weight,language model,18.0,F32,"(128,)",128
model.language_model.layers.18.linear_attn.out_proj.weight,model.language_model.layers.N.linear_attn.out_proj.weight,language model,18.0,BF16,"(4096, 4096)",16777216
model.language_model.layers.18.mlp.down_proj.weight,model.language_model.layers.N.mlp.down_proj.weight,language model,18.0,BF16,"(4096, 12288)",50331648
model.language_model.layers.18.mlp.gate_proj.weight,model.language_model.layers.N.mlp.gate_proj.weight,language model,18.0,BF16,"(12288, 4096)",50331648
model.language_model.layers.18.mlp.up_proj.weight,model.language_model.layers.N.mlp.up_proj.weight,language model,18.0,BF16,"(12288, 4096)",50331648
model.language_model.layers.18.post_attention_layernorm.weight,model.language_model.layers.N.post_attention_layernorm.weight,language model,18.0,BF16,"(4096,)",4096
model.language_model.layers.19.input_layernorm.weight,model.language_model.layers.N.input_layernorm.weight,language model,19.0,BF16,"(4096,)",4096
model.language_model.layers.19.mlp.down_proj.weight,model.language_model.layers.N.mlp.down_proj.weight,language model,19.0,BF16,"(4096, 12288)",50331648
model.language_model.layers.19.mlp.gate_proj.weight,model.language_model.layers.N.mlp.gate_proj.weight,language model,19.0,BF16,"(12288, 4096)",50331648
model.language_model.layers.19.mlp.up_proj.weight,model.language_model.layers.N.mlp.up_proj.weight,language model,19.0,BF16,"(12288, 4096)",50331648
model.language_model.layers.19.post_attention_layernorm.weight,model.language_model.layers.N.post_attention_layernorm.weight,language model,19.0,BF16,"(4096,)",4096
model.language_model.layers.19.self_attn.k_norm.weight,model.language_model.layers.N.self_attn.k_norm.weight,language model,19.0,BF16,"(256,)",256
model.language_model.layers.19.self_attn.k_proj.weight,model.language_model.layers.N.self_attn.k_proj.weight,language model,19.0,BF16,"(1024, 4096)",4194304
model.language_model.layers.19.self_attn.o_proj.weight,model.language_model.layers.N.self_attn.o_proj.weight,language model,19.0,BF16,"(4096, 4096)",16777216
model.language_model.layers.19.self_attn.q_norm.weight,model.language_model.layers.N.self_attn.q_norm.weight,language model,19.0,BF16,"(256,)",256
model.language_model.layers.19.self_attn.q_proj.weight,model.language_model.layers.N.self_attn.q_proj.weight,language model,19.0,BF16,"(8192, 4096)",33554432
model.language_model.layers.19.self_attn.v_proj.weight,model.language_model.layers.N.self_attn.v_proj.weight,language model,19.0,BF16,"(1024, 4096)",4194304
model.language_model.layers.2.input_layernorm.weight,model.language_model.layers.N.input_layernorm.weight,language model,2.0,BF16,"(4096,)",4096
model.language_model.layers.2.linear_attn.A_log,model.language_model.layers.N.linear_attn.A_log,language model,2.0,F32,"(32,)",32
model.language_model.layers.2.linear_attn.conv1d.weight,model.language_model.layers.N.linear_attn.conv1d.weight,language model,2.0,BF16,"(8192, 1, 4)",32768
model.language_model.layers.2.linear_attn.dt_bias,model.language_model.layers.N.linear_attn.dt_bias,language model,2.0,BF16,"(32,)",32
model.language_model.layers.2.linear_attn.in_proj_a.weight,model.language_model.layers.N.linear_attn.in_proj_a.weight,language model,2.0,BF16,"(32, 4096)",131072
model.language_model.layers.2.linear_attn.in_proj_b.weight,model.language_model.layers.N.linear_attn.in_proj_b.weight,language model,2.0,BF16,"(32, 4096)",131072
model.language_model.layers.2.linear_attn.in_proj_qkv.weight,model.language_model.layers.N.linear_attn.in_proj_qkv.weight,language model,2.0,BF16,"(8192, 4096)",33554432
model.language_model.layers.2.linear_attn.in_proj_z.weight,model.language_model.layers.N.linear_attn.in_proj_z.weight,language model,2.0,BF16,"(4096, 4096)",16777216
model.language_model.layers.2.linear_attn.norm.weight,model.language_model.layers.N.linear_attn.norm.weight,language model,2.0,F32,"(128,)",128
model.language_model.layers.2.linear_attn.out_proj.weight,model.language_model.layers.N.linear_attn.out_proj.weight,language model,2.0,BF16,"(4096, 4096)",16777216
model.language_model.layers.2.mlp.down_proj.weight,model.language_model.layers.N.mlp.down_proj.weight,language model,2.0,BF16,"(4096, 12288)",50331648
model.language_model.layers.2.mlp.gate_proj.weight,model.language_model.layers.N.mlp.gate_proj.weight,language model,2.0,BF16,"(12288, 4096)",50331648
model.language_model.layers.2.mlp.up_proj.weight,model.language_model.layers.N.mlp.up_proj.weight,language model,2.0,BF16,"(12288, 4096)",50331648
model.language_model.layers.2.post_attention_layernorm.weight,model.language_model.layers.N.post_attention_layernorm.weight,language model,2.0,BF16,"(4096,)",4096
model.language_model.layers.20.input_layernorm.weight,model.language_model.layers.N.input_layernorm.weight,language model,20.0,BF16,"(4096,)",4096
model.language_model.layers.20.linear_attn.A_log,model.language_model.layers.N.linear_attn.A_log,language model,20.0,F32,"(32,)",32
model.language_model.layers.20.linear_attn.conv1d.weight,model.language_model.layers.N.linear_attn.conv1d.weight,language model,20.0,BF16,"(8192, 1, 4)",32768
model.language_model.layers.20.linear_attn.dt_bias,model.language_model.layers.N.linear_attn.dt_bias,language model,20.0,BF16,"(32,)",32
model.language_model.layers.20.linear_attn.in_proj_a.weight,model.language_model.layers.N.linear_attn.in_proj_a.weight,language model,20.0,BF16,"(32, 4096)",131072
model.language_model.layers.20.linear_attn.in_proj_b.weight,model.language_model.layers.N.linear_attn.in_proj_b.weight,language model,20.0,BF16,"(32, 4096)",131072
model.language_model.layers.20.linear_attn.in_proj_qkv.weight,model.language_model.layers.N.linear_attn.in_proj_qkv.weight,language model,20.0,BF16,"(8192, 4096)",33554432
model.language_model.layers.20.linear_attn.in_proj_z.weight,model.language_model.layers.N.linear_attn.in_proj_z.weight,language model,20.0,BF16,"(4096, 4096)",16777216
model.language_model.layers.20.linear_attn.norm.weight,model.language_model.layers.N.linear_attn.norm.weight,language model,20.0,F32,"(128,)",128
model.language_model.layers.20.linear_attn.out_proj.weight,model.language_model.layers.N.linear_attn.out_proj.weight,language model,20.0,BF16,"(4096, 4096)",16777216
model.language_model.layers.20.mlp.down_proj.weight,model.language_model.layers.N.mlp.down_proj.weight,language model,20.0,BF16,"(4096, 12288)",50331648
model.language_model.layers.20.mlp.gate_proj.weight,model.language_model.layers.N.mlp.gate_proj.weight,language model,20.0,BF16,"(12288, 4096)",50331648
model.language_model.layers.20.mlp.up_proj.weight,model.language_model.layers.N.mlp.up_proj.weight,language model,20.0,BF16,"(12288, 4096)",50331648
model.language_model.layers.20.post_attention_layernorm.weight,model.language_model.layers.N.post_attention_layernorm.weight,language model,20.0,BF16,"(4096,)",4096
model.language_model.layers.21.input_layernorm.weight,model.language_model.layers.N.input_layernorm.weight,language model,21.0,BF16,"(4096,)",4096
model.language_model.layers.21.linear_attn.A_log,model.language_model.layers.N.linear_attn.A_log,language model,21.0,F32,"(32,)",32
model.language_model.layers.21.linear_attn.conv1d.weight,model.language_model.layers.N.linear_attn.conv1d.weight,language model,21.0,BF16,"(8192, 1, 4)",32768
model.language_model.layers.21.linear_attn.dt_bias,model.language_model.layers.N.linear_attn.dt_bias,language model,21.0,BF16,"(32,)",32
model.language_model.layers.21.linear_attn.in_proj_a.weight,model.language_model.layers.N.linear_attn.in_proj_a.weight,language model,21.0,BF16,"(32, 4096)",131072
model.language_model.layers.21.linear_attn.in_proj_b.weight,model.language_model.layers.N.linear_attn.in_proj_b.weight,language model,21.0,BF16,"(32, 4096)",131072
model.language_model.layers.21.linear_attn.in_proj_qkv.weight,model.language_model.layers.N.linear_attn.in_proj_qkv.weight,language model,21.0,BF16,"(8192, 4096)",33554432
model.language_model.layers.21.linear_attn.in_proj_z.weight,model.language_model.layers.N.linear_attn.in_proj_z.weight,language model,21.0,BF16,"(4096, 4096)",16777216
model.language_model.layers.21.linear_attn.norm.weight,model.language_model.layers.N.linear_attn.norm.weight,language model,21.0,F32,"(128,)",128
model.language_model.layers.21.linear_attn.out_proj.weight,model.language_model.layers.N.linear_attn.out_proj.weight,language model,21.0,BF16,"(4096, 4096)",16777216
model.language_model.layers.21.mlp.down_proj.weight,model.language_model.layers.N.mlp.down_proj.weight,language model,21.0,BF16,"(4096, 12288)",50331648
model.language_model.layers.21.mlp.gate_proj.weight,model.language_model.layers.N.mlp.gate_proj.weight,language model,21.0,BF16,"(12288, 4096)",50331648
model.language_model.layers.21.mlp.up_proj.weight,model.language_model.layers.N.mlp.up_proj.weight,language model,21.0,BF16,"(12288, 4096)",50331648
model.language_model.layers.21.post_attention_layernorm.weight,model.language_model.layers.N.post_attention_layernorm.weight,language model,21.0,BF16,"(4096,)",4096
model.language_model.layers.22.input_layernorm.weight,model.language_model.layers.N.input_layernorm.weight,language model,22.0,BF16,"(4096,)",4096
model.language_model.layers.22.linear_attn.A_log,model.language_model.layers.N.linear_attn.A_log,language model,22.0,F32,"(32,)",32
model.language_model.layers.22.linear_attn.conv1d.weight,model.language_model.layers.N.linear_attn.conv1d.weight,language model,22.0,BF16,"(8192, 1, 4)",32768
model.language_model.layers.22.linear_attn.dt_bias,model.language_model.layers.N.linear_attn.dt_bias,language model,22.0,BF16,"(32,)",32
model.language_model.layers.22.linear_attn.in_proj_a.weight,model.language_model.layers.N.linear_attn.in_proj_a.weight,language model,22.0,BF16,"(32, 4096)",131072
model.language_model.layers.22.linear_attn.in_proj_b.weight,model.language_model.layers.N.linear_attn.in_proj_b.weight,language model,22.0,BF16,"(32, 4096)",131072
model.language_model.layers.22.linear_attn.in_proj_qkv.weight,model.language_model.layers.N.linear_attn.in_proj_qkv.weight,language model,22.0,BF16,"(8192, 4096)",33554432
model.language_model.layers.22.linear_attn.in_proj_z.weight,model.language_model.layers.N.linear_attn.in_proj_z.weight,language model,22.0,BF16,"(4096, 4096)",16777216
model.language_model.layers.22.linear_attn.norm.weight,model.language_model.layers.N.linear_attn.norm.weight,language model,22.0,F32,"(128,)",128
model.language_model.layers.22.linear_attn.out_proj.weight,model.language_model.layers.N.linear_attn.out_proj.weight,language model,22.0,BF16,"(4096, 4096)",16777216
model.language_model.layers.22.mlp.down_proj.weight,model.language_model.layers.N.mlp.down_proj.weight,language model,22.0,BF16,"(4096, 12288)",50331648
model.language_model.layers.22.mlp.gate_proj.weight,model.language_model.layers.N.mlp.gate_proj.weight,language model,22.0,BF16,"(12288, 4096)",50331648
model.language_model.layers.22.mlp.up_proj.weight,model.language_model.layers.N.mlp.up_proj.weight,language model,22.0,BF16,"(12288, 4096)",50331648
model.language_model.layers.22.post_attention_layernorm.weight,model.language_model.layers.N.post_attention_layernorm.weight,language model,22.0,BF16,"(4096,)",4096
model.language_model.layers.23.input_layernorm.weight,model.language_model.layers.N.input_layernorm.weight,language model,23.0,BF16,"(4096,)",4096
model.language_model.layers.23.mlp.down_proj.weight,model.language_model.layers.N.mlp.down_proj.weight,language model,23.0,BF16,"(4096, 12288)",50331648
model.language_model.layers.23.mlp.gate_proj.weight,model.language_model.layers.N.mlp.gate_proj.weight,language model,23.0,BF16,"(12288, 4096)",50331648
model.language_model.layers.23.mlp.up_proj.weight,model.language_model.layers.N.mlp.up_proj.weight,language model,23.0,BF16,"(12288, 4096)",50331648
model.language_model.layers.23.post_attention_layernorm.weight,model.language_model.layers.N.post_attention_layernorm.weight,language model,23.0,BF16,"(4096,)",4096
model.language_model.layers.23.self_attn.k_norm.weight,model.language_model.layers.N.self_attn.k_norm.weight,language model,23.0,BF16,"(256,)",256
model.language_model.layers.23.self_attn.k_proj.weight,model.language_model.layers.N.self_attn.k_proj.weight,language model,23.0,BF16,"(1024, 4096)",4194304
model.language_model.layers.23.self_attn.o_proj.weight,model.language_model.layers.N.self_attn.o_proj.weight,language model,23.0,BF16,"(4096, 4096)",16777216
model.language_model.layers.23.self_attn.q_norm.weight,model.language_model.layers.N.self_attn.q_norm.weight,language model,23.0,BF16,"(256,)",256
model.language_model.layers.23.self_attn.q_proj.weight,model.language_model.layers.N.self_attn.q_proj.weight,language model,23.0,BF16,"(8192, 4096)",33554432
model.language_model.layers.23.self_attn.v_proj.weight,model.language_model.layers.N.self_attn.v_proj.weight,language model,23.0,BF16,"(1024, 4096)",4194304
model.language_model.layers.24.input_layernorm.weight,model.language_model.layers.N.input_layernorm.weight,language model,24.0,BF16,"(4096,)",4096
model.language_model.layers.24.linear_attn.A_log,model.language_model.layers.N.linear_attn.A_log,language model,24.0,F32,"(32,)",32
model.language_model.layers.24.linear_attn.conv1d.weight,model.language_model.layers.N.linear_attn.conv1d.weight,language model,24.0,BF16,"(8192, 1, 4)",32768
model.language_model.layers.24.linear_attn.dt_bias,model.language_model.layers.N.linear_attn.dt_bias,language model,24.0,BF16,"(32,)",32
model.language_model.layers.24.linear_attn.in_proj_a.weight,model.language_model.layers.N.linear_attn.in_proj_a.weight,language model,24.0,BF16,"(32, 4096)",131072
model.language_model.layers.24.linear_attn.in_proj_b.weight,model.language_model.layers.N.linear_attn.in_proj_b.weight,language model,24.0,BF16,"(32, 4096)",131072
model.language_model.layers.24.linear_attn.in_proj_qkv.weight,model.language_model.layers.N.linear_attn.in_proj_qkv.weight,language model,24.0,BF16,"(8192, 4096)",33554432
model.language_model.layers.24.linear_attn.in_proj_z.weight,model.language_model.layers.N.linear_attn.in_proj_z.weight,language model,24.0,BF16,"(4096, 4096)",16777216
model.language_model.layers.24.linear_attn.norm.weight,model.language_model.layers.N.linear_attn.norm.weight,language model,24.0,F32,"(128,)",128
model.language_model.layers.24.linear_attn.out_proj.weight,model.language_model.layers.N.linear_attn.out_proj.weight,language model,24.0,BF16,"(4096, 4096)",16777216
model.language_model.layers.24.mlp.down_proj.weight,model.language_model.layers.N.mlp.down_proj.weight,language model,24.0,BF16,"(4096, 12288)",50331648
model.language_model.layers.24.mlp.gate_proj.weight,model.language_model.layers.N.mlp.gate_proj.weight,language model,24.0,BF16,"(12288, 4096)",50331648
model.language_model.layers.24.mlp.up_proj.weight,model.language_model.layers.N.mlp.up_proj.weight,language model,24.0,BF16,"(12288, 4096)",50331648
model.language_model.layers.24.post_attention_layernorm.weight,model.language_model.layers.N.post_attention_layernorm.weight,language model,24.0,BF16,"(4096,)",4096
model.language_model.layers.25.input_layernorm.weight,model.language_model.layers.N.input_layernorm.weight,language model,25.0,BF16,"(4096,)",4096
model.language_model.layers.25.linear_attn.A_log,model.language_model.layers.N.linear_attn.A_log,language model,25.0,F32,"(32,)",32
model.language_model.layers.25.linear_attn.conv1d.weight,model.language_model.layers.N.linear_attn.conv1d.weight,language model,25.0,BF16,"(8192, 1, 4)",32768
model.language_model.layers.25.linear_attn.dt_bias,model.language_model.layers.N.linear_attn.dt_bias,language model,25.0,BF16,"(32,)",32
model.language_model.layers.25.linear_attn.in_proj_a.weight,model.language_model.layers.N.linear_attn.in_proj_a.weight,language model,25.0,BF16,"(32, 4096)",131072
model.language_model.layers.25.linear_attn.in_proj_b.weight,model.language_model.layers.N.linear_attn.in_proj_b.weight,language model,25.0,BF16,"(32, 4096)",131072
model.language_model.layers.25.linear_attn.in_proj_qkv.weight,model.language_model.layers.N.linear_attn.in_proj_qkv.weight,language model,25.0,BF16,"(8192, 4096)",33554432
model.language_model.layers.25.linear_attn.in_proj_z.weight,model.language_model.layers.N.linear_attn.in_proj_z.weight,language model,25.0,BF16,"(4096, 4096)",16777216
model.language_model.layers.25.linear_attn.norm.weight,model.language_model.layers.N.linear_attn.norm.weight,language model,25.0,F32,"(128,)",128
model.language_model.layers.25.linear_attn.out_proj.weight,model.language_model.layers.N.linear_attn.out_proj.weight,language model,25.0,BF16,"(4096, 4096)",16777216
model.language_model.layers.25.mlp.down_proj.weight,model.language_model.layers.N.mlp.down_proj.weight,language model,25.0,BF16,"(4096, 12288)",50331648
model.language_model.layers.25.mlp.gate_proj.weight,model.language_model.layers.N.mlp.gate_proj.weight,language model,25.0,BF16,"(12288, 4096)",50331648
model.language_model.layers.25.mlp.up_proj.weight,model.language_model.layers.N.mlp.up_proj.weight,language model,25.0,BF16,"(12288, 4096)",50331648
model.language_model.layers.25.post_attention_layernorm.weight,model.language_model.layers.N.post_attention_layernorm.weight,language model,25.0,BF16,"(4096,)",4096
model.language_model.layers.26.input_layernorm.weight,model.language_model.layers.N.input_layernorm.weight,language model,26.0,BF16,"(4096,)",4096
model.language_model.layers.26.linear_attn.A_log,model.language_model.layers.N.linear_attn.A_log,language model,26.0,F32,"(32,)",32
model.language_model.layers.26.linear_attn.conv1d.weight,model.language_model.layers.N.linear_attn.conv1d.weight,language model,26.0,BF16,"(8192, 1, 4)",32768
model.language_model.layers.26.linear_attn.dt_bias,model.language_model.layers.N.linear_attn.dt_bias,language model,26.0,BF16,"(32,)",32
model.language_model.layers.26.linear_attn.in_proj_a.weight,model.language_model.layers.N.linear_attn.in_proj_a.weight,language model,26.0,BF16,"(32, 4096)",131072
model.language_model.layers.26.linear_attn.in_proj_b.weight,model.language_model.layers.N.linear_attn.in_proj_b.weight,language model,26.0,BF16,"(32, 4096)",131072
model.language_model.layers.26.linear_attn.in_proj_qkv.weight,model.language_model.layers.N.linear_attn.in_proj_qkv.weight,language model,26.0,BF16,"(8192, 4096)",33554432
model.language_model.layers.26.linear_attn.in_proj_z.weight,model.language_model.layers.N.linear_attn.in_proj_z.weight,language model,26.0,BF16,"(4096, 4096)",16777216
model.language_model.layers.26.linear_attn.norm.weight,model.language_model.layers.N.linear_attn.norm.weight,language model,26.0,F32,"(128,)",128
model.language_model.layers.26.linear_attn.out_proj.weight,model.language_model.layers.N.linear_attn.out_proj.weight,language model,26.0,BF16,"(4096, 4096)",16777216
model.language_model.layers.26.mlp.down_proj.weight,model.language_model.layers.N.mlp.down_proj.weight,language model,26.0,BF16,"(4096, 12288)",50331648
model.language_model.layers.26.mlp.gate_proj.weight,model.language_model.layers.N.mlp.gate_proj.weight,language model,26.0,BF16,"(12288, 4096)",50331648
model.language_model.layers.26.mlp.up_proj.weight,model.language_model.layers.N.mlp.up_proj.weight,language model,26.0,BF16,"(12288, 4096)",50331648
model.language_model.layers.26.post_attention_layernorm.weight,model.language_model.layers.N.post_attention_layernorm.weight,language model,26.0,BF16,"(4096,)",4096
model.language_model.layers.27.input_layernorm.weight,model.language_model.layers.N.input_layernorm.weight,language model,27.0,BF16,"(4096,)",4096
model.language_model.layers.27.mlp.down_proj.weight,model.language_model.layers.N.mlp.down_proj.weight,language model,27.0,BF16,"(4096, 12288)",50331648
model.language_model.layers.27.mlp.gate_proj.weight,model.language_model.layers.N.mlp.gate_proj.weight,language model,27.0,BF16,"(12288, 4096)",50331648
model.language_model.layers.27.mlp.up_proj.weight,model.language_model.layers.N.mlp.up_proj.weight,language model,27.0,BF16,"(12288, 4096)",50331648
model.language_model.layers.27.post_attention_layernorm.weight,model.language_model.layers.N.post_attention_layernorm.weight,language model,27.0,BF16,"(4096,)",4096
model.language_model.layers.27.self_attn.k_norm.weight,model.language_model.layers.N.self_attn.k_norm.weight,language model,27.0,BF16,"(256,)",256
model.language_model.layers.27.self_attn.k_proj.weight,model.language_model.layers.N.self_attn.k_proj.weight,language model,27.0,BF16,"(1024, 4096)",4194304
model.language_model.layers.27.self_attn.o_proj.weight,model.language_model.layers.N.self_attn.o_proj.weight,language model,27.0,BF16,"(4096, 4096)",16777216
model.language_model.layers.27.self_attn.q_norm.weight,model.language_model.layers.N.self_attn.q_norm.weight,language model,27.0,BF16,"(256,)",256
model.language_model.layers.27.self_attn.q_proj.weight,model.language_model.layers.N.self_attn.q_proj.weight,language model,27.0,BF16,"(8192, 4096)",33554432
model.language_model.layers.27.self_attn.v_proj.weight,model.language_model.layers.N.self_attn.v_proj.weight,language model,27.0,BF16,"(1024, 4096)",4194304
model.language_model.layers.28.input_layernorm.weight,model.language_model.layers.N.input_layernorm.weight,language model,28.0,BF16,"(4096,)",4096
model.language_model.layers.28.linear_attn.A_log,model.language_model.layers.N.linear_attn.A_log,language model,28.0,F32,"(32,)",32
model.language_model.layers.28.linear_attn.conv1d.weight,model.language_model.layers.N.linear_attn.conv1d.weight,language model,28.0,BF16,"(8192, 1, 4)",32768
model.language_model.layers.28.linear_attn.dt_bias,model.language_model.layers.N.linear_attn.dt_bias,language model,28.0,BF16,"(32,)",32
model.language_model.layers.28.linear_attn.in_proj_a.weight,model.language_model.layers.N.linear_attn.in_proj_a.weight,language model,28.0,BF16,"(32, 4096)",131072
model.language_model.layers.28.linear_attn.in_proj_b.weight,model.language_model.layers.N.linear_attn.in_proj_b.weight,language model,28.0,BF16,"(32, 4096)",131072
model.language_model.layers.28.linear_attn.in_proj_qkv.weight,model.language_model.layers.N.linear_attn.in_proj_qkv.weight,language model,28.0,BF16,"(8192, 4096)",33554432
model.language_model.layers.28.linear_attn.in_proj_z.weight,model.language_model.layers.N.linear_attn.in_proj_z.weight,language model,28.0,BF16,"(4096, 4096)",16777216
model.language_model.layers.28.linear_attn.norm.weight,model.language_model.layers.N.linear_attn.norm.weight,language model,28.0,F32,"(128,)",128
model.language_model.layers.28.linear_attn.out_proj.weight,model.language_model.layers.N.linear_attn.out_proj.weight,language model,28.0,BF16,"(4096, 4096)",16777216
model.language_model.layers.28.mlp.down_proj.weight,model.language_model.layers.N.mlp.down_proj.weight,language model,28.0,BF16,"(4096, 12288)",50331648
model.language_model.layers.28.mlp.gate_proj.weight,model.language_model.layers.N.mlp.gate_proj.weight,language model,28.0,BF16,"(12288, 4096)",50331648
model.language_model.layers.28.mlp.up_proj.weight,model.language_model.layers.N.mlp.up_proj.weight,language model,28.0,BF16,"(12288, 4096)",50331648
model.language_model.layers.28.post_attention_layernorm.weight,model.language_model.layers.N.post_attention_layernorm.weight,language model,28.0,BF16,"(4096,)",4096
model.language_model.layers.29.input_layernorm.weight,model.language_model.layers.N.input_layernorm.weight,language model,29.0,BF16,"(4096,)",4096
model.language_model.layers.29.linear_attn.A_log,model.language_model.layers.N.linear_attn.A_log,language model,29.0,F32,"(32,)",32
model.language_model.layers.29.linear_attn.conv1d.weight,model.language_model.layers.N.linear_attn.conv1d.weight,language model,29.0,BF16,"(8192, 1, 4)",32768
model.language_model.layers.29.linear_attn.dt_bias,model.language_model.layers.N.linear_attn.dt_bias,language model,29.0,BF16,"(32,)",32
model.language_model.layers.29.linear_attn.in_proj_a.weight,model.language_model.layers.N.linear_attn.in_proj_a.weight,language model,29.0,BF16,"(32, 4096)",131072
model.language_model.layers.29.linear_attn.in_proj_b.weight,model.language_model.layers.N.linear_attn.in_proj_b.weight,language model,29.0,BF16,"(32, 4096)",131072
model.language_model.layers.29.linear_attn.in_proj_qkv.weight,model.language_model.layers.N.linear_attn.in_proj_qkv.weight,language model,29.0,BF16,"(8192, 4096)",33554432
model.language_model.layers.29.linear_attn.in_proj_z.weight,model.language_model.layers.N.linear_attn.in_proj_z.weight,language model,29.0,BF16,"(4096, 4096)",16777216
model.language_model.layers.29.linear_attn.norm.weight,model.language_model.layers.N.linear_attn.norm.weight,language model,29.0,F32,"(128,)",128
model.language_model.layers.29.linear_attn.out_proj.weight,model.language_model.layers.N.linear_attn.out_proj.weight,language model,29.0,BF16,"(4096, 4096)",16777216
model.language_model.layers.29.mlp.down_proj.weight,model.language_model.layers.N.mlp.down_proj.weight,language model,29.0,BF16,"(4096, 12288)",50331648
model.language_model.layers.29.mlp.gate_proj.weight,model.language_model.layers.N.mlp.gate_proj.weight,language model,29.0,BF16,"(12288, 4096)",50331648
model.language_model.layers.29.mlp.up_proj.weight,model.language_model.layers.N.mlp.up_proj.weight,language model,29.0,BF16,"(12288, 4096)",50331648
model.language_model.layers.29.post_attention_layernorm.weight,model.language_model.layers.N.post_attention_layernorm.weight,language model,29.0,BF16,"(4096,)",4096
model.language_model.layers.3.input_layernorm.weight,model.language_model.layers.N.input_layernorm.weight,language model,3.0,BF16,"(4096,)",4096
model.language_model.layers.3.mlp.down_proj.weight,model.language_model.layers.N.mlp.down_proj.weight,language model,3.0,BF16,"(4096, 12288)",50331648
model.language_model.layers.3.mlp.gate_proj.weight,model.language_model.layers.N.mlp.gate_proj.weight,language model,3.0,BF16,"(12288, 4096)",50331648
model.language_model.layers.3.mlp.up_proj.weight,model.language_model.layers.N.mlp.up_proj.weight,language model,3.0,BF16,"(12288, 4096)",50331648
model.language_model.layers.3.post_attention_layernorm.weight,model.language_model.layers.N.post_attention_layernorm.weight,language model,3.0,BF16,"(4096,)",4096
model.language_model.layers.3.self_attn.k_norm.weight,model.language_model.layers.N.self_attn.k_norm.weight,language model,3.0,BF16,"(256,)",256
model.language_model.layers.3.self_attn.k_proj.weight,model.language_model.layers.N.self_attn.k_proj.weight,language model,3.0,BF16,"(1024, 4096)",4194304
model.language_model.layers.3.self_attn.o_proj.weight,model.language_model.layers.N.self_attn.o_proj.weight,language model,3.0,BF16,"(4096, 4096)",16777216
model.language_model.layers.3.self_attn.q_norm.weight,model.language_model.layers.N.self_attn.q_norm.weight,language model,3.0,BF16,"(256,)",256
model.language_model.layers.3.self_attn.q_proj.weight,model.language_model.layers.N.self_attn.q_proj.weight,language model,3.0,BF16,"(8192, 4096)",33554432
model.language_model.layers.3.self_attn.v_proj.weight,model.language_model.layers.N.self_attn.v_proj.weight,language model,3.0,BF16,"(1024, 4096)",4194304
model.language_model.layers.30.input_layernorm.weight,model.language_model.layers.N.input_layernorm.weight,language model,30.0,BF16,"(4096,)",4096
model.language_model.layers.30.linear_attn.A_log,model.language_model.layers.N.linear_attn.A_log,language model,30.0,F32,"(32,)",32
model.language_model.layers.30.linear_attn.conv1d.weight,model.language_model.layers.N.linear_attn.conv1d.weight,language model,30.0,BF16,"(8192, 1, 4)",32768
model.language_model.layers.30.linear_attn.dt_bias,model.language_model.layers.N.linear_attn.dt_bias,language model,30.0,BF16,"(32,)",32
model.language_model.layers.30.linear_attn.in_proj_a.weight,model.language_model.layers.N.linear_attn.in_proj_a.weight,language model,30.0,BF16,"(32, 4096)",131072
model.language_model.layers.30.linear_attn.in_proj_b.weight,model.language_model.layers.N.linear_attn.in_proj_b.weight,language model,30.0,BF16,"(32, 4096)",131072
model.language_model.layers.30.linear_attn.in_proj_qkv.weight,model.language_model.layers.N.linear_attn.in_proj_qkv.weight,language model,30.0,BF16,"(8192, 4096)",33554432
model.language_model.layers.30.linear_attn.in_proj_z.weight,model.language_model.layers.N.linear_attn.in_proj_z.weight,language model,30.0,BF16,"(4096, 4096)",16777216
model.language_model.layers.30.linear_attn.norm.weight,model.language_model.layers.N.linear_attn.norm.weight,language model,30.0,F32,"(128,)",128
model.language_model.layers.30.linear_attn.out_proj.weight,model.language_model.layers.N.linear_attn.out_proj.weight,language model,30.0,BF16,"(4096, 4096)",16777216
model.language_model.layers.30.mlp.down_proj.weight,model.language_model.layers.N.mlp.down_proj.weight,language model,30.0,BF16,"(4096, 12288)",50331648
model.language_model.layers.30.mlp.gate_proj.weight,model.language_model.layers.N.mlp.gate_proj.weight,language model,30.0,BF16,"(12288, 4096)",50331648
model.language_model.layers.30.mlp.up_proj.weight,model.language_model.layers.N.mlp.up_proj.weight,language model,30.0,BF16,"(12288, 4096)",50331648
model.language_model.layers.30.post_attention_layernorm.weight,model.language_model.layers.N.post_attention_layernorm.weight,language model,30.0,BF16,"(4096,)",4096
model.language_model.layers.31.input_layernorm.weight,model.language_model.layers.N.input_layernorm.weight,language model,31.0,BF16,"(4096,)",4096
model.language_model.layers.31.mlp.down_proj.weight,model.language_model.layers.N.mlp.down_proj.weight,language model,31.0,BF16,"(4096, 12288)",50331648
model.language_model.layers.31.mlp.gate_proj.weight,model.language_model.layers.N.mlp.gate_proj.weight,language model,31.0,BF16,"(12288, 4096)",50331648
model.language_model.layers.31.mlp.up_proj.weight,model.language_model.layers.N.mlp.up_proj.weight,language model,31.0,BF16,"(12288, 4096)",50331648
model.language_model.layers.31.post_attention_layernorm.weight,model.language_model.layers.N.post_attention_layernorm.weight,language model,31.0,BF16,"(4096,)",4096
model.language_model.layers.31.self_attn.k_norm.weight,model.language_model.layers.N.self_attn.k_norm.weight,language model,31.0,BF16,"(256,)",256
model.language_model.layers.31.self_attn.k_proj.weight,model.language_model.layers.N.self_attn.k_proj.weight,language model,31.0,BF16,"(1024, 4096)",4194304
model.language_model.layers.31.self_attn.o_proj.weight,model.language_model.layers.N.self_attn.o_proj.weight,language model,31.0,BF16,"(4096, 4096)",16777216
model.language_model.layers.31.self_attn.q_norm.weight,model.language_model.layers.N.self_attn.q_norm.weight,language model,31.0,BF16,"(256,)",256
model.language_model.layers.31.self_attn.q_proj.weight,model.language_model.layers.N.self_attn.q_proj.weight,language model,31.0,BF16,"(8192, 4096)",33554432
model.language_model.layers.31.self_attn.v_proj.weight,model.language_model.layers.N.self_attn.v_proj.weight,language model,31.0,BF16,"(1024, 4096)",4194304
model.language_model.layers.4.input_layernorm.weight,model.language_model.layers.N.input_layernorm.weight,language model,4.0,BF16,"(4096,)",4096
model.language_model.layers.4.linear_attn.A_log,model.language_model.layers.N.linear_attn.A_log,language model,4.0,F32,"(32,)",32
model.language_model.layers.4.linear_attn.conv1d.weight,model.language_model.layers.N.linear_attn.conv1d.weight,language model,4.0,BF16,"(8192, 1, 4)",32768
model.language_model.layers.4.linear_attn.dt_bias,model.language_model.layers.N.linear_attn.dt_bias,language model,4.0,BF16,"(32,)",32
model.language_model.layers.4.linear_attn.in_proj_a.weight,model.language_model.layers.N.linear_attn.in_proj_a.weight,language model,4.0,BF16,"(32, 4096)",131072
model.language_model.layers.4.linear_attn.in_proj_b.weight,model.language_model.layers.N.linear_attn.in_proj_b.weight,language model,4.0,BF16,"(32, 4096)",131072
model.language_model.layers.4.linear_attn.in_proj_qkv.weight,model.language_model.layers.N.linear_attn.in_proj_qkv.weight,language model,4.0,BF16,"(8192, 4096)",33554432
model.language_model.layers.4.linear_attn.in_proj_z.weight,model.language_model.layers.N.linear_attn.in_proj_z.weight,language model,4.0,BF16,"(4096, 4096)",16777216
model.language_model.layers.4.linear_attn.norm.weight,model.language_model.layers.N.linear_attn.norm.weight,language model,4.0,F32,"(128,)",128
model.language_model.layers.4.linear_attn.out_proj.weight,model.language_model.layers.N.linear_attn.out_proj.weight,language model,4.0,BF16,"(4096, 4096)",16777216
model.language_model.layers.4.mlp.down_proj.weight,model.language_model.layers.N.mlp.down_proj.weight,language model,4.0,BF16,"(4096, 12288)",50331648
model.language_model.layers.4.mlp.gate_proj.weight,model.language_model.layers.N.mlp.gate_proj.weight,language model,4.0,BF16,"(12288, 4096)",50331648
model.language_model.layers.4.mlp.up_proj.weight,model.language_model.layers.N.mlp.up_proj.weight,language model,4.0,BF16,"(12288, 4096)",50331648
model.language_model.layers.4.post_attention_layernorm.weight,model.language_model.layers.N.post_attention_layernorm.weight,language model,4.0,BF16,"(4096,)",4096
model.language_model.layers.5.input_layernorm.weight,model.language_model.layers.N.input_layernorm.weight,language model,5.0,BF16,"(4096,)",4096
model.language_model.layers.5.linear_attn.A_log,model.language_model.layers.N.linear_attn.A_log,language model,5.0,F32,"(32,)",32
model.language_model.layers.5.linear_attn.conv1d.weight,model.language_model.layers.N.linear_attn.conv1d.weight,language model,5.0,BF16,"(8192, 1, 4)",32768
model.language_model.layers.5.linear_attn.dt_bias,model.language_model.layers.N.linear_attn.dt_bias,language model,5.0,BF16,"(32,)",32
model.language_model.layers.5.linear_attn.in_proj_a.weight,model.language_model.layers.N.linear_attn.in_proj_a.weight,language model,5.0,BF16,"(32, 4096)",131072
model.language_model.layers.5.linear_attn.in_proj_b.weight,model.language_model.layers.N.linear_attn.in_proj_b.weight,language model,5.0,BF16,"(32, 4096)",131072
model.language_model.layers.5.linear_attn.in_proj_qkv.weight,model.language_model.layers.N.linear_attn.in_proj_qkv.weight,language model,5.0,BF16,"(8192, 4096)",33554432
model.language_model.layers.5.linear_attn.in_proj_z.weight,model.language_model.layers.N.linear_attn.in_proj_z.weight,language model,5.0,BF16,"(4096, 4096)",16777216
model.language_model.layers.5.linear_attn.norm.weight,model.language_model.layers.N.linear_attn.norm.weight,language model,5.0,F32,"(128,)",128
model.language_model.layers.5.linear_attn.out_proj.weight,model.language_model.layers.N.linear_attn.out_proj.weight,language model,5.0,BF16,"(4096, 4096)",16777216
model.language_model.layers.5.mlp.down_proj.weight,model.language_model.layers.N.mlp.down_proj.weight,language model,5.0,BF16,"(4096, 12288)",50331648
model.language_model.layers.5.mlp.gate_proj.weight,model.language_model.layers.N.mlp.gate_proj.weight,language model,5.0,BF16,"(12288, 4096)",50331648
model.language_model.layers.5.mlp.up_proj.weight,model.language_model.layers.N.mlp.up_proj.weight,language model,5.0,BF16,"(12288, 4096)",50331648
model.language_model.layers.5.post_attention_layernorm.weight,model.language_model.layers.N.post_attention_layernorm.weight,language model,5.0,BF16,"(4096,)",4096
model.language_model.layers.6.input_layernorm.weight,model.language_model.layers.N.input_layernorm.weight,language model,6.0,BF16,"(4096,)",4096
model.language_model.layers.6.linear_attn.A_log,model.language_model.layers.N.linear_attn.A_log,language model,6.0,F32,"(32,)",32
model.language_model.layers.6.linear_attn.conv1d.weight,model.language_model.layers.N.linear_attn.conv1d.weight,language model,6.0,BF16,"(8192, 1, 4)",32768
model.language_model.layers.6.linear_attn.dt_bias,model.language_model.layers.N.linear_attn.dt_bias,language model,6.0,BF16,"(32,)",32
model.language_model.layers.6.linear_attn.in_proj_a.weight,model.language_model.layers.N.linear_attn.in_proj_a.weight,language model,6.0,BF16,"(32, 4096)",131072
model.language_model.layers.6.linear_attn.in_proj_b.weight,model.language_model.layers.N.linear_attn.in_proj_b.weight,language model,6.0,BF16,"(32, 4096)",131072
model.language_model.layers.6.linear_attn.in_proj_qkv.weight,model.language_model.layers.N.linear_attn.in_proj_qkv.weight,language model,6.0,BF16,"(8192, 4096)",33554432
model.language_model.layers.6.linear_attn.in_proj_z.weight,model.language_model.layers.N.linear_attn.in_proj_z.weight,language model,6.0,BF16,"(4096, 4096)",16777216
model.language_model.layers.6.linear_attn.norm.weight,model.language_model.layers.N.linear_attn.norm.weight,language model,6.0,F32,"(128,)",128
model.language_model.layers.6.linear_attn.out_proj.weight,model.language_model.layers.N.linear_attn.out_proj.weight,language model,6.0,BF16,"(4096, 4096)",16777216
model.language_model.layers.6.mlp.down_proj.weight,model.language_model.layers.N.mlp.down_proj.weight,language model,6.0,BF16,"(4096, 12288)",50331648
model.language_model.layers.6.mlp.gate_proj.weight,model.language_model.layers.N.mlp.gate_proj.weight,language model,6.0,BF16,"(12288, 4096)",50331648
model.language_model.layers.6.mlp.up_proj.weight,model.language_model.layers.N.mlp.up_proj.weight,language model,6.0,BF16,"(12288, 4096)",50331648
model.language_model.layers.6.post_attention_layernorm.weight,model.language_model.layers.N.post_attention_layernorm.weight,language model,6.0,BF16,"(4096,)",4096
model.language_model.layers.7.input_layernorm.weight,model.language_model.layers.N.input_layernorm.weight,language model,7.0,BF16,"(4096,)",4096
model.language_model.layers.7.mlp.down_proj.weight,model.language_model.layers.N.mlp.down_proj.weight,language model,7.0,BF16,"(4096, 12288)",50331648
model.language_model.layers.7.mlp.gate_proj.weight,model.language_model.layers.N.mlp.gate_proj.weight,language model,7.0,BF16,"(12288, 4096)",50331648
model.language_model.layers.7.mlp.up_proj.weight,model.language_model.layers.N.mlp.up_proj.weight,language model,7.0,BF16,"(12288, 4096)",50331648
model.language_model.layers.7.post_attention_layernorm.weight,model.language_model.layers.N.post_attention_layernorm.weight,language model,7.0,BF16,"(4096,)",4096
model.language_model.layers.7.self_attn.k_norm.weight,model.language_model.layers.N.self_attn.k_norm.weight,language model,7.0,BF16,"(256,)",256
model.language_model.layers.7.self_attn.k_proj.weight,model.language_model.layers.N.self_attn.k_proj.weight,language model,7.0,BF16,"(1024, 4096)",4194304
model.language_model.layers.7.self_attn.o_proj.weight,model.language_model.layers.N.self_attn.o_proj.weight,language model,7.0,BF16,"(4096, 4096)",16777216
model.language_model.layers.7.self_attn.q_norm.weight,model.language_model.layers.N.self_attn.q_norm.weight,language model,7.0,BF16,"(256,)",256
model.language_model.layers.7.self_attn.q_proj.weight,model.language_model.layers.N.self_attn.q_proj.weight,language model,7.0,BF16,"(8192, 4096)",33554432
model.language_model.layers.7.self_attn.v_proj.weight,model.language_model.layers.N.self_attn.v_proj.weight,language model,7.0,BF16,"(1024, 4096)",4194304
model.language_model.layers.8.input_layernorm.weight,model.language_model.layers.N.input_layernorm.weight,language model,8.0,BF16,"(4096,)",4096
model.language_model.layers.8.linear_attn.A_log,model.language_model.layers.N.linear_attn.A_log,language model,8.0,F32,"(32,)",32
model.language_model.layers.8.linear_attn.conv1d.weight,model.language_model.layers.N.linear_attn.conv1d.weight,language model,8.0,BF16,"(8192, 1, 4)",32768
model.language_model.layers.8.linear_attn.dt_bias,model.language_model.layers.N.linear_attn.dt_bias,language model,8.0,BF16,"(32,)",32
model.language_model.layers.8.linear_attn.in_proj_a.weight,model.language_model.layers.N.linear_attn.in_proj_a.weight,language model,8.0,BF16,"(32, 4096)",131072
model.language_model.layers.8.linear_attn.in_proj_b.weight,model.language_model.layers.N.linear_attn.in_proj_b.weight,language model,8.0,BF16,"(32, 4096)",131072
model.language_model.layers.8.linear_attn.in_proj_qkv.weight,model.language_model.layers.N.linear_attn.in_proj_qkv.weight,language model,8.0,BF16,"(8192, 4096)",33554432
model.language_model.layers.8.linear_attn.in_proj_z.weight,model.language_model.layers.N.linear_attn.in_proj_z.weight,language model,8.0,BF16,"(4096, 4096)",16777216
model.language_model.layers.8.linear_attn.norm.weight,model.language_model.layers.N.linear_attn.norm.weight,language model,8.0,F32,"(128,)",128
model.language_model.layers.8.linear_attn.out_proj.weight,model.language_model.layers.N.linear_attn.out_proj.weight,language model,8.0,BF16,"(4096, 4096)",16777216
model.language_model.layers.8.mlp.down_proj.weight,model.language_model.layers.N.mlp.down_proj.weight,language model,8.0,BF16,"(4096, 12288)",50331648
model.language_model.layers.8.mlp.gate_proj.weight,model.language_model.layers.N.mlp.gate_proj.weight,language model,8.0,BF16,"(12288, 4096)",50331648
model.language_model.layers.8.mlp.up_proj.weight,model.language_model.layers.N.mlp.up_proj.weight,language model,8.0,BF16,"(12288, 4096)",50331648
model.language_model.layers.8.post_attention_layernorm.weight,model.language_model.layers.N.post_attention_layernorm.weight,language model,8.0,BF16,"(4096,)",4096
model.language_model.layers.9.input_layernorm.weight,model.language_model.layers.N.input_layernorm.weight,language model,9.0,BF16,"(4096,)",4096
model.language_model.layers.9.linear_attn.A_log,model.language_model.layers.N.linear_attn.A_log,language model,9.0,F32,"(32,)",32
model.language_model.layers.9.linear_attn.conv1d.weight,model.language_model.layers.N.linear_attn.conv1d.weight,language model,9.0,BF16,"(8192, 1, 4)",32768
model.language_model.layers.9.linear_attn.dt_bias,model.language_model.layers.N.linear_attn.dt_bias,language model,9.0,BF16,"(32,)",32
model.language_model.layers.9.linear_attn.in_proj_a.weight,model.language_model.layers.N.linear_attn.in_proj_a.weight,language model,9.0,BF16,"(32, 4096)",131072
model.language_model.layers.9.linear_attn.in_proj_b.weight,model.language_model.layers.N.linear_attn.in_proj_b.weight,language model,9.0,BF16,"(32, 4096)",131072
model.language_model.layers.9.linear_attn.in_proj_qkv.weight,model.language_model.layers.N.linear_attn.in_proj_qkv.weight,language model,9.0,BF16,"(8192, 4096)",33554432
model.language_model.layers.9.linear_attn.in_proj_z.weight,model.language_model.layers.N.linear_attn.in_proj_z.weight,language model,9.0,BF16,"(4096, 4096)",16777216
model.language_model.layers.9.linear_attn.norm.weight,model.language_model.layers.N.linear_attn.norm.weight,language model,9.0,F32,"(128,)",128
model.language_model.layers.9.linear_attn.out_proj.weight,model.language_model.layers.N.linear_attn.out_proj.weight,language model,9.0,BF16,"(4096, 4096)",16777216
model.language_model.layers.9.mlp.down_proj.weight,model.language_model.layers.N.mlp.down_proj.weight,language model,9.0,BF16,"(4096, 12288)",50331648
model.language_model.layers.9.mlp.gate_proj.weight,model.language_model.layers.N.mlp.gate_proj.weight,language model,9.0,BF16,"(12288, 4096)",50331648
model.language_model.layers.9.mlp.up_proj.weight,model.language_model.layers.N.mlp.up_proj.weight,language model,9.0,BF16,"(12288, 4096)",50331648
model.language_model.layers.9.post_attention_layernorm.weight,model.language_model.layers.N.post_attention_layernorm.weight,language model,9.0,BF16,"(4096,)",4096
model.language_model.norm.weight,model.language_model.norm.weight,language model,,BF16,"(4096,)",4096
model.visual.blocks.0.attn.proj.bias,model.visual.blocks.N.attn.proj.bias,vision,,BF16,"(1152,)",1152
model.visual.blocks.0.attn.proj.weight,model.visual.blocks.N.attn.proj.weight,vision,,BF16,"(1152, 1152)",1327104
model.visual.blocks.0.attn.qkv.bias,model.visual.blocks.N.attn.qkv.bias,vision,,BF16,"(3456,)",3456
model.visual.blocks.0.attn.qkv.weight,model.visual.blocks.N.attn.qkv.weight,vision,,BF16,"(3456, 1152)",3981312
model.visual.blocks.0.mlp.linear_fc1.bias,model.visual.blocks.N.mlp.linear_fc1.bias,vision,,BF16,"(4304,)",4304
model.visual.blocks.0.mlp.linear_fc1.weight,model.visual.blocks.N.mlp.linear_fc1.weight,vision,,BF16,"(4304, 1152)",4958208
model.visual.blocks.0.mlp.linear_fc2.bias,model.visual.blocks.N.mlp.linear_fc2.bias,vision,,BF16,"(1152,)",1152
model.visual.blocks.0.mlp.linear_fc2.weight,model.visual.blocks.N.mlp.linear_fc2.weight,vision,,BF16,"(1152, 4304)",4958208
model.visual.blocks.0.norm1.bias,model.visual.blocks.N.norm1.bias,vision,,BF16,"(1152,)",1152
model.visual.blocks.0.norm1.weight,model.visual.blocks.N.norm1.weight,vision,,BF16,"(1152,)",1152
model.visual.blocks.0.norm2.bias,model.visual.blocks.N.norm2.bias,vision,,BF16,"(1152,)",1152
model.visual.blocks.0.norm2.weight,model.visual.blocks.N.norm2.weight,vision,,BF16,"(1152,)",1152
model.visual.blocks.1.attn.proj.bias,model.visual.blocks.N.attn.proj.bias,vision,,BF16,"(1152,)",1152
model.visual.blocks.1.attn.proj.weight,model.visual.blocks.N.attn.proj.weight,vision,,BF16,"(1152, 1152)",1327104
model.visual.blocks.1.attn.qkv.bias,model.visual.blocks.N.attn.qkv.bias,vision,,BF16,"(3456,)",3456
model.visual.blocks.1.attn.qkv.weight,model.visual.blocks.N.attn.qkv.weight,vision,,BF16,"(3456, 1152)",3981312
model.visual.blocks.1.mlp.linear_fc1.bias,model.visual.blocks.N.mlp.linear_fc1.bias,vision,,BF16,"(4304,)",4304
model.visual.blocks.1.mlp.linear_fc1.weight,model.visual.blocks.N.mlp.linear_fc1.weight,vision,,BF16,"(4304, 1152)",4958208
model.visual.blocks.1.mlp.linear_fc2.bias,model.visual.blocks.N.mlp.linear_fc2.bias,vision,,BF16,"(1152,)",1152
model.visual.blocks.1.mlp.linear_fc2.weight,model.visual.blocks.N.mlp.linear_fc2.weight,vision,,BF16,"(1152, 4304)",4958208
model.visual.blocks.1.norm1.bias,model.visual.blocks.N.norm1.bias,vision,,BF16,"(1152,)",1152
model.visual.blocks.1.norm1.weight,model.visual.blocks.N.norm1.weight,vision,,BF16,"(1152,)",1152
model.visual.blocks.1.norm2.bias,model.visual.blocks.N.norm2.bias,vision,,BF16,"(1152,)",1152
model.visual.blocks.1.norm2.weight,model.visual.blocks.N.norm2.weight,vision,,BF16,"(1152,)",1152
model.visual.blocks.10.attn.proj.bias,model.visual.blocks.N.attn.proj.bias,vision,,BF16,"(1152,)",1152
model.visual.blocks.10.attn.proj.weight,model.visual.blocks.N.attn.proj.weight,vision,,BF16,"(1152, 1152)",1327104
model.visual.blocks.10.attn.qkv.bias,model.visual.blocks.N.attn.qkv.bias,vision,,BF16,"(3456,)",3456
model.visual.blocks.10.attn.qkv.weight,model.visual.blocks.N.attn.qkv.weight,vision,,BF16,"(3456, 1152)",3981312
model.visual.blocks.10.mlp.linear_fc1.bias,model.visual.blocks.N.mlp.linear_fc1.bias,vision,,BF16,"(4304,)",4304
model.visual.blocks.10.mlp.linear_fc1.weight,model.visual.blocks.N.mlp.linear_fc1.weight,vision,,BF16,"(4304, 1152)",4958208
model.visual.blocks.10.mlp.linear_fc2.bias,model.visual.blocks.N.mlp.linear_fc2.bias,vision,,BF16,"(1152,)",1152
model.visual.blocks.10.mlp.linear_fc2.weight,model.visual.blocks.N.mlp.linear_fc2.weight,vision,,BF16,"(1152, 4304)",4958208
model.visual.blocks.10.norm1.bias,model.visual.blocks.N.norm1.bias,vision,,BF16,"(1152,)",1152
model.visual.blocks.10.norm1.weight,model.visual.blocks.N.norm1.weight,vision,,BF16,"(1152,)",1152
model.visual.blocks.10.norm2.bias,model.visual.blocks.N.norm2.bias,vision,,BF16,"(1152,)",1152
model.visual.blocks.10.norm2.weight,model.visual.blocks.N.norm2.weight,vision,,BF16,"(1152,)",1152
model.visual.blocks.11.attn.proj.bias,model.visual.blocks.N.attn.proj.bias,vision,,BF16,"(1152,)",1152
model.visual.blocks.11.attn.proj.weight,model.visual.blocks.N.attn.proj.weight,vision,,BF16,"(1152, 1152)",1327104
model.visual.blocks.11.attn.qkv.bias,model.visual.blocks.N.attn.qkv.bias,vision,,BF16,"(3456,)",3456
model.visual.blocks.11.attn.qkv.weight,model.visual.blocks.N.attn.qkv.weight,vision,,BF16,"(3456, 1152)",3981312
model.visual.blocks.11.mlp.linear_fc1.bias,model.visual.blocks.N.mlp.linear_fc1.bias,vision,,BF16,"(4304,)",4304
model.visual.blocks.11.mlp.linear_fc1.weight,model.visual.blocks.N.mlp.linear_fc1.weight,vision,,BF16,"(4304, 1152)",4958208
model.visual.blocks.11.mlp.linear_fc2.bias,model.visual.blocks.N.mlp.linear_fc2.bias,vision,,BF16,"(1152,)",1152
model.visual.blocks.11.mlp.linear_fc2.weight,model.visual.blocks.N.mlp.linear_fc2.weight,vision,,BF16,"(1152, 4304)",4958208
model.visual.blocks.11.norm1.bias,model.visual.blocks.N.norm1.bias,vision,,BF16,"(1152,)",1152
model.visual.blocks.11.norm1.weight,model.visual.blocks.N.norm1.weight,vision,,BF16,"(1152,)",1152
model.visual.blocks.11.norm2.bias,model.visual.blocks.N.norm2.bias,vision,,BF16,"(1152,)",1152
model.visual.blocks.11.norm2.weight,model.visual.blocks.N.norm2.weight,vision,,BF16,"(1152,)",1152
model.visual.blocks.12.attn.proj.bias,model.visual.blocks.N.attn.proj.bias,vision,,BF16,"(1152,)",1152
model.visual.blocks.12.attn.proj.weight,model.visual.blocks.N.attn.proj.weight,vision,,BF16,"(1152, 1152)",1327104
model.visual.blocks.12.attn.qkv.bias,model.visual.blocks.N.attn.qkv.bias,vision,,BF16,"(3456,)",3456
model.visual.blocks.12.attn.qkv.weight,model.visual.blocks.N.attn.qkv.weight,vision,,BF16,"(3456, 1152)",3981312
model.visual.blocks.12.mlp.linear_fc1.bias,model.visual.blocks.N.mlp.linear_fc1.bias,vision,,BF16,"(4304,)",4304
model.visual.blocks.12.mlp.linear_fc1.weight,model.visual.blocks.N.mlp.linear_fc1.weight,vision,,BF16,"(4304, 1152)",4958208
model.visual.blocks.12.mlp.linear_fc2.bias,model.visual.blocks.N.mlp.linear_fc2.bias,vision,,BF16,"(1152,)",1152
model.visual.blocks.12.mlp.linear_fc2.weight,model.visual.blocks.N.mlp.linear_fc2.weight,vision,,BF16,"(1152, 4304)",4958208
model.visual.blocks.12.norm1.bias,model.visual.blocks.N.norm1.bias,vision,,BF16,"(1152,)",1152
model.visual.blocks.12.norm1.weight,model.visual.blocks.N.norm1.weight,vision,,BF16,"(1152,)",1152
model.visual.blocks.12.norm2.bias,model.visual.blocks.N.norm2.bias,vision,,BF16,"(1152,)",1152
model.visual.blocks.12.norm2.weight,model.visual.blocks.N.norm2.weight,vision,,BF16,"(1152,)",1152
model.visual.blocks.13.attn.proj.bias,model.visual.blocks.N.attn.proj.bias,vision,,BF16,"(1152,)",1152
model.visual.blocks.13.attn.proj.weight,model.visual.blocks.N.attn.proj.weight,vision,,BF16,"(1152, 1152)",1327104
model.visual.blocks.13.attn.qkv.bias,model.visual.blocks.N.attn.qkv.bias,vision,,BF16,"(3456,)",3456
model.visual.blocks.13.attn.qkv.weight,model.visual.blocks.N.attn.qkv.weight,vision,,BF16,"(3456, 1152)",3981312
model.visual.blocks.13.mlp.linear_fc1.bias,model.visual.blocks.N.mlp.linear_fc1.bias,vision,,BF16,"(4304,)",4304
model.visual.blocks.13.mlp.linear_fc1.weight,model.visual.blocks.N.mlp.linear_fc1.weight,vision,,BF16,"(4304, 1152)",4958208
model.visual.blocks.13.mlp.linear_fc2.bias,model.visual.blocks.N.mlp.linear_fc2.bias,vision,,BF16,"(1152,)",1152
model.visual.blocks.13.mlp.linear_fc2.weight,model.visual.blocks.N.mlp.linear_fc2.weight,vision,,BF16,"(1152, 4304)",4958208
model.visual.blocks.13.norm1.bias,model.visual.blocks.N.norm1.bias,vision,,BF16,"(1152,)",1152
model.visual.blocks.13.norm1.weight,model.visual.blocks.N.norm1.weight,vision,,BF16,"(1152,)",1152
model.visual.blocks.13.norm2.bias,model.visual.blocks.N.norm2.bias,vision,,BF16,"(1152,)",1152
model.visual.blocks.13.norm2.weight,model.visual.blocks.N.norm2.weight,vision,,BF16,"(1152,)",1152
model.visual.blocks.14.attn.proj.bias,model.visual.blocks.N.attn.proj.bias,vision,,BF16,"(1152,)",1152
model.visual.blocks.14.attn.proj.weight,model.visual.blocks.N.attn.proj.weight,vision,,BF16,"(1152, 1152)",1327104
model.visual.blocks.14.attn.qkv.bias,model.visual.blocks.N.attn.qkv.bias,vision,,BF16,"(3456,)",3456
model.visual.blocks.14.attn.qkv.weight,model.visual.blocks.N.attn.qkv.weight,vision,,BF16,"(3456, 1152)",3981312
model.visual.blocks.14.mlp.linear_fc1.bias,model.visual.blocks.N.mlp.linear_fc1.bias,vision,,BF16,"(4304,)",4304
model.visual.blocks.14.mlp.linear_fc1.weight,model.visual.blocks.N.mlp.linear_fc1.weight,vision,,BF16,"(4304, 1152)",4958208
model.visual.blocks.14.mlp.linear_fc2.bias,model.visual.blocks.N.mlp.linear_fc2.bias,vision,,BF16,"(1152,)",1152
model.visual.blocks.14.mlp.linear_fc2.weight,model.visual.blocks.N.mlp.linear_fc2.weight,vision,,BF16,"(1152, 4304)",4958208
model.visual.blocks.14.norm1.bias,model.visual.blocks.N.norm1.bias,vision,,BF16,"(1152,)",1152
model.visual.blocks.14.norm1.weight,model.visual.blocks.N.norm1.weight,vision,,BF16,"(1152,)",1152
model.visual.blocks.14.norm2.bias,model.visual.blocks.N.norm2.bias,vision,,BF16,"(1152,)",1152
model.visual.blocks.14.norm2.weight,model.visual.blocks.N.norm2.weight,vision,,BF16,"(1152,)",1152
model.visual.blocks.15.attn.proj.bias,model.visual.blocks.N.attn.proj.bias,vision,,BF16,"(1152,)",1152
model.visual.blocks.15.attn.proj.weight,model.visual.blocks.N.attn.proj.weight,vision,,BF16,"(1152, 1152)",1327104
model.visual.blocks.15.attn.qkv.bias,model.visual.blocks.N.attn.qkv.bias,vision,,BF16,"(3456,)",3456
model.visual.blocks.15.attn.qkv.weight,model.visual.blocks.N.attn.qkv.weight,vision,,BF16,"(3456, 1152)",3981312
model.visual.blocks.15.mlp.linear_fc1.bias,model.visual.blocks.N.mlp.linear_fc1.bias,vision,,BF16,"(4304,)",4304
model.visual.blocks.15.mlp.linear_fc1.weight,model.visual.blocks.N.mlp.linear_fc1.weight,vision,,BF16,"(4304, 1152)",4958208
model.visual.blocks.15.mlp.linear_fc2.bias,model.visual.blocks.N.mlp.linear_fc2.bias,vision,,BF16,"(1152,)",1152
model.visual.blocks.15.mlp.linear_fc2.weight,model.visual.blocks.N.mlp.linear_fc2.weight,vision,,BF16,"(1152, 4304)",4958208
model.visual.blocks.15.norm1.bias,model.visual.blocks.N.norm1.bias,vision,,BF16,"(1152,)",1152
model.visual.blocks.15.norm1.weight,model.visual.blocks.N.norm1.weight,vision,,BF16,"(1152,)",1152
model.visual.blocks.15.norm2.bias,model.visual.blocks.N.norm2.bias,vision,,BF16,"(1152,)",1152
model.visual.blocks.15.norm2.weight,model.visual.blocks.N.norm2.weight,vision,,BF16,"(1152,)",1152
model.visual.blocks.16.attn.proj.bias,model.visual.blocks.N.attn.proj.bias,vision,,BF16,"(1152,)",1152
model.visual.blocks.16.attn.proj.weight,model.visual.blocks.N.attn.proj.weight,vision,,BF16,"(1152, 1152)",1327104
model.visual.blocks.16.attn.qkv.bias,model.visual.blocks.N.attn.qkv.bias,vision,,BF16,"(3456,)",3456
model.visual.blocks.16.attn.qkv.weight,model.visual.blocks.N.attn.qkv.weight,vision,,BF16,"(3456, 1152)",3981312
model.visual.blocks.16.mlp.linear_fc1.bias,model.visual.blocks.N.mlp.linear_fc1.bias,vision,,BF16,"(4304,)",4304
model.visual.blocks.16.mlp.linear_fc1.weight,model.visual.blocks.N.mlp.linear_fc1.weight,vision,,BF16,"(4304, 1152)",4958208
model.visual.blocks.16.mlp.linear_fc2.bias,model.visual.blocks.N.mlp.linear_fc2.bias,vision,,BF16,"(1152,)",1152
model.visual.blocks.16.mlp.linear_fc2.weight,model.visual.blocks.N.mlp.linear_fc2.weight,vision,,BF16,"(1152, 4304)",4958208
model.visual.blocks.16.norm1.bias,model.visual.blocks.N.norm1.bias,vision,,BF16,"(1152,)",1152
model.visual.blocks.16.norm1.weight,model.visual.blocks.N.norm1.weight,vision,,BF16,"(1152,)",1152
model.visual.blocks.16.norm2.bias,model.visual.blocks.N.norm2.bias,vision,,BF16,"(1152,)",1152
model.visual.blocks.16.norm2.weight,model.visual.blocks.N.norm2.weight,vision,,BF16,"(1152,)",1152
model.visual.blocks.17.attn.proj.bias,model.visual.blocks.N.attn.proj.bias,vision,,BF16,"(1152,)",1152
model.visual.blocks.17.attn.proj.weight,model.visual.blocks.N.attn.proj.weight,vision,,BF16,"(1152, 1152)",1327104
model.visual.blocks.17.attn.qkv.bias,model.visual.blocks.N.attn.qkv.bias,vision,,BF16,"(3456,)",3456
model.visual.blocks.17.attn.qkv.weight,model.visual.blocks.N.attn.qkv.weight,vision,,BF16,"(3456, 1152)",3981312
model.visual.blocks.17.mlp.linear_fc1.bias,model.visual.blocks.N.mlp.linear_fc1.bias,vision,,BF16,"(4304,)",4304
model.visual.blocks.17.mlp.linear_fc1.weight,model.visual.blocks.N.mlp.linear_fc1.weight,vision,,BF16,"(4304, 1152)",4958208
model.visual.blocks.17.mlp.linear_fc2.bias,model.visual.blocks.N.mlp.linear_fc2.bias,vision,,BF16,"(1152,)",1152
model.visual.blocks.17.mlp.linear_fc2.weight,model.visual.blocks.N.mlp.linear_fc2.weight,vision,,BF16,"(1152, 4304)",4958208
model.visual.blocks.17.norm1.bias,model.visual.blocks.N.norm1.bias,vision,,BF16,"(1152,)",1152
model.visual.blocks.17.norm1.weight,model.visual.blocks.N.norm1.weight,vision,,BF16,"(1152,)",1152
model.visual.blocks.17.norm2.bias,model.visual.blocks.N.norm2.bias,vision,,BF16,"(1152,)",1152
model.visual.blocks.17.norm2.weight,model.visual.blocks.N.norm2.weight,vision,,BF16,"(1152,)",1152
model.visual.blocks.18.attn.proj.bias,model.visual.blocks.N.attn.proj.bias,vision,,BF16,"(1152,)",1152
model.visual.blocks.18.attn.proj.weight,model.visual.blocks.N.attn.proj.weight,vision,,BF16,"(1152, 1152)",1327104
model.visual.blocks.18.attn.qkv.bias,model.visual.blocks.N.attn.qkv.bias,vision,,BF16,"(3456,)",3456
model.visual.blocks.18.attn.qkv.weight,model.visual.blocks.N.attn.qkv.weight,vision,,BF16,"(3456, 1152)",3981312
model.visual.blocks.18.mlp.linear_fc1.bias,model.visual.blocks.N.mlp.linear_fc1.bias,vision,,BF16,"(4304,)",4304
model.visual.blocks.18.mlp.linear_fc1.weight,model.visual.blocks.N.mlp.linear_fc1.weight,vision,,BF16,"(4304, 1152)",4958208
model.visual.blocks.18.mlp.linear_fc2.bias,model.visual.blocks.N.mlp.linear_fc2.bias,vision,,BF16,"(1152,)",1152
model.visual.blocks.18.mlp.linear_fc2.weight,model.visual.blocks.N.mlp.linear_fc2.weight,vision,,BF16,"(1152, 4304)",4958208
model.visual.blocks.18.norm1.bias,model.visual.blocks.N.norm1.bias,vision,,BF16,"(1152,)",1152
model.visual.blocks.18.norm1.weight,model.visual.blocks.N.norm1.weight,vision,,BF16,"(1152,)",1152
model.visual.blocks.18.norm2.bias,model.visual.blocks.N.norm2.bias,vision,,BF16,"(1152,)",1152
model.visual.blocks.18.norm2.weight,model.visual.blocks.N.norm2.weight,vision,,BF16,"(1152,)",1152
model.visual.blocks.19.attn.proj.bias,model.visual.blocks.N.attn.proj.bias,vision,,BF16,"(1152,)",1152
model.visual.blocks.19.attn.proj.weight,model.visual.blocks.N.attn.proj.weight,vision,,BF16,"(1152, 1152)",1327104
model.visual.blocks.19.attn.qkv.bias,model.visual.blocks.N.attn.qkv.bias,vision,,BF16,"(3456,)",3456
model.visual.blocks.19.attn.qkv.weight,model.visual.blocks.N.attn.qkv.weight,vision,,BF16,"(3456, 1152)",3981312
model.visual.blocks.19.mlp.linear_fc1.bias,model.visual.blocks.N.mlp.linear_fc1.bias,vision,,BF16,"(4304,)",4304
model.visual.blocks.19.mlp.linear_fc1.weight,model.visual.blocks.N.mlp.linear_fc1.weight,vision,,BF16,"(4304, 1152)",4958208
model.visual.blocks.19.mlp.linear_fc2.bias,model.visual.blocks.N.mlp.linear_fc2.bias,vision,,BF16,"(1152,)",1152
model.visual.blocks.19.mlp.linear_fc2.weight,model.visual.blocks.N.mlp.linear_fc2.weight,vision,,BF16,"(1152, 4304)",4958208
model.visual.blocks.19.norm1.bias,model.visual.blocks.N.norm1.bias,vision,,BF16,"(1152,)",1152
model.visual.blocks.19.norm1.weight,model.visual.blocks.N.norm1.weight,vision,,BF16,"(1152,)",1152
model.visual.blocks.19.norm2.bias,model.visual.blocks.N.norm2.bias,vision,,BF16,"(1152,)",1152
model.visual.blocks.19.norm2.weight,model.visual.blocks.N.norm2.weight,vision,,BF16,"(1152,)",1152
model.visual.blocks.2.attn.proj.bias,model.visual.blocks.N.attn.proj.bias,vision,,BF16,"(1152,)",1152
model.visual.blocks.2.attn.proj.weight,model.visual.blocks.N.attn.proj.weight,vision,,BF16,"(1152, 1152)",1327104
model.visual.blocks.2.attn.qkv.bias,model.visual.blocks.N.attn.qkv.bias,vision,,BF16,"(3456,)",3456
model.visual.blocks.2.attn.qkv.weight,model.visual.blocks.N.attn.qkv.weight,vision,,BF16,"(3456, 1152)",3981312
model.visual.blocks.2.mlp.linear_fc1.bias,model.visual.blocks.N.mlp.linear_fc1.bias,vision,,BF16,"(4304,)",4304
model.visual.blocks.2.mlp.linear_fc1.weight,model.visual.blocks.N.mlp.linear_fc1.weight,vision,,BF16,"(4304, 1152)",4958208
model.visual.blocks.2.mlp.linear_fc2.bias,model.visual.blocks.N.mlp.linear_fc2.bias,vision,,BF16,"(1152,)",1152
model.visual.blocks.2.mlp.linear_fc2.weight,model.visual.blocks.N.mlp.linear_fc2.weight,vision,,BF16,"(1152, 4304)",4958208
model.visual.blocks.2.norm1.bias,model.visual.blocks.N.norm1.bias,vision,,BF16,"(1152,)",1152
model.visual.blocks.2.norm1.weight,model.visual.blocks.N.norm1.weight,vision,,BF16,"(1152,)",1152
model.visual.blocks.2.norm2.bias,model.visual.blocks.N.norm2.bias,vision,,BF16,"(1152,)",1152
model.visual.blocks.2.norm2.weight,model.visual.blocks.N.norm2.weight,vision,,BF16,"(1152,)",1152
model.visual.blocks.20.attn.proj.bias,model.visual.blocks.N.attn.proj.bias,vision,,BF16,"(1152,)",1152
model.visual.blocks.20.attn.proj.weight,model.visual.blocks.N.attn.proj.weight,vision,,BF16,"(1152, 1152)",1327104
model.visual.blocks.20.attn.qkv.bias,model.visual.blocks.N.attn.qkv.bias,vision,,BF16,"(3456,)",3456
model.visual.blocks.20.attn.qkv.weight,model.visual.blocks.N.attn.qkv.weight,vision,,BF16,"(3456, 1152)",3981312
model.visual.blocks.20.mlp.linear_fc1.bias,model.visual.blocks.N.mlp.linear_fc1.bias,vision,,BF16,"(4304,)",4304
model.visual.blocks.20.mlp.linear_fc1.weight,model.visual.blocks.N.mlp.linear_fc1.weight,vision,,BF16,"(4304, 1152)",4958208
model.visual.blocks.20.mlp.linear_fc2.bias,model.visual.blocks.N.mlp.linear_fc2.bias,vision,,BF16,"(1152,)",1152
model.visual.blocks.20.mlp.linear_fc2.weight,model.visual.blocks.N.mlp.linear_fc2.weight,vision,,BF16,"(1152, 4304)",4958208
model.visual.blocks.20.norm1.bias,model.visual.blocks.N.norm1.bias,vision,,BF16,"(1152,)",1152
model.visual.blocks.20.norm1.weight,model.visual.blocks.N.norm1.weight,vision,,BF16,"(1152,)",1152
model.visual.blocks.20.norm2.bias,model.visual.blocks.N.norm2.bias,vision,,BF16,"(1152,)",1152
model.visual.blocks.20.norm2.weight,model.visual.blocks.N.norm2.weight,vision,,BF16,"(1152,)",1152
model.visual.blocks.21.attn.proj.bias,model.visual.blocks.N.attn.proj.bias,vision,,BF16,"(1152,)",1152
model.visual.blocks.21.attn.proj.weight,model.visual.blocks.N.attn.proj.weight,vision,,BF16,"(1152, 1152)",1327104
model.visual.blocks.21.attn.qkv.bias,model.visual.blocks.N.attn.qkv.bias,vision,,BF16,"(3456,)",3456
model.visual.blocks.21.attn.qkv.weight,model.visual.blocks.N.attn.qkv.weight,vision,,BF16,"(3456, 1152)",3981312
model.visual.blocks.21.mlp.linear_fc1.bias,model.visual.blocks.N.mlp.linear_fc1.bias,vision,,BF16,"(4304,)",4304
model.visual.blocks.21.mlp.linear_fc1.weight,model.visual.blocks.N.mlp.linear_fc1.weight,vision,,BF16,"(4304, 1152)",4958208
model.visual.blocks.21.mlp.linear_fc2.bias,model.visual.blocks.N.mlp.linear_fc2.bias,vision,,BF16,"(1152,)",1152
model.visual.blocks.21.mlp.linear_fc2.weight,model.visual.blocks.N.mlp.linear_fc2.weight,vision,,BF16,"(1152, 4304)",4958208
model.visual.blocks.21.norm1.bias,model.visual.blocks.N.norm1.bias,vision,,BF16,"(1152,)",1152
model.visual.blocks.21.norm1.weight,model.visual.blocks.N.norm1.weight,vision,,BF16,"(1152,)",1152
model.visual.blocks.21.norm2.bias,model.visual.blocks.N.norm2.bias,vision,,BF16,"(1152,)",1152
model.visual.blocks.21.norm2.weight,model.visual.blocks.N.norm2.weight,vision,,BF16,"(1152,)",1152
model.visual.blocks.22.attn.proj.bias,model.visual.blocks.N.attn.proj.bias,vision,,BF16,"(1152,)",1152
model.visual.blocks.22.attn.proj.weight,model.visual.blocks.N.attn.proj.weight,vision,,BF16,"(1152, 1152)",1327104
model.visual.blocks.22.attn.qkv.bias,model.visual.blocks.N.attn.qkv.bias,vision,,BF16,"(3456,)",3456
model.visual.blocks.22.attn.qkv.weight,model.visual.blocks.N.attn.qkv.weight,vision,,BF16,"(3456, 1152)",3981312
model.visual.blocks.22.mlp.linear_fc1.bias,model.visual.blocks.N.mlp.linear_fc1.bias,vision,,BF16,"(4304,)",4304
model.visual.blocks.22.mlp.linear_fc1.weight,model.visual.blocks.N.mlp.linear_fc1.weight,vision,,BF16,"(4304, 1152)",4958208
model.visual.blocks.22.mlp.linear_fc2.bias,model.visual.blocks.N.mlp.linear_fc2.bias,vision,,BF16,"(1152,)",1152
model.visual.blocks.22.mlp.linear_fc2.weight,model.visual.blocks.N.mlp.linear_fc2.weight,vision,,BF16,"(1152, 4304)",4958208
model.visual.blocks.22.norm1.bias,model.visual.blocks.N.norm1.bias,vision,,BF16,"(1152,)",1152
model.visual.blocks.22.norm1.weight,model.visual.blocks.N.norm1.weight,vision,,BF16,"(1152,)",1152
model.visual.blocks.22.norm2.bias,model.visual.blocks.N.norm2.bias,vision,,BF16,"(1152,)",1152
model.visual.blocks.22.norm2.weight,model.visual.blocks.N.norm2.weight,vision,,BF16,"(1152,)",1152
model.visual.blocks.23.attn.proj.bias,model.visual.blocks.N.attn.proj.bias,vision,,BF16,"(1152,)",1152
model.visual.blocks.23.attn.proj.weight,model.visual.blocks.N.attn.proj.weight,vision,,BF16,"(1152, 1152)",1327104
model.visual.blocks.23.attn.qkv.bias,model.visual.blocks.N.attn.qkv.bias,vision,,BF16,"(3456,)",3456
model.visual.blocks.23.attn.qkv.weight,model.visual.blocks.N.attn.qkv.weight,vision,,BF16,"(3456, 1152)",3981312
model.visual.blocks.23.mlp.linear_fc1.bias,model.visual.blocks.N.mlp.linear_fc1.bias,vision,,BF16,"(4304,)",4304
model.visual.blocks.23.mlp.linear_fc1.weight,model.visual.blocks.N.mlp.linear_fc1.weight,vision,,BF16,"(4304, 1152)",4958208
model.visual.blocks.23.mlp.linear_fc2.bias,model.visual.blocks.N.mlp.linear_fc2.bias,vision,,BF16,"(1152,)",1152
model.visual.blocks.23.mlp.linear_fc2.weight,model.visual.blocks.N.mlp.linear_fc2.weight,vision,,BF16,"(1152, 4304)",4958208
model.visual.blocks.23.norm1.bias,model.visual.blocks.N.norm1.bias,vision,,BF16,"(1152,)",1152
model.visual.blocks.23.norm1.weight,model.visual.blocks.N.norm1.weight,vision,,BF16,"(1152,)",1152
model.visual.blocks.23.norm2.bias,model.visual.blocks.N.norm2.bias,vision,,BF16,"(1152,)",1152
model.visual.blocks.23.norm2.weight,model.visual.blocks.N.norm2.weight,vision,,BF16,"(1152,)",1152
model.visual.blocks.24.attn.proj.bias,model.visual.blocks.N.attn.proj.bias,vision,,BF16,"(1152,)",1152
model.visual.blocks.24.attn.proj.weight,model.visual.blocks.N.attn.proj.weight,vision,,BF16,"(1152, 1152)",1327104
model.visual.blocks.24.attn.qkv.bias,model.visual.blocks.N.attn.qkv.bias,vision,,BF16,"(3456,)",3456
model.visual.blocks.24.attn.qkv.weight,model.visual.blocks.N.attn.qkv.weight,vision,,BF16,"(3456, 1152)",3981312
model.visual.blocks.24.mlp.linear_fc1.bias,model.visual.blocks.N.mlp.linear_fc1.bias,vision,,BF16,"(4304,)",4304
model.visual.blocks.24.mlp.linear_fc1.weight,model.visual.blocks.N.mlp.linear_fc1.weight,vision,,BF16,"(4304, 1152)",4958208
model.visual.blocks.24.mlp.linear_fc2.bias,model.visual.blocks.N.mlp.linear_fc2.bias,vision,,BF16,"(1152,)",1152
model.visual.blocks.24.mlp.linear_fc2.weight,model.visual.blocks.N.mlp.linear_fc2.weight,vision,,BF16,"(1152, 4304)",4958208
model.visual.blocks.24.norm1.bias,model.visual.blocks.N.norm1.bias,vision,,BF16,"(1152,)",1152
model.visual.blocks.24.norm1.weight,model.visual.blocks.N.norm1.weight,vision,,BF16,"(1152,)",1152
model.visual.blocks.24.norm2.bias,model.visual.blocks.N.norm2.bias,vision,,BF16,"(1152,)",1152
model.visual.blocks.24.norm2.weight,model.visual.blocks.N.norm2.weight,vision,,BF16,"(1152,)",1152
model.visual.blocks.25.attn.proj.bias,model.visual.blocks.N.attn.proj.bias,vision,,BF16,"(1152,)",1152
model.visual.blocks.25.attn.proj.weight,model.visual.blocks.N.attn.proj.weight,vision,,BF16,"(1152, 1152)",1327104
model.visual.blocks.25.attn.qkv.bias,model.visual.blocks.N.attn.qkv.bias,vision,,BF16,"(3456,)",3456
model.visual.blocks.25.attn.qkv.weight,model.visual.blocks.N.attn.qkv.weight,vision,,BF16,"(3456, 1152)",3981312
model.visual.blocks.25.mlp.linear_fc1.bias,model.visual.blocks.N.mlp.linear_fc1.bias,vision,,BF16,"(4304,)",4304
model.visual.blocks.25.mlp.linear_fc1.weight,model.visual.blocks.N.mlp.linear_fc1.weight,vision,,BF16,"(4304, 1152)",4958208
model.visual.blocks.25.mlp.linear_fc2.bias,model.visual.blocks.N.mlp.linear_fc2.bias,vision,,BF16,"(1152,)",1152
model.visual.blocks.25.mlp.linear_fc2.weight,model.visual.blocks.N.mlp.linear_fc2.weight,vision,,BF16,"(1152, 4304)",4958208
model.visual.blocks.25.norm1.bias,model.visual.blocks.N.norm1.bias,vision,,BF16,"(1152,)",1152
model.visual.blocks.25.norm1.weight,model.visual.blocks.N.norm1.weight,vision,,BF16,"(1152,)",1152
model.visual.blocks.25.norm2.bias,model.visual.blocks.N.norm2.bias,vision,,BF16,"(1152,)",1152
model.visual.blocks.25.norm2.weight,model.visual.blocks.N.norm2.weight,vision,,BF16,"(1152,)",1152
model.visual.blocks.26.attn.proj.bias,model.visual.blocks.N.attn.proj.bias,vision,,BF16,"(1152,)",1152
model.visual.blocks.26.attn.proj.weight,model.visual.blocks.N.attn.proj.weight,vision,,BF16,"(1152, 1152)",1327104
model.visual.blocks.26.attn.qkv.bias,model.visual.blocks.N.attn.qkv.bias,vision,,BF16,"(3456,)",3456
model.visual.blocks.26.attn.qkv.weight,model.visual.blocks.N.attn.qkv.weight,vision,,BF16,"(3456, 1152)",3981312
model.visual.blocks.26.mlp.linear_fc1.bias,model.visual.blocks.N.mlp.linear_fc1.bias,vision,,BF16,"(4304,)",4304
model.visual.blocks.26.mlp.linear_fc1.weight,model.visual.blocks.N.mlp.linear_fc1.weight,vision,,BF16,"(4304, 1152)",4958208
model.visual.blocks.26.mlp.linear_fc2.bias,model.visual.blocks.N.mlp.linear_fc2.bias,vision,,BF16,"(1152,)",1152
model.visual.blocks.26.mlp.linear_fc2.weight,model.visual.blocks.N.mlp.linear_fc2.weight,vision,,BF16,"(1152, 4304)",4958208
model.visual.blocks.26.norm1.bias,model.visual.blocks.N.norm1.bias,vision,,BF16,"(1152,)",1152
model.visual.blocks.26.norm1.weight,model.visual.blocks.N.norm1.weight,vision,,BF16,"(1152,)",1152
model.visual.blocks.26.norm2.bias,model.visual.blocks.N.norm2.bias,vision,,BF16,"(1152,)",1152
model.visual.blocks.26.norm2.weight,model.visual.blocks.N.norm2.weight,vision,,BF16,"(1152,)",1152
model.visual.blocks.3.attn.proj.bias,model.visual.blocks.N.attn.proj.bias,vision,,BF16,"(1152,)",1152
model.visual.blocks.3.attn.proj.weight,model.visual.blocks.N.attn.proj.weight,vision,,BF16,"(1152, 1152)",1327104
model.visual.blocks.3.attn.qkv.bias,model.visual.blocks.N.attn.qkv.bias,vision,,BF16,"(3456,)",3456
model.visual.blocks.3.attn.qkv.weight,model.visual.blocks.N.attn.qkv.weight,vision,,BF16,"(3456, 1152)",3981312
model.visual.blocks.3.mlp.linear_fc1.bias,model.visual.blocks.N.mlp.linear_fc1.bias,vision,,BF16,"(4304,)",4304
model.visual.blocks.3.mlp.linear_fc1.weight,model.visual.blocks.N.mlp.linear_fc1.weight,vision,,BF16,"(4304, 1152)",4958208
model.visual.blocks.3.mlp.linear_fc2.bias,model.visual.blocks.N.mlp.linear_fc2.bias,vision,,BF16,"(1152,)",1152
model.visual.blocks.3.mlp.linear_fc2.weight,model.visual.blocks.N.mlp.linear_fc2.weight,vision,,BF16,"(1152, 4304)",4958208
model.visual.blocks.3.norm1.bias,model.visual.blocks.N.norm1.bias,vision,,BF16,"(1152,)",1152
model.visual.blocks.3.norm1.weight,model.visual.blocks.N.norm1.weight,vision,,BF16,"(1152,)",1152
model.visual.blocks.3.norm2.bias,model.visual.blocks.N.norm2.bias,vision,,BF16,"(1152,)",1152
model.visual.blocks.3.norm2.weight,model.visual.blocks.N.norm2.weight,vision,,BF16,"(1152,)",1152
model.visual.blocks.4.attn.proj.bias,model.visual.blocks.N.attn.proj.bias,vision,,BF16,"(1152,)",1152
model.visual.blocks.4.attn.proj.weight,model.visual.blocks.N.attn.proj.weight,vision,,BF16,"(1152, 1152)",1327104
model.visual.blocks.4.attn.qkv.bias,model.visual.blocks.N.attn.qkv.bias,vision,,BF16,"(3456,)",3456
model.visual.blocks.4.attn.qkv.weight,model.visual.blocks.N.attn.qkv.weight,vision,,BF16,"(3456, 1152)",3981312
model.visual.blocks.4.mlp.linear_fc1.bias,model.visual.blocks.N.mlp.linear_fc1.bias,vision,,BF16,"(4304,)",4304
model.visual.blocks.4.mlp.linear_fc1.weight,model.visual.blocks.N.mlp.linear_fc1.weight,vision,,BF16,"(4304, 1152)",4958208
model.visual.blocks.4.mlp.linear_fc2.bias,model.visual.blocks.N.mlp.linear_fc2.bias,vision,,BF16,"(1152,)",1152
model.visual.blocks.4.mlp.linear_fc2.weight,model.visual.blocks.N.mlp.linear_fc2.weight,vision,,BF16,"(1152, 4304)",4958208
model.visual.blocks.4.norm1.bias,model.visual.blocks.N.norm1.bias,vision,,BF16,"(1152,)",1152
model.visual.blocks.4.norm1.weight,model.visual.blocks.N.norm1.weight,vision,,BF16,"(1152,)",1152
model.visual.blocks.4.norm2.bias,model.visual.blocks.N.norm2.bias,vision,,BF16,"(1152,)",1152
model.visual.blocks.4.norm2.weight,model.visual.blocks.N.norm2.weight,vision,,BF16,"(1152,)",1152
model.visual.blocks.5.attn.proj.bias,model.visual.blocks.N.attn.proj.bias,vision,,BF16,"(1152,)",1152
model.visual.blocks.5.attn.proj.weight,model.visual.blocks.N.attn.proj.weight,vision,,BF16,"(1152, 1152)",1327104
model.visual.blocks.5.attn.qkv.bias,model.visual.blocks.N.attn.qkv.bias,vision,,BF16,"(3456,)",3456
model.visual.blocks.5.attn.qkv.weight,model.visual.blocks.N.attn.qkv.weight,vision,,BF16,"(3456, 1152)",3981312
model.visual.blocks.5.mlp.linear_fc1.bias,model.visual.blocks.N.mlp.linear_fc1.bias,vision,,BF16,"(4304,)",4304
model.visual.blocks.5.mlp.linear_fc1.weight,model.visual.blocks.N.mlp.linear_fc1.weight,vision,,BF16,"(4304, 1152)",4958208
model.visual.blocks.5.mlp.linear_fc2.bias,model.visual.blocks.N.mlp.linear_fc2.bias,vision,,BF16,"(1152,)",1152
model.visual.blocks.5.mlp.linear_fc2.weight,model.visual.blocks.N.mlp.linear_fc2.weight,vision,,BF16,"(1152, 4304)",4958208
model.visual.blocks.5.norm1.bias,model.visual.blocks.N.norm1.bias,vision,,BF16,"(1152,)",1152
model.visual.blocks.5.norm1.weight,model.visual.blocks.N.norm1.weight,vision,,BF16,"(1152,)",1152
model.visual.blocks.5.norm2.bias,model.visual.blocks.N.norm2.bias,vision,,BF16,"(1152,)",1152
model.visual.blocks.5.norm2.weight,model.visual.blocks.N.norm2.weight,vision,,BF16,"(1152,)",1152
model.visual.blocks.6.attn.proj.bias,model.visual.blocks.N.attn.proj.bias,vision,,BF16,"(1152,)",1152
model.visual.blocks.6.attn.proj.weight,model.visual.blocks.N.attn.proj.weight,vision,,BF16,"(1152, 1152)",1327104
model.visual.blocks.6.attn.qkv.bias,model.visual.blocks.N.attn.qkv.bias,vision,,BF16,"(3456,)",3456
model.visual.blocks.6.attn.qkv.weight,model.visual.blocks.N.attn.qkv.weight,vision,,BF16,"(3456, 1152)",3981312
model.visual.blocks.6.mlp.linear_fc1.bias,model.visual.blocks.N.mlp.linear_fc1.bias,vision,,BF16,"(4304,)",4304
model.visual.blocks.6.mlp.linear_fc1.weight,model.visual.blocks.N.mlp.linear_fc1.weight,vision,,BF16,"(4304, 1152)",4958208
model.visual.blocks.6.mlp.linear_fc2.bias,model.visual.blocks.N.mlp.linear_fc2.bias,vision,,BF16,"(1152,)",1152
model.visual.blocks.6.mlp.linear_fc2.weight,model.visual.blocks.N.mlp.linear_fc2.weight,vision,,BF16,"(1152, 4304)",4958208
model.visual.blocks.6.norm1.bias,model.visual.blocks.N.norm1.bias,vision,,BF16,"(1152,)",1152
model.visual.blocks.6.norm1.weight,model.visual.blocks.N.norm1.weight,vision,,BF16,"(1152,)",1152
model.visual.blocks.6.norm2.bias,model.visual.blocks.N.norm2.bias,vision,,BF16,"(1152,)",1152
model.visual.blocks.6.norm2.weight,model.visual.blocks.N.norm2.weight,vision,,BF16,"(1152,)",1152
model.visual.blocks.7.attn.proj.bias,model.visual.blocks.N.attn.proj.bias,vision,,BF16,"(1152,)",1152
model.visual.blocks.7.attn.proj.weight,model.visual.blocks.N.attn.proj.weight,vision,,BF16,"(1152, 1152)",1327104
model.visual.blocks.7.attn.qkv.bias,model.visual.blocks.N.attn.qkv.bias,vision,,BF16,"(3456,)",3456
model.visual.blocks.7.attn.qkv.weight,model.visual.blocks.N.attn.qkv.weight,vision,,BF16,"(3456, 1152)",3981312
model.visual.blocks.7.mlp.linear_fc1.bias,model.visual.blocks.N.mlp.linear_fc1.bias,vision,,BF16,"(4304,)",4304
model.visual.blocks.7.mlp.linear_fc1.weight,model.visual.blocks.N.mlp.linear_fc1.weight,vision,,BF16,"(4304, 1152)",4958208
model.visual.blocks.7.mlp.linear_fc2.bias,model.visual.blocks.N.mlp.linear_fc2.bias,vision,,BF16,"(1152,)",1152
model.visual.blocks.7.mlp.linear_fc2.weight,model.visual.blocks.N.mlp.linear_fc2.weight,vision,,BF16,"(1152, 4304)",4958208
model.visual.blocks.7.norm1.bias,model.visual.blocks.N.norm1.bias,vision,,BF16,"(1152,)",1152
model.visual.blocks.7.norm1.weight,model.visual.blocks.N.norm1.weight,vision,,BF16,"(1152,)",1152
model.visual.blocks.7.norm2.bias,model.visual.blocks.N.norm2.bias,vision,,BF16,"(1152,)",1152
model.visual.blocks.7.norm2.weight,model.visual.blocks.N.norm2.weight,vision,,BF16,"(1152,)",1152
model.visual.blocks.8.attn.proj.bias,model.visual.blocks.N.attn.proj.bias,vision,,BF16,"(1152,)",1152
model.visual.blocks.8.attn.proj.weight,model.visual.blocks.N.attn.proj.weight,vision,,BF16,"(1152, 1152)",1327104
model.visual.blocks.8.attn.qkv.bias,model.visual.blocks.N.attn.qkv.bias,vision,,BF16,"(3456,)",3456
model.visual.blocks.8.attn.qkv.weight,model.visual.blocks.N.attn.qkv.weight,vision,,BF16,"(3456, 1152)",3981312
model.visual.blocks.8.mlp.linear_fc1.bias,model.visual.blocks.N.mlp.linear_fc1.bias,vision,,BF16,"(4304,)",4304
model.visual.blocks.8.mlp.linear_fc1.weight,model.visual.blocks.N.mlp.linear_fc1.weight,vision,,BF16,"(4304, 1152)",4958208
model.visual.blocks.8.mlp.linear_fc2.bias,model.visual.blocks.N.mlp.linear_fc2.bias,vision,,BF16,"(1152,)",1152
model.visual.blocks.8.mlp.linear_fc2.weight,model.visual.blocks.N.mlp.linear_fc2.weight,vision,,BF16,"(1152, 4304)",4958208
model.visual.blocks.8.norm1.bias,model.visual.blocks.N.norm1.bias,vision,,BF16,"(1152,)",1152
model.visual.blocks.8.norm1.weight,model.visual.blocks.N.norm1.weight,vision,,BF16,"(1152,)",1152
model.visual.blocks.8.norm2.bias,model.visual.blocks.N.norm2.bias,vision,,BF16,"(1152,)",1152
model.visual.blocks.8.norm2.weight,model.visual.blocks.N.norm2.weight,vision,,BF16,"(1152,)",1152
model.visual.blocks.9.attn.proj.bias,model.visual.blocks.N.attn.proj.bias,vision,,BF16,"(1152,)",1152
model.visual.blocks.9.attn.proj.weight,model.visual.blocks.N.attn.proj.weight,vision,,BF16,"(1152, 1152)",1327104
model.visual.blocks.9.attn.qkv.bias,model.visual.blocks.N.attn.qkv.bias,vision,,BF16,"(3456,)",3456
model.visual.blocks.9.attn.qkv.weight,model.visual.blocks.N.attn.qkv.weight,vision,,BF16,"(3456, 1152)",3981312
model.visual.blocks.9.mlp.linear_fc1.bias,model.visual.blocks.N.mlp.linear_fc1.bias,vision,,BF16,"(4304,)",4304
model.visual.blocks.9.mlp.linear_fc1.weight,model.visual.blocks.N.mlp.linear_fc1.weight,vision,,BF16,"(4304, 1152)",4958208
model.visual.blocks.9.mlp.linear_fc2.bias,model.visual.blocks.N.mlp.linear_fc2.bias,vision,,BF16,"(1152,)",1152
model.visual.blocks.9.mlp.linear_fc2.weight,model.visual.blocks.N.mlp.linear_fc2.weight,vision,,BF16,"(1152, 4304)",4958208
model.visual.blocks.9.norm1.bias,model.visual.blocks.N.norm1.bias,vision,,BF16,"(1152,)",1152
model.visual.blocks.9.norm1.weight,model.visual.blocks.N.norm1.weight,vision,,BF16,"(1152,)",1152
model.visual.blocks.9.norm2.bias,model.visual.blocks.N.norm2.bias,vision,,BF16,"(1152,)",1152
model.visual.blocks.9.norm2.weight,model.visual.blocks.N.norm2.weight,vision,,BF16,"(1152,)",1152
model.visual.merger.linear_fc1.bias,model.visual.merger.linear_fc1.bias,vision,,BF16,"(4608,)",4608
model.visual.merger.linear_fc1.weight,model.visual.merger.linear_fc1.weight,vision,,BF16,"(4608, 4608)",21233664
model.visual.merger.linear_fc2.bias,model.visual.merger.linear_fc2.bias,vision,,BF16,"(4096,)",4096
model.visual.merger.linear_fc2.weight,model.visual.merger.linear_fc2.weight,vision,,BF16,"(4096, 4608)",18874368
model.visual.merger.norm.bias,model.visual.merger.norm.bias,vision,,BF16,"(1152,)",1152
model.visual.merger.norm.weight,model.visual.merger.norm.weight,vision,,BF16,"(1152,)",1152
model.visual.patch_embed.proj.bias,model.visual.patch_embed.proj.bias,vision,,BF16,"(1152,)",1152
model.visual.patch_embed.proj.weight,model.visual.patch_embed.proj.weight,vision,,BF16,"(1152, 3, 2, 16, 16)",1769472
model.visual.pos_embed.weight,model.visual.pos_embed.weight,vision,,BF16,"(2304, 1152)",2654208
mtp.fc.weight,mtp.fc.weight,language model,,BF16,"(4096, 8192)",33554432
mtp.layers.0.input_layernorm.weight,mtp.layers.N.input_layernorm.weight,language model,0.0,BF16,"(4096,)",4096
mtp.layers.0.mlp.down_proj.weight,mtp.layers.N.mlp.down_proj.weight,language model,0.0,BF16,"(4096, 12288)",50331648
mtp.layers.0.mlp.gate_proj.weight,mtp.layers.N.mlp.gate_proj.weight,language model,0.0,BF16,"(12288, 4096)",50331648
mtp.layers.0.mlp.up_proj.weight,mtp.layers.N.mlp.up_proj.weight,language model,0.0,BF16,"(12288, 4096)",50331648
mtp.layers.0.post_attention_layernorm.weight,mtp.layers.N.post_attention_layernorm.weight,language model,0.0,BF16,"(4096,)",4096
mtp.layers.0.self_attn.k_norm.weight,mtp.layers.N.self_attn.k_norm.weight,language model,0.0,BF16,"(256,)",256
mtp.layers.0.self_attn.k_proj.weight,mtp.layers.N.self_attn.k_proj.weight,language model,0.0,BF16,"(1024, 4096)",4194304
mtp.layers.0.self_attn.o_proj.weight,mtp.layers.N.self_attn.o_proj.weight,language model,0.0,BF16,"(4096, 4096)",16777216
mtp.layers.0.self_attn.q_norm.weight,mtp.layers.N.self_attn.q_norm.weight,language model,0.0,BF16,"(256,)",256
mtp.layers.0.self_attn.q_proj.weight,mtp.layers.N.self_attn.q_proj.weight,language model,0.0,BF16,"(8192, 4096)",33554432
mtp.layers.0.self_attn.v_proj.weight,mtp.layers.N.self_attn.v_proj.weight,language model,0.0,BF16,"(1024, 4096)",4194304
mtp.norm.weight,mtp.norm.weight,language model,,BF16,"(4096,)",4096
mtp.pre_fc_norm_embedding.weight,mtp.pre_fc_norm_embedding.weight,language model,,BF16,"(4096,)",4096
mtp.pre_fc_norm_hidden.weight,mtp.pre_fc_norm_hidden.weight,language model,,BF16,"(4096,)",4096
